date,temperature_2m_mean,temperature_2m_min,temperature_2m_max,wind_speed_10m_mean,wind_speed_10m_max,precipitation_sum,snowfall_sum,relative_humidity_2m_mean,surface_pressure_mean,blh_min_m,blh_mean_m,diurnal_range,heating_degree_days,ventilation_index,wind_dir_sin,wind_dir_cos,doy_sin,doy_cos,is_heating_season,is_weekend,trend_days,pm2_5,ctx_pm10,ctx_nitrogen_dioxide,ctx_sulphur_dioxide,ctx_carbon_monoxide,ctx_ozone,ctx_vz_day
2022-08-04,20.5,16.7,25.0,21.4,32.6,4.3,0.0,55,951.5,485.0,890.0,8.3,0.0,19046.0,0.9702957262759965,0.24192189559966767,-0.5431052396834317,-0.8396646346181327,0,0,0,2.39,3.48,2.47,8.98,114.05,63.16,0
2022-08-05,20.1,13.8,25.7,20.8,25.1,0.0,0.0,44,952.6,310.0,1184.0,11.899999999999999,0.0,24627.2,0.8660254037844386,0.5000000000000001,-0.5574684374327892,-0.8301981337405212,0,0,1,2.48,3.63,2.8,9.86,112.21,66.92,0
2022-08-06,20.2,13.4,25.8,20.9,27.1,0.0,0.0,43,951.8,275.0,1117.0,12.4,0.0,23345.3,0.8290375725550417,0.5591929034707468,-0.5716666713027055,-0.8204859638785325,0,1,2,2.02,2.95,2.71,10.1,113.67,68.42,0
2022-08-07,21.1,14.4,26.1,14.4,20.0,0.0,0.0,44,949.0,145.0,1161.0,11.700000000000001,0.0,16718.4,0.7071067811865475,0.7071067811865476,-0.5856957398073511,-0.8105309990194821,0,1,3,6.37,9.17,4.27,15.6,128.58,71.38,0
2022-08-08,18.9,14.8,23.1,14.3,24.2,0.4,0.0,63,946.8,235.0,657.0,8.3,0.0,9395.1,0.5299192642332049,0.848048096156426,-0.5995514915196486,-0.8003361849976326,0,0,4,16.73,23.96,4.99,23.34,182.17,67.17,0
2022-08-09,17.7,13.4,21.9,15.1,20.8,8.6,0.0,73,945.8,150.0,644.0,8.499999999999998,0.3000000000000007,9724.4,0.7071067811865475,0.7071067811865476,-0.6132298262997502,-0.7899045386224707,0,0,5,15.07,21.58,5.66,15.61,210.96,70.21,0
2022-08-10,16.8,14.2,21.4,15.1,22.5,8.6,0.0,82,946.3,335.0,582.0,7.199999999999999,1.1999999999999993,8788.199999999999,0.6560590289905073,0.754709580222772,-0.6267266965083305,-0.7792391467859883,0,0,6,13.46,19.24,7.95,8.42,188.29,67.25,0
2022-08-11,17.2,13.5,21.6,13.1,21.0,2.8,0.0,80,948.3,275.0,682.0,8.100000000000001,0.8000000000000007,8934.199999999999,0.08715574274765817,0.9961946980917455,-0.6400381082043503,-0.7683431655492202,0,0,7,6.83,9.79,6.49,5.66,144.54,59.88,0
2022-08-12,19.0,13.9,24.1,9.7,15.1,0.9,0.0,77,951.3,15.0,623.0,10.200000000000001,0.0,6043.099999999999,0.12186934340514748,0.992546151641322,-0.6531601223269297,-0.757219819208313,0,0,8,7.72,11.1,6.52,12.56,144.88,56.38,0
2022-08-13,18.8,15.0,24.1,10.6,15.8,0.1,0.0,70,951.7,20.0,622.0,9.100000000000001,0.0,6593.2,-0.40673664307580015,0.9135454576426009,-0.6660888558609774,-0.7458723993404061,0,1,9,12.4,17.74,8.66,22.23,194.21,59.58,0
2022-08-14,20.0,12.4,26.0,10.5,23.0,0.0,0.0,58,951.4,20.0,891.0,13.6,0.0,9355.5,-0.19080899537654467,0.981627183447664,-0.6788204829862357,-0.734304263829602,0,1,10,5.18,7.5,17.11,28.18,195.17,54.21,0
2022-08-15,17.4,12.7,21.7,18.1,21.6,0.0,0.0,51,952.9,280.0,932.0,9.0,0.6000000000000014,16869.2,0.6946583704589973,0.7193398003386512,-0.6913512362094071,-0.722518835873311,0,0,11,2.62,3.84,3.24,14.97,112.67,52.67,0
2022-08-16,15.3,9.9,19.7,11.6,16.9,0.0,0.0,52,955.0,65.0,1023.0,9.799999999999999,2.6999999999999993,11866.8,0.3090169943749474,0.9510565162951535,-0.7036774074790131,-0.7105196029692742,0,0,12,3.66,5.3,4.18,14.62,121.58,48.46,0
2022-08-17,15.2,7.8,21.9,12.8,21.9,0.0,0.0,56,953.7,30.0,914.0,14.099999999999998,2.8000000000000007,11699.2,-0.6156614753256582,0.7880107536067221,-0.7157953492826645,-0.6983101158835581,0,0,13,7.23,10.48,7.13,26.95,128.88,47.71,0
2022-08-18,13.2,8.8,17.3,12.1,18.1,0.1,0.0,62,953.0,15.0,932.0,8.5,4.800000000000001,11277.199999999999,0.03489949670250097,0.9993908270190958,-0.7277014757264233,-0.6858939875998227,0,0,14,4.88,7.04,3.41,14.96,118.54,48.33,0
2022-08-19,10.9,6.3,14.3,13.6,19.2,0.0,0.0,61,956.5,135.0,959.0,8.0,7.1,13042.4,0.1908089953765448,0.981627183447664,-0.7393922635959241,-0.673274892250183,0,0,15,2.99,4.3,2.48,9.25,94.46,44.38,0
2022-08-20,11.9,8.6,15.5,8.4,14.6,0.9,0.0,59,957.1,50.0,689.0,6.9,6.1,5787.6,0.49999999999999994,0.8660254037844387,-0.7508642533989489,-0.6604565640279754,0,1,16,3.4,4.94,8.68,13.78,107.83,40.46,0
2022-08-21,13.0,6.2,18.9,6.7,10.4,0.0,0.0,63,958.1,55.0,790.0,12.7,5.0,5293.0,0.49999999999999994,0.8660254037844387,-0.7621140503891487,-0.6474427960827475,0,1,17,4.11,5.9,9.17,19.08,120.33,40.46,0
2022-08-22,13.8,7.2,19.9,12.5,22.5,0.0,0.0,66,957.1,65.0,661.0,12.7,4.199999999999999,8262.5,0.35836794954530027,0.9335804264972017,-0.7731383255706027,-0.6342374393978054,0,0,18,7.35,10.53,16.05,34.47,192.29,38.88,0
2022-08-23,13.6,11.1,17.6,21.9,26.4,0.0,0.0,66,958.9,480.0,922.0,6.500000000000002,4.4,20191.8,0.838670567945424,0.5446390350150271,-0.7839338166829206,-0.6208444016506462,0,0,19,3.82,5.83,7.12,21.52,106.62,47.88,0
2022-08-24,14.7,8.6,20.7,18.8,27.6,0.0,0.0,53,960.5,285.0,1057.0,12.1,3.3000000000000007,19871.600000000002,0.8829475928589269,0.46947156278589086,-0.7944973291665992,-0.6072676460566135,0,0,20,3.61,5.25,4.42,14.95,122.79,55.08,0
2022-08-25,16.2,9.4,22.4,13.3,18.3,0.0,0.0,54,958.2,85.0,801.0,12.999999999999998,1.8000000000000007,10653.300000000001,0.5446390350150271,0.838670567945424,-0.8048257371083452,-0.593511190196115,0,0,21,3.29,4.76,6.55,21.74,137.75,50.46,0
2022-08-26,17.8,10.9,24.7,7.6,13.1,0.0,0.0,54,956.4,10.0,807.0,13.799999999999999,0.1999999999999993,6133.2,-0.05233595624294437,0.9986295347545738,-0.8149159841660797,-0.5795791048257605,0,0,22,7.2,10.47,8.01,21.96,153.0,54.67,0
2022-08-27,19.8,11.6,26.6,9.9,16.0,0.1,0.0,56,956.1,15.0,798.0,15.000000000000002,0.0,7900.200000000001,-0.35836794954530077,0.9335804264972015,-0.8247650844733614,-0.5654755126737576,0,1,23,12.53,18.83,9.58,27.97,192.08,61.88,0
2022-08-28,18.5,13.9,23.1,17.3,20.4,0.0,0.0,54,958.6,300.0,738.0,9.200000000000001,0.0,12767.4,0.8290375725550417,0.5591929034707468,-0.8343701235229537,-0.5512045872199277,0,1,24,5.74,8.31,4.02,16.12,170.75,63.79,0
2022-08-29,17.4,9.7,24.5,11.0,16.3,0.0,0.0,41,958.1,95.0,549.0,14.8,0.6000000000000014,6039.0,0.9975640502598242,0.06975647374412523,-0.8437282590292712,-0.5367705514607103,0,0,25,2.55,3.66,6.37,20.01,131.46,50.67,0
2022-08-30,19.1,10.5,27.2,6.7,10.1,0.0,0.0,43,956.5,50.0,528.0,16.7,0.0,3537.6,0.9902680687415704,-0.13917310096006535,-0.8528367217694589,-0.5221776766595088,0,0,26,7.66,10.96,8.85,26.43,143.54,44.96,0
2022-08-31,20.4,11.4,28.3,7.9,13.9,0.0,0.0,38,953.6,20.0,814.0,16.9,0.0,6430.6,-0.8480480961564262,0.5299192642332047,-0.8616928164028521,-0.5074302810827518,0,0,27,8.96,12.85,9.32,32.23,149.04,57.25,0
2022-09-01,21.1,11.9,29.7,10.9,20.5,0.1,0.0,40,952.6,20.0,938.0,17.799999999999997,0.0,10224.2,-0.874619707139396,-0.48480962024633684,-0.8702939222685674,-0.49253272872205434,0,0,28,14.05,20.82,21.9,40.3,233.38,56.88,0
2022-09-02,23.4,13.9,31.2,8.8,13.4,0.0,0.0,39,957.0,10.0,907.0,17.299999999999997,0.0,7981.6,-0.9975640502598243,0.06975647374412522,-0.8786374941610001,-0.4774894280028391,0,0,29,14.68,22.29,17.9,36.89,193.71,59.08,0
2022-09-03,24.1,15.9,32.4,10.7,17.3,0.0,0.0,37,957.1,30.0,1107.0,16.5,0.0,11844.9,-0.7880107536067221,-0.6156614753256581,-0.886721063082993,-0.46230483047981086,0,1,30,15.24,22.65,30.25,39.19,230.42,49.46,0
2022-09-04,24.5,18.5,32.3,13.3,18.7,0.0,0.0,35,952.9,70.0,784.0,13.799999999999997,0.0,10427.2,-0.992546151641322,0.12186934340514768,-0.8945422369764496,-0.4469834295196742,0,1,31,12.3,20.93,11.47,24.51,167.25,60.04,0
2022-09-05,21.4,13.8,28.9,10.4,13.5,0.0,0.0,41,949.6,80.0,395.0,15.099999999999998,0.0,4108.0,0.9702957262759965,0.24192189559966767,-0.9020987014301841,-0.43152975897147067,0,0,32,8.9,14.13,11.15,39.43,161.04,64.83,0
2022-09-06,24.8,15.2,32.6,13.9,24.9,0.0,0.0,34,942.3,35.0,857.0,17.400000000000002,0.0,11912.300000000001,-0.34202014332566866,-0.9396926207859084,-0.9093882203647925,-0.4159483918249421,0,0,33,9.88,16.4,15.56,31.17,154.42,61.79,0
2022-09-07,18.7,13.3,23.3,21.7,33.2,0.0,0.0,37,945.9,185.0,1128.0,10.0,0.0,24477.6,-0.9961946980917455,-0.08715574274765825,-0.9164086366943458,-0.4002439388573056,0,0,34,4.97,7.58,4.35,12.3,140.21,73.33,0
2022-09-08,12.2,8.1,16.6,8.5,13.5,0.0,0.0,42,955.3,50.0,841.0,8.500000000000002,5.800000000000001,7148.5,-0.9781476007338056,0.20791169081775945,-0.9231578729647039,-0.38442104726885545,0,0,35,7.39,10.8,7.1,21.45,149.33,56.29,0
2022-09-09,13.1,4.9,19.6,10.3,16.9,0.0,0.0,43,956.5,15.0,876.0,14.700000000000001,4.9,9022.800000000001,-0.4067366430758002,-0.9135454576426009,-0.9296339319682695,-0.3684843993077793,0,0,36,8.67,12.52,13.04,41.53,157.67,53.29,0
2022-09-10,15.3,7.0,22.1,13.6,21.6,1.7,0.0,40,948.8,25.0,1075.0,15.100000000000001,2.6999999999999993,14620.0,0.45399049973954686,-0.8910065241883678,-0.9358348973349941,-0.35243871088460327,0,1,37,5.58,8.46,13.42,21.3,151.0,62.67,0
2022-09-11,11.6,8.1,14.5,23.5,35.7,6.1,0.0,73,940.4,70.0,903.0,6.4,6.4,21220.5,-0.8191520442889916,-0.5735764363510464,-0.9417589340994614,-0.3362887301766837,0,1,38,8.88,15.1,8.74,10.62,150.17,61.46,0
2022-09-12,9.9,6.2,13.8,14.5,20.3,0.5,0.0,63,954.8,60.0,978.0,7.6000000000000005,8.1,14181.0,-0.5735764363510465,0.8191520442889916,-0.9474042892438849,-0.32003923622313774,0,0,39,3.3,4.75,4.34,11.6,131.75,55.12,0
2022-09-13,9.3,2.2,13.6,7.1,17.9,0.0,0.0,55,960.7,45.0,731.0,11.399999999999999,8.7,5190.099999999999,0.992546151641322,0.12186934340514749,-0.9527692922168511,-0.30369503751065885,0,0,40,4.44,6.37,5.08,19.4,132.04,46.17,0
2022-09-14,9.5,4.5,14.1,13.3,18.1,0.1,0.0,55,961.8,115.0,840.0,9.6,8.5,11172.0,0.788010753606722,0.6156614753256583,-0.9578523554276669,-0.28726097055059635,0,0,41,2.72,3.93,4.97,21.68,128.5,46.96,0
2022-09-15,9.1,1.7,14.9,14.0,21.1,0.0,0.0,51,961.6,60.0,773.0,13.200000000000001,8.9,10822.0,0.9986295347545738,0.052335956242943966,-0.9626519747161489,-0.27074189844776336,0,0,42,4.1,5.92,7.2,26.08,139.83,47.75,0
2022-09-16,9.7,3.6,14.3,19.6,27.4,0.0,0.0,47,957.4,190.0,817.0,10.700000000000001,8.3,16013.2,0.992546151641322,0.12186934340514749,-0.9671667297977312,-0.2541427094613622,0,0,43,2.99,4.31,3.81,13.19,129.5,51.92,0
2022-09-17,10.2,3.7,16.4,17.2,22.8,0.0,0.0,46,956.8,220.0,735.0,12.7,7.800000000000001,12642.0,0.9993908270190958,0.03489949670250108,-0.97139528468375,-0.23746831555846842,0,1,44,2.84,4.07,2.56,8.21,125.17,56.38,0
2022-09-18,11.1,3.6,17.6,13.9,17.7,0.0,0.0,46,959.0,115.0,567.0,14.000000000000002,6.9,7881.3,0.9975640502598242,0.06975647374412523,-0.9753363880767839,-0.22072365096050134,0,1,45,3.53,5.05,3.49,11.22,135.12,56.58,0
2022-09-19,13.0,5.3,20.7,14.7,19.8,0.0,0.0,41,959.0,130.0,421.0,15.399999999999999,5.0,6188.7,0.984807753012208,0.17364817766693041,-0.9789888737409319,-0.20391367068311472,0,0,46,6.24,8.93,3.56,11.11,137.33,60.88,0
2022-09-20,13.9,4.4,21.7,13.7,17.6,0.0,0.0,36,958.5,80.0,384.0,17.299999999999997,4.1,5260.799999999999,0.9396926207859083,0.3420201433256688,-0.9823516608469235,-0.18704334906991746,0,0,47,5.92,8.48,3.63,9.52,138.62,64.29,0
2022-09-21,16.4,8.1,24.1,14.1,19.8,0.0,0.0,38,957.0,130.0,478.0,16.0,1.6000000000000014,6739.8,0.9702957262759965,0.24192189559966767,-0.9854237542919524,-0.17011767832049052,0,0,48,6.46,9.56,4.27,17.34,141.92,62.38,0
2022-09-22,18.4,9.6,25.8,11.2,18.2,0.0,0.0,51,956.0,65.0,494.0,16.200000000000003,0.0,5532.799999999999,0.8829475928589269,0.46947156278589086,-0.9882042449941422,-0.15314166701312007,0,0,49,6.93,11.01,4.59,19.35,130.17,56.33,0
2022-09-23,19.2,10.7,26.4,11.0,15.5,0.0,0.0,50,957.5,60.0,568.0,15.7,0.0,6248.0,0.9563047559630354,0.29237170472273677,-0.9906923101615609,-0.13612033862266704,0,0,50,7.44,12.15,6.02,22.73,130.5,58.75,0
2022-09-24,18.8,11.9,25.4,8.9,15.2,0.0,0.0,46,955.2,60.0,503.0,13.499999999999998,0.0,4476.7,0.9743700647852352,-0.22495105434386503,-0.9928872135356962,-0.11905873003404988,0,1,51,10.58,16.59,8.25,24.66,151.08,58.0,0
2022-09-25,17.8,9.5,25.7,6.5,11.2,0.0,0.0,46,950.1,25.0,422.0,16.2,0.1999999999999993,2743.0,0.2249510543438652,-0.9743700647852351,-0.994788305609327,-0.10196189005174576,0,1,52,16.22,24.27,21.91,45.29,207.42,46.38,0
2022-09-26,16.3,11.4,22.3,16.9,29.7,0.1,0.0,45,946.3,50.0,685.0,10.9,1.6999999999999993,11576.499999999998,-0.848048096156426,-0.529919264233205,-0.9963950238187232,-0.0848348779057645,0,0,53,12.25,19.72,18.97,21.88,187.25,48.17,0
2022-09-27,11.2,8.7,14.2,23.6,36.2,0.3,0.0,55,948.4,540.0,1357.0,5.5,6.800000000000001,32025.2,-0.9902680687415703,-0.13917310096006583,-0.9977068927101169,-0.06768276175455074,0,0,54,4.3,6.75,2.85,6.97,132.67,59.62,0
2022-09-28,4.3,0.1,7.9,16.6,23.2,0.9,0.0,65,951.6,645.0,846.0,7.800000000000001,13.7,14043.6,-0.8571673007021123,0.5150380749100542,-0.9987235240803973,-0.050510617185222,0,0,55,2.08,2.97,3.15,8.87,119.38,41.42,0
2022-09-29,-0.0,-2.7,3.4,12.7,17.8,0.0,0.0,50,958.7,250.0,911.0,6.1,18.0,11569.699999999999,-0.05233595624294437,0.9986295347545738,-0.9994446170919858,-0.033323525711630456,0,0,56,2.47,3.52,1.84,7.42,106.5,46.62,0
2022-09-30,-1.9,-5.3,1.0,11.7,17.4,0.0,0.0,57,964.6,110.0,850.0,6.3,19.9,9945.0,0.8290375725550417,0.5591929034707468,-0.9998699583618592,-0.016126573270657762,0,0,57,3.81,5.45,3.62,14.56,112.88,39.79,0
2022-10-01,0.4,-3.4,4.6,14.0,18.3,0.0,0.0,54,969.8,180.0,546.0,8.0,17.6,7644.0,0.9612616959383189,0.27563735581699916,-0.9999994220246925,0.001075151282798226,1,1,58,4.62,6.62,3.47,16.01,122.75,39.0,0
2022-10-02,1.5,-4.0,6.6,15.8,20.3,0.0,0.0,56,967.7,130.0,554.0,10.6,16.5,8753.2,0.9993908270190958,0.03489949670250108,-0.999832969770105,0.01827655768169211,1,1,59,7.18,10.28,4.51,15.65,142.0,41.79,0
2022-10-03,2.1,-3.3,7.5,20.1,26.5,0.0,0.0,54,963.6,280.0,571.0,10.8,15.9,11477.1,0.9396926207859083,0.3420201433256688,-0.9993706508539969,0.03547255575312556,1,0,60,6.44,9.24,2.85,8.9,122.38,45.96,0
2022-10-04,3.6,-2.3,9.5,16.7,20.1,0.0,0.0,48,966.0,150.0,449.0,11.8,14.4,7498.299999999999,0.8660254037844386,0.5000000000000001,-0.9986126020839734,0.05265805692461312,1,0,61,5.5,7.88,5.58,16.67,123.42,45.58,0
2022-10-05,4.7,-4.2,11.3,7.2,10.0,0.0,0.0,50,969.8,20.0,210.0,15.5,13.3,1512.0,0.788010753606722,0.6156614753256583,-0.9975590477788613,0.06982797572987177,1,0,62,13.9,21.37,16.75,61.61,157.5,35.96,1
2022-10-06,9.3,1.8,17.1,5.0,9.1,0.0,0.0,53,966.8,10.0,176.0,15.3,8.7,880.0,0.9612616959383189,-0.27563735581699905,-0.9962102997023297,0.0869772313136861,1,0,63,21.49,37.78,20.6,67.8,189.88,29.5,1
2022-10-07,12.4,3.8,21.2,9.5,13.1,0.0,0.0,50,959.9,50.0,352.0,17.4,5.6,3344.0,0.40673664307580043,-0.9135454576426008,-0.9945667569706337,0.1041007489354256,1,0,64,12.52,19.93,21.65,33.97,181.62,35.71,1
2022-10-08,13.4,8.5,20.0,19.1,31.9,0.0,0.0,39,951.3,135.0,665.0,11.5,4.6,12701.500000000002,-0.5000000000000001,-0.8660254037844386,-0.9926289059345094,0.12119346147073688,1,1,65,9.33,14.07,8.59,19.61,135.79,54.54,1
2022-10-09,6.4,4.1,8.9,21.3,28.8,1.8,0.0,74,955.7,335.0,842.0,4.800000000000001,11.6,17934.600000000002,-1.0,-1.8369701987210297e-16,-0.9903973200352558,0.13825031091098192,1,1,66,4.23,6.38,5.36,14.73,133.21,41.17,0
2022-10-10,5.8,1.8,11.2,9.3,13.0,0.0,0.0,71,965.4,40.0,597.0,9.399999999999999,12.2,5552.1,-0.9743700647852351,-0.22495105434386525,-0.9878726596350431,0.15526624985999474,1,0,67,5.18,7.77,13.89,25.91,135.12,36.42,0
2022-10-11,7.1,-0.7,13.6,8.3,12.6,0.0,0.0,58,963.7,15.0,304.0,14.299999999999999,10.9,2523.2000000000003,-0.5591929034707467,-0.8290375725550418,-0.9850556718215013,0.172236243027682,1,0,68,10.22,15.23,27.38,50.44,183.42,20.83,1
2022-10-12,7.5,-0.9,15.0,6.4,11.5,0.0,0.0,56,958.7,20.0,223.0,15.9,10.5,1427.2,0.9975640502598242,-0.06975647374412533,-0.981947190186646,0.18915526872004093,1,0,69,15.48,22.53,25.15,81.19,240.67,23.79,1
2022-10-13,10.0,2.5,18.1,10.9,14.8,0.0,0.0,44,956.9,50.0,253.0,15.600000000000001,8.0,2757.7000000000003,0.8746197071393959,-0.484809620246337,-0.9785481345802033,0.20601832032516998,1,0,70,5.75,8.58,19.5,45.32,135.83,33.0,0
2022-10-14,10.9,2.9,17.8,8.8,12.2,0.0,0.0,38,956.1,20.0,247.0,14.9,7.1,2173.6000000000004,1.2246467991473532e-16,-1.0,-0.9748595108374125,0.22282040779479959,1,0,71,13.26,19.47,25.07,59.88,192.71,30.08,0
2022-10-15,11.4,2.9,18.7,6.3,16.8,0.0,0.0,42,956.2,25.0,194.0,15.799999999999999,6.6,1222.2,0.984807753012208,-0.1736481776669303,-0.9708824104813836,0.2395565591209271,1,1,72,22.03,32.12,20.67,51.85,230.21,33.21,0
2022-10-16,11.0,7.7,14.0,13.6,18.9,0.2,0.0,46,954.8,120.0,349.0,6.3,7.0,4746.4,-0.9993908270190958,0.03489949670250128,-0.9666180104000972,0.2562218218071163,1,1,73,21.46,32.2,22.02,53.97,224.54,24.79,0
2022-10-17,5.4,1.7,9.0,11.1,18.4,0.3,0.0,72,959.4,105.0,540.0,7.3,12.6,5994.0,-0.9902680687415704,0.13917310096006547,-0.9620675724981452,0.27281126433401914,1,0,74,6.3,9.05,5.33,9.81,134.83,49.75,0
2022-10-18,3.9,-0.7,7.6,9.6,17.4,0.1,0.0,71,959.3,85.0,499.0,8.299999999999999,14.1,4790.4,-0.9998476951563913,-0.017452406437283498,-0.957232443323312,0.2893199776186952,1,0,75,8.82,12.63,12.03,22.88,153.62,45.5,0
2022-10-19,5.5,1.5,8.9,18.9,33.4,1.1,0.0,55,954.7,115.0,1045.0,7.4,12.5,19750.5,-0.6946583704589974,-0.7193398003386511,-0.9521140536681102,0.3057430764672831,1,0,76,6.73,9.8,10.05,20.03,143.29,50.46,0
2022-10-20,7.5,4.4,9.7,30.9,34.7,3.3,0.07,68,953.0,715.0,1092.0,5.299999999999999,10.5,33742.799999999996,-0.7880107536067221,-0.6156614753256581,-0.9467139181463862,0.3220757010206104,1,0,77,9.43,21.34,7.8,17.11,136.0,53.71,0
2022-10-21,9.6,4.5,15.2,19.9,26.6,0.0,0.0,44,954.9,340.0,579.0,10.7,8.4,11522.099999999999,-0.46947156278589086,-0.8829475928589269,-0.94103363474512,0.3383130181923067,1,0,78,6.93,10.5,11.8,25.35,138.46,52.42,0
2022-10-22,10.9,6.6,17.6,27.5,47.3,7.4,0.0,55,945.2,270.0,986.0,11.000000000000002,7.1,27115.0,-0.5150380749100542,-0.8571673007021123,-0.9350748843515574,0.3544502230989869,1,1,79,10.18,17.13,7.95,20.31,135.67,63.33,0
2022-10-23,0.9,-3.7,5.2,26.9,51.6,0.7,0.49,65,956.9,140.0,1149.0,8.9,17.1,30908.1,-0.9975640502598242,-0.06975647374412558,-0.9288394302558068,0.3704825404820963,1,1,80,3.41,5.21,5.75,13.42,127.83,44.08,0
2022-10-24,-1.7,-5.8,3.1,7.2,11.0,0.0,0.0,70,963.9,15.0,254.0,8.9,19.7,1828.8,-0.46947156278589086,-0.8829475928589269,-0.9223291176290545,0.3864052261209853,1,0,81,13.46,19.74,26.1,78.35,212.42,23.83,1
2022-10-25,-1.1,-6.8,6.5,9.0,11.7,0.0,0.0,53,954.9,40.0,184.0,13.3,19.1,1656.0,0.6156614753256584,-0.7880107536067219,-0.9155458729775463,0.4022135682368045,1,0,82,10.32,15.04,27.93,48.07,231.46,26.83,1
2022-10-26,2.9,-1.0,6.6,18.5,37.2,2.9,0.0,72,947.6,165.0,591.0,7.6,15.1,10933.5,-0.374606593415912,-0.9271838545667874,-0.9084917035725082,0.41790288888678667,1,0,83,6.03,9.61,15.66,16.48,143.88,29.42,0
2022-10-27,-0.3,-2.5,1.5,26.1,36.1,3.1,2.1,82,954.1,695.0,973.0,4.0,18.3,25395.300000000003,-0.9743700647852351,-0.22495105434386525,-0.9011686968561569,0.4334685453485363,1,0,84,1.32,1.94,8.72,10.72,125.71,25.42,0
2022-10-28,-4.0,-6.8,-1.4,8.0,13.4,0.0,0.0,71,967.3,15.0,551.0,5.4,22.0,4408.0,-0.9135454576426011,0.40673664307579976,-0.8935790198239949,0.4489059314938806,1,0,85,4.89,6.98,17.49,31.63,176.5,30.17,0
2022-10-29,-2.9,-9.0,3.0,9.3,13.6,0.0,0.0,61,962.8,60.0,199.0,12.0,20.9,1850.7,0.838670567945424,-0.5446390350150272,-0.8857249183835637,0.4642104791518923,1,1,86,11.77,16.91,22.7,47.11,197.75,25.04,0
2022-10-30,-0.1,-3.8,3.8,9.2,12.3,5.0,3.01,75,951.6,125.0,232.0,7.6,18.1,2134.3999999999996,0.3090169943749475,-0.9510565162951535,-0.8776087166898388,0.47937765946069527,1,1,87,20.96,31.45,22.42,63.52,225.92,21.04,0
2022-10-31,1.0,0.3,1.7,14.4,20.0,1.7,0.84,96,954.7,200.0,400.0,1.4,17.0,5760.0,-0.8290375725550418,-0.5591929034707466,-0.8692328164574787,0.4944029842076189,1,0,88,10.8,16.0,17.4,38.95,172.58,17.71,0
2022-11-01,2.2,0.2,5.9,13.8,20.2,0.0,0.0,85,956.6,165.0,425.0,5.7,15.8,5865.0,0.24192189559966773,-0.9702957262759965,-0.8605996962501181,0.5092820071573356,1,0,89,7.32,10.85,14.93,31.76,157.75,21.21,0
2022-11-02,4.7,-0.6,11.3,21.9,35.4,2.7,0.0,76,948.0,310.0,670.0,11.9,13.3,14672.999999999998,-0.1045284632676535,-0.9945218953682733,-0.8517119107469189,0.5240103253675756,1,0,90,6.82,11.35,11.75,22.95,141.08,47.88,0
2022-11-03,0.9,-2.9,5.5,16.9,22.5,0.0,0.0,67,955.8,270.0,526.0,8.4,17.1,8889.4,-0.1045284632676535,-0.9945218953682733,-0.8425720899866032,0.5385835804920232,1,0,91,4.68,11.37,11.91,17.74,140.12,38.17,0
2022-11-04,4.3,-1.2,9.9,20.4,33.8,3.0,0.0,69,948.9,200.0,625.0,11.1,13.7,12750.0,0.05233595624294381,-0.9986295347545738,-0.8331829385891785,0.5529974600700271,1,0,92,7.32,13.75,10.99,26.15,141.58,44.96,0
2022-11-05,-1.1,-2.5,2.2,22.1,26.8,0.3,0.0,71,953.8,790.0,962.0,4.7,19.1,21260.2,-0.848048096156426,-0.529919264233205,-0.8235472349556007,0.5672476988027229,1,1,93,3.5,5.22,7.89,19.58,123.92,30.17,0
2022-11-06,-1.5,-3.1,-0.2,17.6,24.6,0.1,0.07,69,955.3,675.0,1021.0,2.9,19.5,17969.600000000002,-0.9396926207859084,-0.34202014332566855,-0.8136678304455991,0.5813300798152042,1,1,94,3.53,5.25,10.72,23.82,134.88,28.33,0
2022-11-07,-2.5,-5.5,0.0,7.1,10.1,0.1,0.14,75,953.6,20.0,367.0,5.5,20.5,2605.7,-0.9816271834476639,0.1908089953765451,-0.8035476485339116,0.5952404359043674,1,0,95,10.4,15.06,22.76,80.07,161.71,18.62,0
2022-11-08,-2.9,-6.3,-1.2,9.1,17.3,0.8,0.63,72,954.4,20.0,405.0,5.1,20.9,3685.5,-0.9816271834476639,0.1908089953765451,-0.7931896839451843,0.6089746507720486,1,0,96,7.65,11.03,21.56,57.94,148.75,24.58,0
2022-11-09,-3.0,-6.1,-1.5,18.8,27.5,1.8,1.26,85,962.8,245.0,627.0,4.6,21.0,11787.6,-0.7431448254773944,-0.6691306063588581,-0.7825970017677834,0.6225286602431057,1,0,97,3.25,4.7,12.73,17.51,136.5,35.5,0
2022-11-10,-2.9,-3.9,-1.6,16.6,21.3,0.3,0.21,85,964.8,315.0,564.0,2.3,20.9,9362.400000000001,-0.7771459614569706,-0.6293203910498378,-0.7717727365467837,0.6358984534680745,1,0,98,2.14,3.07,14.48,18.03,131.92,28.54,0
2022-11-11,-3.3,-4.3,-2.0,17.3,20.3,0.0,0.0,80,963.8,395.0,551.0,2.3,21.3,9532.300000000001,-0.7771459614569706,-0.6293203910498378,-0.7607200913564104,0.6490800741100398,1,0,99,2.06,2.95,17.28,18.57,131.08,39.33,0
2022-11-12,-2.5,-4.1,-0.9,29.8,35.5,2.4,1.68,88,957.7,560.0,682.0,3.1999999999999997,20.5,20323.600000000002,-0.754709580222772,-0.6560590289905073,-0.749442336852196,0.6620696215153808,1,1,100,1.64,2.58,9.41,11.06,123.29,48.46,0
2022-11-13,-2.9,-4.1,-2.2,29.0,33.0,0.0,0.0,90,949.7,610.0,700.0,1.8999999999999995,20.9,20300.0,-0.5150380749100542,-0.8571673007021123,-0.7379428103031391,0.6748632518680396,1,1,101,1.88,2.98,9.48,10.75,126.46,50.5,0
2022-11-14,0.3,-3.1,1.6,31.3,35.8,5.1,1.82,90,935.7,765.0,1104.0,4.7,17.7,34555.200000000004,-0.374606593415912,-0.9271838545667874,-0.7262249146041543,0.6874571793269664,1,0,102,4.08,6.67,8.3,9.6,126.71,61.38,0
2022-11-15,0.2,-1.6,1.1,34.7,43.8,7.4,4.97,89,935.3,1000.0,1226.0,2.7,17.8,42542.200000000004,-0.7313537016191703,-0.6819983600624986,-0.7142921172691039,0.6998476771464064,1,0,103,1.2,2.54,7.23,8.53,125.29,35.33,0
2022-11-16,-5.5,-7.2,-1.3,30.9,36.9,2.2,1.54,77,944.6,945.0,1280.0,5.9,23.5,39552.0,-0.8290375725550418,-0.5591929034707466,-0.7021479494046973,0.7120310787787136,1,0,104,1.13,1.85,7.38,10.23,119.12,48.12,0
2022-11-17,-7.7,-13.3,-6.2,18.3,25.7,0.5,0.42,78,960.2,65.0,671.0,7.1000000000000005,25.7,12279.300000000001,-0.8571673007021121,-0.5150380749100544,-0.6897960046655887,0.7240037789593305,1,0,105,2.88,4.12,17.05,19.09,149.38,30.42,0
2022-11-18,-12.7,-18.1,-8.0,8.5,10.8,0.0,0.0,83,959.6,35.0,77.0,10.100000000000001,30.7,654.5,0.8829475928589269,-0.4694715627858909,-0.6772399381909491,0.7357622347736525,1,0,106,8.96,12.81,32.1,41.22,226.75,22.12,1
2022-11-19,-7.2,-14.4,-2.8,10.3,15.5,0.4,0.28,78,954.1,60.0,174.0,11.600000000000001,25.2,1792.2,-0.5446390350150271,-0.838670567945424,-0.6644834655228545,0.7473029667054303,1,1,107,9.4,13.93,40.2,34.18,223.17,23.71,0
2022-11-20,-5.2,-6.8,-4.0,6.6,11.8,2.8,1.96,91,955.1,20.0,106.0,2.8,23.2,699.5999999999999,0.766044443118978,0.6427876096865394,-0.6515303615068021,0.75862255966641,1,1,108,5.08,7.56,24.34,28.04,176.04,32.17,0
2022-11-21,-3.9,-6.4,-1.2,6.1,12.4,2.4,1.61,92,954.1,30.0,104.0,5.2,21.9,634.4,0.37460659341591224,-0.9271838545667873,-0.6383844591746636,0.7697176640069215,1,0,109,9.63,13.83,39.46,56.41,291.79,17.88,0
2022-11-22,-4.5,-7.3,-1.5,12.5,15.5,0.4,0.28,95,952.6,150.0,351.0,5.8,22.5,4387.5,-0.9993908270190958,-0.03489949670250076,-0.625049648610437,0.7805849965070871,1,0,110,5.8,8.3,33.11,39.57,223.67,12.33,0
2022-11-23,-9.8,-13.1,-7.0,7.4,12.3,0.0,0.0,89,960.7,15.0,153.0,6.1,27.8,1132.2,-0.9702957262759966,0.24192189559966745,-0.6115298757991053,0.7912213413483807,1,0,111,3.56,5.1,23.33,35.9,163.21,42.83,0
2022-11-24,-8.6,-14.9,-2.6,13.2,17.1,1.7,1.19,84,956.4,110.0,229.0,12.3,26.6,3022.7999999999997,0.7313537016191706,-0.6819983600624984,-0.5978291414589544,0.8016235510652425,1,0,112,4.36,6.27,28.42,24.89,163.08,42.38,0
2022-11-25,-4.2,-13.7,0.2,21.5,30.0,5.4,3.78,90,945.5,365.0,539.0,13.899999999999999,22.2,11588.5,-0.9975640502598243,0.06975647374412522,-0.5839514998576998,0.8117885474764613,1,0,113,2.96,4.4,17.21,24.62,150.17,41.88,0
2022-11-26,-24.4,-29.9,-15.9,11.8,17.7,0.0,0.0,77,970.5,75.0,255.0,13.999999999999998,42.4,3009.0,0.6819983600624985,0.7313537016191705,-0.5699010576127617,0.8217133225960594,1,1,114,5.51,7.87,19.25,18.59,164.96,47.04,0
2022-11-27,-25.7,-30.2,-21.4,15.3,20.4,0.0,0.0,72,977.5,65.0,118.0,8.8,43.7,1805.4,0.9975640502598242,0.06975647374412523,-0.5556819724760482,0.8313949395234063,1,1,115,7.38,10.57,29.07,25.84,173.38,35.71,0
2022-11-28,-20.2,-24.3,-16.1,22.8,26.7,0.0,0.0,64,976.9,150.0,237.0,8.2,38.2,5403.6,0.9998476951563913,-0.017452406437283477,-0.5412984521036173,0.8408305333122887,1,0,116,3.56,5.07,13.07,9.59,139.46,61.29,0
2022-11-29,-18.8,-22.7,-14.9,18.9,22.0,0.0,0.0,63,972.4,150.0,170.0,7.799999999999999,36.8,3212.9999999999995,1.0,6.123233995736766e-17,-0.5267547528105542,0.8500173118187018,1,0,117,8.15,11.74,15.86,9.53,147.17,65.17,0
2022-11-30,-11.6,-14.6,-9.5,16.7,19.1,0.0,0.0,66,963.1,110.0,236.0,5.1,29.6,3941.2,0.9975640502598242,-0.06975647374412533,-0.5120551783114639,0.8589525565270849,1,0,118,12.34,18.24,18.89,11.65,156.79,68.04,0
2022-12-01,-12.6,-19.1,-9.8,23.2,26.9,2.9,1.89,76,958.9,315.0,341.0,9.3,30.6,7911.2,0.9455185755993167,0.32556815445715676,-0.4972040784469371,0.867633623354773,1,0,119,11.35,17.3,8.25,8.49,145.75,78.54,0
2022-12-02,-21.1,-22.7,-19.5,22.9,25.5,0.0,0.0,74,966.2,240.0,285.0,3.1999999999999993,39.1,6526.5,0.9205048534524404,0.3907311284892737,-0.4822058478963534,0.8760579434344277,1,0,120,5.71,8.45,15.77,17.4,156.67,60.29,0
2022-12-03,-18.7,-22.1,-15.9,18.5,22.1,1.0,0.7,77,966.5,170.0,186.0,6.200000000000001,36.7,3441.0,0.9743700647852352,0.22495105434386492,-0.46706492487743034,0.8842230238742036,1,1,121,4.71,6.91,19.27,19.78,158.04,54.12,0
2022-12-04,-19.9,-26.0,-16.9,11.4,16.1,1.4,0.98,81,962.7,35.0,167.0,9.100000000000001,37.9,1903.8,0.25881904510252074,0.9659258262890683,-0.451785789832884,0.8921264484954345,1,1,122,5.1,7.37,28.04,49.81,193.17,38.5,1
2022-12-05,-26.3,-28.5,-22.4,6.5,9.4,0.0,0.0,80,966.5,25.0,51.0,6.100000000000001,44.3,331.5,0.529919264233205,-0.848048096156426,-0.4363729641045924,0.8997658785476209,1,0,123,34.53,49.33,70.44,161.77,549.46,11.21,1
2022-12-06,-26.0,-29.1,-21.2,8.0,10.7,0.0,0.0,80,967.0,25.0,39.0,7.900000000000002,44.0,312.0,0.9135454576426009,-0.40673664307580026,-0.42083100859565564,0.9071390534005044,1,0,124,29.82,42.6,52.96,102.78,459.17,34.71,1
2022-12-07,-23.7,-27.2,-18.5,7.3,9.0,0.0,0.0,82,965.3,20.0,36.0,8.7,41.7,262.8,0.9659258262890683,-0.25881904510252085,-0.4051645224207555,0.9142437912130228,1,0,125,18.87,26.95,48.69,58.63,345.58,36.54,1
2022-12-08,-21.9,-25.9,-16.1,7.6,12.3,0.2,0.14,82,963.1,25.0,58.0,9.799999999999997,39.9,440.79999999999995,0.7431448254773942,-0.6691306063588582,-0.3893781415452015,0.9210779895789526,1,0,126,16.37,23.38,53.3,54.43,323.12,36.0,1
2022-12-09,-23.6,-26.3,-19.3,8.7,11.5,0.0,0.0,82,965.2,80.0,145.0,7.0,41.6,1261.5,-0.6819983600624984,-0.7313537016191706,-0.3734765374130716,0.9276396261490464,1,0,127,13.97,19.98,63.88,47.34,302.38,20.58,0
2022-12-10,-20.1,-23.5,-17.3,14.8,18.3,0.0,0.0,82,971.7,115.0,226.0,6.199999999999999,38.1,3344.8,-0.754709580222772,-0.6560590289905073,-0.3574644155648614,0.9339267592294762,1,1,128,6.54,9.38,33.95,30.22,213.92,42.12,0
2022-12-11,-21.9,-25.6,-17.2,11.1,13.6,0.0,0.0,82,973.2,50.0,78.0,8.400000000000002,39.9,865.8,-0.7313537016191703,-0.6819983600624986,-0.341346514245037,0.9399375283564131,1,1,129,11.76,16.94,51.94,33.41,243.08,32.58,0
2022-12-12,-20.6,-26.1,-15.3,11.6,14.7,0.0,0.0,80,968.5,30.0,65.0,10.8,38.6,754.0,-0.7880107536067221,-0.6156614753256581,-0.3251276029999093,0.9456701548465688,1,0,130,14.58,21.05,63.68,36.63,249.08,30.96,0
2022-12-13,-13.8,-18.5,-10.3,14.3,16.7,0.0,0.0,76,966.3,50.0,158.0,8.2,31.8,2259.4,-0.9205048534524403,-0.3907311284892738,-0.30881248126625377,0.9511229423235357,1,0,131,5.02,7.3,17.23,12.45,122.92,63.96,0
2022-12-14,-16.5,-20.2,-13.4,15.8,20.5,0.0,0.0,81,969.5,35.0,186.0,6.799999999999999,34.5,2938.8,0.9396926207859083,0.3420201433256688,-0.2924059769510765,0.9562942772197722,1,0,132,1.0,1.42,0.0,0.64,60.04,28.58,0
2022-12-15,-18.2,-22.2,-13.5,13.8,18.1,0.0,0.0,70,970.1,55.0,98.0,8.7,36.2,1352.4,0.9702957262759965,-0.24192189559966779,-0.27591294500296043,0.9611826292540837,1,0,133,0.72,1.02,0.0,0.42,61.96,32.46,1
2022-12-16,-15.8,-20.7,-11.7,9.1,10.6,0.0,0.0,71,964.7,40.0,60.0,9.0,33.8,546.0,0.9563047559630355,-0.29237170472273666,-0.2593382659754047,0.9657865518844576,1,0,134,13.08,18.79,37.73,30.03,213.83,44.46,1
2022-12-17,-13.8,-23.1,-9.3,9.7,15.2,0.1,0.07,81,960.8,35.0,91.0,13.8,31.8,882.6999999999999,-0.8090169943749473,-0.5877852522924732,-0.2426868445825954,0.9701046827361175,1,1,135,20.35,29.16,66.51,61.2,294.79,22.54,1
2022-12-18,-17.9,-24.9,-12.5,6.4,11.6,0.0,0.0,80,968.4,20.0,43.0,12.399999999999999,35.9,275.2,-0.275637355816999,-0.9612616959383189,-0.2259636082480182,0.9741357440046722,1,1,136,31.32,45.06,64.98,92.16,425.83,17.25,1
2022-12-19,-12.3,-17.2,-6.1,11.6,14.8,0.0,0.0,81,965.3,35.0,100.0,11.1,30.3,1160.0,-0.39073112848927355,-0.9205048534524404,-0.20917350564635637,0.9778785428342386,1,0,137,19.7,28.54,62.0,60.21,309.79,31.0,1
2022-12-20,-11.3,-15.5,-6.0,12.4,15.9,0.0,0.0,72,955.4,105.0,164.0,9.5,29.3,2033.6000000000001,-0.17364817766693047,-0.984807753012208,-0.19232150523909483,0.9813319716704275,1,0,138,10.82,15.78,38.88,29.45,181.58,58.17,0
2022-12-21,-8.1,-11.7,-4.5,27.5,40.4,4.7,3.22,86,947.2,340.0,733.0,7.199999999999999,26.1,20157.5,-0.7431448254773944,-0.6691306063588581,-0.17541259380427757,0.984495008588086,1,0,139,6.69,9.94,12.76,21.0,166.12,65.38,0
2022-12-22,-14.6,-18.3,-12.4,20.3,32.1,0.8,0.56,83,963.1,215.0,477.0,5.9,32.6,9683.1,-0.8090169943749473,-0.5877852522924732,-0.1584517749608372,0.9873667175937014,1,0,140,4.08,5.85,24.04,18.56,169.25,46.88,1
2022-12-23,-13.2,-15.1,-12.0,18.1,24.9,0.1,0.07,84,970.2,55.0,346.0,3.0999999999999996,31.2,6262.6,-0.5591929034707467,-0.8290375725550418,-0.14144406768794027,0.9899462489023783,1,0,141,6.39,9.11,32.51,27.68,193.12,30.75,0
2022-12-24,-10.7,-12.3,-9.3,21.9,27.1,1.8,1.26,83,968.0,225.0,371.0,3.0,28.7,8124.9,-0.7431448254773944,-0.6691306063588581,-0.12439450483979998,0.9922328391893008,1,1,142,6.78,9.83,22.64,18.18,164.08,48.12,0
2022-12-25,-11.4,-15.6,-8.4,9.4,16.3,0.0,0.0,84,965.3,10.0,114.0,7.199999999999999,29.4,1071.6000000000001,-0.7313537016191703,-0.6819983600624986,-0.10730813165636247,0.9942258118156161,1,1,143,17.76,25.63,48.98,44.8,284.46,29.33,1
2022-12-26,-12.1,-18.8,-5.9,9.7,12.0,0.0,0.0,90,963.4,15.0,42.0,12.9,30.1,407.4,0.9563047559630355,-0.29237170472273666,-0.09019000427034513,0.9959245770286599,1,0,144,29.06,41.79,59.0,99.26,466.17,24.83,1
2022-12-27,-10.6,-16.1,-7.1,9.7,11.7,0.0,0.0,86,959.9,40.0,71.0,9.000000000000002,28.6,688.6999999999999,0.6018150231520482,-0.7986355100472929,-0.07304518821104655,0.9973286321364753,1,0,145,13.74,19.65,50.21,42.32,262.62,37.96,1
2022-12-28,-9.9,-16.6,-5.8,10.5,15.6,0.2,0.14,85,956.9,30.0,150.0,10.8,27.9,1575.0,-0.6427876096865393,-0.766044443118978,-0.055878756905372244,0.9984375616565666,1,0,146,14.1,22.2,48.65,44.41,259.12,35.83,1
2022-12-29,-5.0,-6.0,-4.1,6.9,11.8,2.0,1.4,93,959.4,25.0,176.0,1.9000000000000004,23.0,1214.4,-0.656059028990507,-0.7547095802227721,-0.03869579017652778,0.999251037438848,1,0,147,23.76,36.05,64.6,104.61,409.46,10.88,0
2022-12-30,-6.1,-7.7,-5.3,12.6,16.4,0.4,0.28,92,963.7,275.0,457.0,2.4000000000000004,24.1,5758.2,-0.7071067811865475,-0.7071067811865477,-0.021501372740813793,0.999768818762748,1,0,148,5.0,7.16,35.27,33.38,210.38,27.54,0
2022-12-31,-4.5,-9.5,-2.0,22.8,35.4,3.0,2.1,88,960.4,250.0,477.0,7.5,22.5,10875.6,-0.39073112848927355,-0.9205048534524404,-0.004300592702981974,0.9999907524084426,1,1,149,3.7,5.32,21.63,22.29,169.62,38.42,0
2023-01-01,-7.7,-9.7,-5.4,18.9,28.6,2.9,2.1,90,962.7,245.0,470.0,4.299999999999999,25.7,8883.0,-0.7660444431189779,-0.6427876096865395,0.017201575418260506,0.9998520419557735,1,1,150,3.06,4.38,22.45,19.43,164.67,33.88,0
2023-01-02,-6.2,-7.2,-4.6,19.7,25.7,2.1,1.47,87,958.9,290.0,414.0,2.6000000000000005,24.2,8155.799999999999,-0.12186934340514731,-0.9925461516413221,0.03439806061360801,0.9994082116062598,1,0,151,3.44,4.96,21.67,22.78,171.92,37.0,0
2023-01-03,-3.0,-5.7,-0.4,39.6,51.1,5.4,3.78,89,939.3,730.0,1068.0,5.3,21.0,42292.8,-0.5299192642332048,-0.8480480961564261,0.05158436686940837,0.9986686402879997,1,0,152,1.6,2.29,10.17,12.15,150.08,38.75,0
2023-01-04,-5.9,-7.4,-3.0,47.1,55.2,6.9,4.83,89,945.3,795.0,1174.0,4.4,23.9,55295.4,-0.874619707139396,-0.48480962024633684,0.06875540848113941,0.9976335468520451,1,0,153,1.38,2.02,8.52,9.89,140.04,50.12,0
2023-01-05,-0.2,-2.4,0.8,36.4,52.2,8.5,5.81,95,946.0,490.0,734.0,3.2,18.2,26717.6,-0.754709580222772,-0.6560590289905073,0.08590610426133273,0.9963032375991965,1,0,154,3.77,11.22,15.32,12.88,143.75,37.5,0
2023-01-06,-2.2,-5.2,1.2,20.9,29.5,5.5,3.85,93,947.6,290.0,503.0,6.4,20.2,10512.699999999999,-0.9563047559630353,-0.2923717047227371,0.1030313790431788,0.9946781061893646,1,0,155,4.3,7.32,15.68,17.77,154.88,36.04,0
2023-01-07,-3.9,-6.1,-0.8,27.3,36.5,0.2,0.14,90,951.1,695.0,771.0,5.3,21.9,21048.3,-0.5446390350150271,-0.838670567945424,0.12012616518235049,0.9927586335250793,1,1,156,2.04,2.93,15.36,16.47,149.71,37.25,0
2023-01-08,-1.4,-12.3,2.6,45.6,52.7,2.8,1.82,89,941.4,625.0,951.0,14.9,19.4,43365.6,-0.6156614753256582,-0.788010753606722,0.13718540405660057,0.9905453876091833,1,1,157,2.25,3.69,9.03,11.66,161.21,45.0,0
2023-01-09,-20.0,-24.4,-13.4,22.5,38.9,0.2,0.14,81,955.7,140.0,404.0,10.999999999999998,38.0,9090.0,-0.9335804264972015,-0.3583679495453007,0.1542040475626894,0.988039023376751,1,0,158,4.4,6.3,25.18,26.15,211.33,30.25,0
2023-01-10,-29.3,-33.1,-25.5,10.6,16.1,0.0,0.0,77,961.1,40.0,76.0,7.600000000000001,47.3,805.6,-0.9510565162951535,-0.30901699437494756,0.17117705961019988,0.985240282501282,1,0,159,12.06,17.22,47.03,40.56,279.54,19.04,0
2023-01-11,-30.9,-34.8,-26.4,16.5,23.5,0.1,0.14,75,968.6,55.0,165.0,8.399999999999999,48.9,2722.5,-0.8910065241883678,-0.45399049973954697,0.1880994176117976,0.9821499931752291,1,0,160,7.69,11.0,38.93,26.94,209.62,30.17,0
2023-01-12,-24.1,-29.0,-20.1,26.4,34.1,0.5,0.35,78,975.8,150.0,295.0,8.899999999999999,42.1,7788.0,-0.8090169943749473,-0.5877852522924732,0.20496611396949535,0.9787690698649216,1,0,161,5.86,8.46,23.14,16.99,170.71,51.79,0
2023-01-13,-18.8,-21.0,-16.8,30.1,36.7,0.0,0.0,77,974.6,330.0,386.0,4.199999999999999,36.8,11618.6,-0.7880107536067221,-0.6156614753256581,0.22177215755648189,0.975098513039961,1,0,162,6.2,9.35,19.19,15.77,161.17,60.58,0
2023-01-14,-15.5,-17.4,-13.8,26.3,30.0,0.4,0.28,79,974.0,285.0,340.0,3.599999999999998,33.5,8942.0,-0.754709580222772,-0.6560590289905073,0.23851257519407645,0.9711394088771653,1,1,163,6.76,10.26,21.39,16.18,157.67,62.29,0
2023-01-15,-15.4,-17.6,-12.8,25.8,30.7,0.4,0.28,76,970.7,245.0,294.0,4.800000000000001,33.4,7585.2,-0.8660254037844384,-0.5000000000000004,0.2551824131233728,0.9668929289391521,1,1,164,6.62,10.63,21.34,16.83,162.92,65.17,0
2023-01-16,-16.8,-20.5,-12.7,14.6,20.9,0.1,0.07,80,970.1,50.0,92.0,7.800000000000001,34.8,1343.2,-0.8910065241883678,-0.45399049973954697,0.2717767384711357,0.9623603298276545,1,0,165,16.88,26.92,49.64,29.22,232.08,37.17,0
2023-01-17,-19.2,-22.6,-16.0,7.0,13.8,0.0,0.0,74,970.7,10.0,26.0,6.600000000000001,37.2,182.0,-0.6691306063588582,-0.7431448254773942,0.28829064070951776,0.9575429528116719,1,0,166,26.25,38.3,61.24,56.88,325.04,25.5,1
2023-01-18,-18.5,-21.4,-14.8,8.3,10.2,0.0,0.0,77,971.7,20.0,27.0,6.599999999999998,36.5,224.10000000000002,0.9993908270190958,-0.034899496702500955,0.3047192331091634,0.9524422234305676,1,0,167,63.62,91.84,84.25,185.59,654.92,13.88,1
2023-01-19,-17.7,-20.8,-16.0,4.4,8.4,0.0,0.0,81,969.1,10.0,15.0,4.800000000000001,35.7,66.0,0.10452846326765373,-0.9945218953682733,0.32105765418527105,0.9470596510722283,1,0,168,48.67,69.98,87.86,141.91,547.79,9.96,1
2023-01-20,-19.2,-22.1,-15.1,10.0,13.9,0.0,0.0,72,969.4,30.0,46.0,7.000000000000002,37.2,460.0,-0.9563047559630353,-0.2923717047227371,0.33730106913618424,0.9413968285264122,1,0,169,21.53,31.5,66.37,46.88,279.46,25.38,0
2023-01-21,-13.8,-20.3,-10.5,5.0,8.6,0.0,0.0,86,975.1,15.0,40.0,9.8,31.8,200.0,-0.9975640502598243,0.06975647374412522,0.35344467127408763,0.9354554315134165,1,1,170,16.73,24.03,48.0,51.68,280.62,39.46,0
2023-01-22,-12.3,-14.8,-9.7,11.3,16.1,0.0,0.0,89,976.3,15.0,88.0,5.100000000000001,30.3,994.4000000000001,-0.754709580222772,-0.6560590289905073,0.36948368344738314,0.9292372181882051,1,1,171,13.23,18.93,69.14,69.18,331.08,16.62,0
2023-01-23,-14.7,-18.1,-10.7,16.6,21.7,0.0,0.0,81,966.7,85.0,149.0,7.400000000000002,32.7,2473.4,-0.90630778703665,-0.42261826174069916,0.38541335945432564,0.9227440286201427,1,0,172,10.6,15.42,41.44,24.08,184.46,51.33,0
2023-01-24,-12.9,-15.0,-10.3,5.6,11.0,0.1,0.07,86,965.3,45.0,108.0,4.699999999999999,30.9,604.8,-0.961261695938319,-0.2756373558169989,0.40122898544750096,0.9159777842484876,1,0,173,10.16,14.59,36.3,41.95,242.67,35.25,1
2023-01-25,-15.3,-18.9,-13.6,16.3,23.2,0.0,0.0,85,967.5,50.0,148.0,5.299999999999999,33.3,2412.4,-0.7313537016191703,-0.6819983600624986,0.41692588132872865,0.908940487313808,1,0,174,6.84,9.78,42.71,44.18,230.83,34.96,1
2023-01-26,-15.5,-19.1,-11.2,18.0,20.4,0.0,0.0,79,967.1,115.0,167.0,7.900000000000002,33.5,3006.0,-0.5735764363510462,-0.8191520442889918,0.43249940213397886,0.9016342202654859,1,0,175,9.84,14.36,38.16,21.69,178.54,54.58,0
2023-01-27,-13.2,-17.5,-9.8,24.8,31.8,0.0,0.0,83,965.7,165.0,214.0,7.699999999999999,31.2,5307.2,-0.7071067811865475,-0.7071067811865477,0.44794493940789115,0.8940611451454876,1,0,176,8.71,12.7,21.3,22.86,200.88,77.58,0
2023-01-28,-13.7,-17.3,-7.9,17.4,21.2,0.0,0.0,79,960.7,85.0,140.0,9.4,31.7,2436.0,-0.656059028990507,-0.7547095802227721,0.46325792256749165,0.8862235029485801,1,1,177,15.14,22.04,37.23,25.12,216.5,62.33,0
2023-01-29,-16.1,-18.9,-14.4,14.2,19.7,0.0,0.0,85,956.9,35.0,111.0,4.499999999999998,34.1,1576.1999999999998,-0.8386705679454242,-0.544639035015027,0.4784338202547012,0.8781236129591848,1,1,178,15.39,22.39,45.25,36.05,271.96,51.21,0
2023-01-30,-15.8,-22.1,-8.5,9.1,13.8,0.0,0.0,78,956.9,15.0,37.0,13.600000000000001,33.8,336.7,0.7986355100472927,-0.6018150231520484,0.49346814167723735,0.8697638720650646,1,0,179,29.78,42.92,68.28,77.64,433.38,39.62,1
2023-01-31,-11.9,-15.8,-6.6,7.5,11.1,0.0,0.0,76,956.1,15.0,39.0,9.200000000000001,29.9,292.5,0.9135454576426009,-0.40673664307580026,0.5083564379375123,0.8611467540480451,1,0,180,43.14,62.39,71.37,88.54,464.33,45.5,1
2023-02-01,-11.6,-15.0,-7.7,7.8,16.4,0.0,0.0,91,957.5,15.0,69.0,7.3,29.6,538.1999999999999,0.9781476007338056,0.20791169081775945,0.5230943033491326,0.8522748088519838,1,0,181,14.66,21.04,63.67,83.63,376.88,41.25,1
2023-02-02,-8.9,-10.3,-7.7,19.9,24.1,0.0,0.0,92,956.1,80.0,156.0,2.6000000000000005,26.9,3104.3999999999996,0.9876883405951378,0.15643446504023092,0.5376773767406141,0.8431506618282,1,0,182,5.23,7.6,22.76,32.34,165.62,88.0,0
2023-02-03,-11.1,-12.9,-9.1,21.7,23.5,0.1,0.07,88,952.4,155.0,201.0,3.8000000000000007,29.1,4361.7,0.9205048534524404,0.3907311284892737,0.5521013427459208,0.8337770129585914,1,0,183,3.99,5.88,44.22,78.78,176.08,48.79,0
2023-02-04,-8.8,-12.1,-6.6,18.9,24.4,2.4,1.68,86,953.1,70.0,157.0,5.5,26.8,2967.2999999999997,0.9612616959383189,0.27563735581699916,0.5663619330814524,0.8241566360566663,1,1,184,6.9,10.35,41.49,76.62,181.62,40.58,0
2023-02-05,-5.8,-9.2,-3.8,6.1,9.7,1.2,0.84,93,953.2,20.0,81.0,5.3999999999999995,23.8,494.09999999999997,0.6293203910498374,-0.7771459614569709,0.580454927809098,0.8142923779467267,1,1,185,10.76,15.41,33.0,58.51,278.96,30.25,0
2023-02-06,-5.7,-9.5,-2.6,12.2,24.4,1.7,1.26,93,953.6,25.0,170.0,6.9,23.7,2074.0,-0.5299192642332048,-0.8480480961564261,0.5943761565849831,0.804187157621448,1,0,186,13.67,19.82,50.6,69.8,354.83,18.67,0
2023-02-07,-10.9,-14.6,-6.8,13.4,22.3,0.1,0.14,89,959.4,20.0,260.0,7.8,28.9,3484.0,-0.9781476007338056,-0.2079116908177598,0.6081214998935419,0.7938439653781019,1,0,187,5.71,8.16,33.7,47.73,216.0,53.38,0
2023-02-08,-13.2,-16.1,-9.7,11.8,21.8,0.0,0.0,84,954.4,20.0,153.0,6.400000000000002,31.2,1805.4,0.9659258262890683,0.25881904510252074,0.6216868902665479,0.7832658619336791,1,0,188,10.17,14.54,39.57,64.67,264.75,52.58,0
2023-02-09,-15.4,-19.7,-12.4,25.1,30.4,0.6,0.42,81,947.3,210.0,349.0,7.299999999999999,33.4,8759.9,0.6946583704589973,0.7193398003386512,0.6350683134867439,0.7724559775191742,1,0,189,2.98,4.27,40.8,103.4,172.5,40.0,0
2023-02-10,-19.4,-24.2,-16.1,13.4,19.0,1.1,0.77,82,951.9,25.0,192.0,8.099999999999998,37.4,2572.8,-0.6018150231520484,-0.7986355100472928,0.6482618097757123,0.7614175109532997,1,0,190,13.23,18.93,58.34,142.78,249.25,19.12,0
2023-02-11,-14.9,-19.6,-10.1,20.1,26.1,0.4,0.28,79,954.3,70.0,312.0,9.500000000000002,32.9,6271.200000000001,0.5877852522924732,-0.8090169943749473,0.6612634749656385,0.7501537286959042,1,1,191,6.26,8.96,28.46,25.42,206.96,55.92,0
2023-02-12,-17.5,-21.4,-14.6,20.9,26.5,1.1,0.84,83,962.7,75.0,231.0,6.799999999999999,35.5,4827.9,-0.7986355100472928,-0.6018150231520483,0.6740694616546162,0.7386679638813748,1,1,192,8.79,12.58,42.23,33.57,236.83,39.88,0
2023-02-13,-17.0,-19.8,-13.1,11.0,15.6,0.2,0.14,82,964.4,35.0,107.0,6.700000000000001,35.0,1177.0,-0.017452406437283637,-0.9998476951563913,0.6866759803451554,0.7269636153323079,1,0,193,18.61,26.6,39.72,50.48,315.25,45.83,1
2023-02-14,-17.4,-21.2,-12.0,12.8,16.6,0.0,0.0,77,959.4,35.0,48.0,9.2,35.4,614.4000000000001,0.9205048534524403,-0.39073112848927377,0.6990793005655562,0.7150441465537444,1,0,194,22.99,32.95,50.62,53.72,345.12,41.83,1
2023-02-15,-13.1,-18.5,-7.8,13.5,21.2,0.5,0.35,82,955.5,75.0,176.0,10.7,31.1,2376.0,0.01745240643728344,-0.9998476951563913,0.7112757519738152,0.7029130847082615,1,0,195,17.21,25.54,50.04,43.57,275.25,45.88,1
2023-02-16,-11.6,-15.0,-9.0,11.6,22.7,0.0,0.0,88,961.4,15.0,149.0,6.0,29.6,1728.3999999999999,0.984807753012208,0.17364817766693041,0.7232617254437389,0.6905740195722293,1,0,196,15.03,22.12,58.53,67.24,268.67,30.0,1
2023-02-17,-11.6,-17.4,-5.8,19.9,23.7,0.7,0.49,75,960.0,105.0,229.0,11.599999999999998,29.6,4557.099999999999,0.9271838545667874,-0.37460659341591207,0.7350336741329413,0.6780306024735381,1,0,197,8.6,12.76,29.99,30.5,205.5,74.38,0
2023-02-18,-8.2,-9.9,-7.0,19.7,27.2,2.7,1.89,87,958.9,110.0,409.0,2.9000000000000004,26.2,8057.299999999999,-0.7313537016191703,-0.6819983600624986,0.7465881145324131,0.6652865452111115,1,1,198,6.7,9.68,25.01,25.08,207.62,62.92,0
2023-02-19,-9.1,-11.9,-7.0,12.8,20.2,0.9,0.63,88,958.7,80.0,342.0,4.9,27.1,4377.6,-0.5591929034707467,-0.8290375725550418,0.757921627497347,0.6523456189565258,1,1,199,12.75,18.22,48.52,54.52,296.58,30.5,1
2023-02-20,-6.6,-13.1,-2.8,28.8,38.2,0.7,0.49,85,953.3,180.0,373.0,10.3,24.6,10742.4,-0.017452406437283637,-0.9998476951563913,0.7690308592589181,0.6392116531380588,1,0,200,6.81,10.03,20.13,18.78,186.71,59.79,0
2023-02-21,-1.1,-2.6,1.1,24.3,37.1,0.1,0.07,91,951.9,200.0,323.0,3.7,19.1,7848.900000000001,-0.32556815445715676,-0.9455185755993167,0.7799125224167178,0.6258885343075017,1,0,201,12.22,19.21,21.76,24.88,217.67,53.42,0
2023-02-22,0.6,-1.5,2.7,41.6,54.1,1.5,0.49,81,943.9,300.0,558.0,4.2,17.4,23212.8,0.12186934340514755,-0.992546151641322,0.7905633969115482,0.6123802049900648,1,0,202,15.72,24.1,13.45,21.9,212.75,88.38,0
2023-02-23,0.4,-3.2,3.0,35.1,46.3,2.2,0.77,90,945.4,375.0,670.0,6.2,17.6,23517.0,-0.39073112848927355,-0.9205048534524404,0.8009803309782905,0.5986906625177214,1,0,203,5.58,10.78,12.39,13.32,162.21,55.58,0
2023-02-24,-3.9,-11.3,-0.5,23.5,31.0,1.0,0.84,88,949.6,240.0,564.0,10.8,21.9,13254.0,-0.8987940462991668,-0.43837114678907774,0.8111602420785621,0.5848239578463323,1,0,204,5.75,12.88,16.59,16.16,160.58,50.46,0
2023-02-25,-12.7,-14.3,-11.6,22.9,34.9,0.0,0.0,85,960.8,310.0,525.0,2.700000000000001,30.7,12022.5,-0.9510565162951535,-0.30901699437494756,0.821100117812889,0.5707841943569038,1,1,205,5.19,7.42,11.56,18.39,164.75,71.79,0
2023-02-26,-12.6,-15.0,-9.1,19.8,26.9,0.0,0.0,83,974.1,40.0,271.0,5.9,30.6,5365.8,-0.754709580222772,-0.6560590289905073,0.8307970168121248,0.5565755266413303,1,1,206,8.75,12.63,30.42,23.68,212.46,65.88,0
2023-02-27,-11.2,-17.2,-4.3,13.4,20.6,0.0,0.0,72,970.8,45.0,132.0,12.899999999999999,29.2,1768.8,0.03489949670250114,-0.9993908270190958,0.8402480696078469,0.5422021592729844,1,0,207,15.56,22.5,49.21,31.57,238.88,51.42,0
2023-02-28,-5.9,-11.0,-0.9,26.9,33.7,0.0,0.0,69,959.8,155.0,348.0,10.1,23.9,9361.199999999999,-0.5299192642332048,-0.8480480961564261,0.8494504794814806,0.527668345562516,1,0,208,15.31,22.2,18.9,19.41,182.46,81.62,0
2023-03-01,-0.8,-4.5,2.6,38.6,47.3,0.0,0.0,75,950.2,380.0,562.0,7.1,18.8,21693.2,-0.46947156278589086,-0.8829475928589269,0.8584015232918917,0.512978386299228,1,0,209,15.05,22.67,10.63,15.83,186.38,81.21,0
2023-03-02,1.6,0.2,3.1,36.7,50.1,14.0,8.19,90,944.5,400.0,837.0,2.9,16.4,30717.9,-0.6819983600624984,-0.7313537016191706,0.8670985522812081,0.4981366284784055,1,0,210,15.05,35.76,13.79,11.39,156.25,56.38,0
2023-03-03,-4.5,-10.6,0.1,24.2,37.4,5.3,3.71,87,947.2,290.0,626.0,10.7,22.5,15149.199999999999,-0.9902680687415703,-0.13917310096006583,0.8755389928586303,0.4831474640149685,1,0,211,2.89,4.35,10.79,15.87,141.79,58.83,0
2023-03-04,-10.7,-13.5,-7.1,23.8,32.5,0.0,0.0,79,958.7,95.0,345.0,6.4,28.7,8211.0,-0.5591929034707467,-0.8290375725550418,0.8837203473619977,0.4680153284438345,1,1,212,7.79,11.75,23.41,18.19,172.71,65.96,0
2023-03-05,-6.9,-13.9,-1.3,18.6,25.1,5.1,3.57,85,948.1,75.0,258.0,12.6,24.9,4798.8,-0.39073112848927355,-0.9205048534524404,0.8916401947968874,0.45274469960737107,1,1,213,13.98,23.48,36.16,24.18,182.12,45.21,0
2023-03-06,-3.4,-5.4,-1.1,23.8,30.2,0.0,0.0,92,952.4,250.0,501.0,4.300000000000001,21.4,11923.800000000001,-0.8386705679454242,-0.544639035015027,0.8992961915530253,0.4373400963303323,1,0,214,4.8,7.1,15.95,15.83,146.0,51.5,0
2023-03-07,0.3,-7.3,7.3,33.9,60.8,8.7,0.0,88,944.4,50.0,486.0,14.6,17.7,16475.399999999998,-0.2588190451025208,-0.9659258262890683,0.9066860720977985,0.4218060770826634,1,0,215,10.24,28.57,17.2,15.71,157.88,57.12,0
2023-03-08,-3.0,-10.8,3.7,28.2,59.1,0.7,0.42,89,952.0,90.0,620.0,14.5,21.0,17484.0,-0.9975640502598243,0.06975647374412522,0.9138076496466615,0.4061472386305789,1,0,216,4.67,11.15,16.99,13.59,145.25,53.25,0
2023-03-09,-8.4,-12.0,-3.9,11.0,15.8,0.0,0.0,87,966.4,40.0,101.0,8.1,26.4,1111.0,-0.12186934340514731,-0.9925461516413221,0.9206588168102429,0.39036821467630245,1,0,217,11.1,15.88,34.49,44.23,220.88,43.58,0
2023-03-10,-6.2,-12.6,0.4,15.6,22.9,0.0,0.0,68,961.6,60.0,171.0,13.0,24.2,2667.6,0.6819983600624986,-0.7313537016191705,0.9272375462179537,0.374473674486883,1,0,218,14.46,20.82,32.36,23.86,183.21,55.67,0
2023-03-11,1.2,-2.1,3.3,24.5,35.2,10.7,0.0,80,948.4,190.0,307.0,5.4,16.8,7521.5,-0.12186934340514731,-0.9925461516413221,0.9335418911179212,0.35846832151248087,1,1,219,16.67,29.65,27.07,17.4,186.17,50.62,0
2023-03-12,-1.1,-4.8,1.4,16.5,22.4,0.0,0.0,92,957.9,160.0,360.0,6.199999999999999,19.1,5940.0,0.15643446504023087,0.9876883405951378,0.9395699859530622,0.342356891994542,1,1,220,9.04,16.82,14.08,13.87,141.0,41.42,0
2023-03-13,-4.8,-8.8,0.7,19.3,26.8,0.0,0.0,78,966.5,90.0,260.0,9.5,22.8,5018.0,0.9993908270190958,-0.034899496702500955,0.945320046913132,0.3261441535642696,1,0,221,7.3,10.79,18.53,29.33,152.58,51.88,0
2023-03-14,-6.2,-12.4,0.2,12.3,17.7,0.0,0.0,77,959.1,45.0,79.0,12.6,24.2,971.7,0.7431448254773942,-0.6691306063588582,0.9507903724625832,0.3098349038318025,1,0,222,18.8,27.16,37.56,33.67,251.58,47.12,0
2023-03-15,-4.6,-10.2,-1.9,23.6,32.8,0.9,0.63,79,955.7,135.0,540.0,8.299999999999999,22.6,12744.0,-0.9993908270190958,-0.03489949670250076,0.9559793438440766,0.2934339689665273,1,0,223,8.85,13.1,16.35,14.1,146.29,65.79,0
2023-03-16,-5.4,-11.1,-2.2,22.2,32.5,2.1,1.47,87,957.0,130.0,519.0,8.899999999999999,23.4,11521.8,-0.9975640502598243,0.06975647374412522,0.9608854255574977,0.27694620226893646,1,0,224,7.57,11.5,19.04,16.35,151.79,72.0,0
2023-03-17,-6.0,-9.7,-3.4,14.9,19.3,0.4,0.28,87,958.9,115.0,384.0,6.299999999999999,24.0,5721.6,0.4694715627858908,0.882947592858927,0.9655071658143364,0.2603764827344579,1,0,225,4.53,6.54,17.19,27.25,145.58,60.12,0
2023-03-18,-6.2,-10.1,-1.6,13.8,18.5,0.0,0.0,88,959.2,65.0,178.0,8.5,24.2,2456.4,-0.19080899537654467,0.981627183447664,0.969843196967294,0.24372971360968387,1,1,226,10.67,15.6,22.5,25.29,155.58,61.17,0
2023-03-19,-6.7,-13.3,-1.8,22.4,33.5,0.8,0.56,84,960.1,90.0,461.0,11.5,24.7,10326.4,-0.05233595624294437,0.9986295347545738,0.9738922359149924,0.22701082094141847,1,1,227,9.99,14.35,12.68,14.74,141.12,72.67,0
2023-03-20,-12.4,-17.3,-5.3,18.3,24.4,0.0,0.0,69,965.3,120.0,338.0,12.0,30.4,6185.400000000001,0.9961946980917455,0.08715574274765814,0.9776530844816641,0.21022475211898378,1,0,228,3.76,5.64,17.37,24.51,139.75,79.29,0
2023-03-21,-11.6,-18.0,-2.8,10.7,15.5,0.0,0.0,69,958.7,25.0,77.0,15.2,29.6,823.9,0.8829475928589269,-0.4694715627858909,0.9811246297717121,0.19337647441020564,1,0,229,17.5,25.4,38.43,49.54,266.21,62.12,0
2023-03-22,-8.4,-16.2,-0.3,10.0,15.0,0.0,0.0,70,954.8,20.0,85.0,15.899999999999999,26.4,850.0,0.9986295347545738,-0.05233595624294384,0.984305844499033,0.17647097349152166,1,0,230,24.26,34.95,38.13,64.46,239.71,58.62,0
2023-03-23,-4.6,-10.9,1.7,11.9,14.3,0.0,0.0,78,953.4,35.0,118.0,12.6,22.6,1404.2,-0.5150380749100542,-0.8571673007021123,0.9871957872910085,0.15951325197263633,1,0,231,30.75,44.42,34.55,84.77,226.33,58.17,0
2023-03-24,-3.6,-8.5,0.8,4.8,9.5,0.0,0.0,96,957.1,15.0,55.0,9.3,21.6,264.0,0.01745240643728344,-0.9998476951563913,0.9897936029670716,0.14250832791617088,1,0,232,44.31,67.55,40.74,138.55,333.5,39.04,0
2023-03-25,-3.0,-6.9,1.3,5.7,10.0,0.0,0.0,98,955.9,10.0,60.0,8.200000000000001,21.0,342.0,0.8746197071393959,-0.484809620246337,0.992098522791769,0.1254612333527367,1,1,233,46.53,68.28,50.55,173.23,399.33,42.33,0
2023-03-26,0.8,-4.6,6.3,9.8,11.5,0.0,0.0,84,951.5,30.0,142.0,10.899999999999999,17.2,1391.6000000000001,-0.7771459614569706,-0.6293203910498378,0.9941098647022418,0.10837701279187609,1,1,234,18.6,30.38,39.02,94.86,236.42,39.92,0
2023-03-27,-0.6,-4.8,4.9,6.6,12.3,0.0,0.0,96,955.2,15.0,123.0,9.7,18.6,811.8,-0.9396926207859084,-0.34202014332566855,0.9958270335100595,0.09126072172931188,1,0,235,26.5,43.28,32.1,145.92,271.62,30.92,1
2023-03-28,2.0,-4.4,9.7,8.3,11.0,0.0,0.0,78,954.3,30.0,289.0,14.1,16.0,2398.7000000000003,0.788010753606722,-0.6156614753256583,0.9972495210773451,0.07411742515094415,1,0,236,20.51,31.98,37.17,97.8,254.0,34.5,1
2023-03-29,4.6,-3.4,14.6,7.6,12.3,0.0,0.0,70,948.5,40.0,305.0,18.0,13.4,2318.0,0.9998476951563913,0.0174524064372836,0.998376906467142,0.05695219603403953,1,0,237,16.85,25.95,19.3,53.4,191.88,51.17,0
2023-03-30,0.4,-4.2,4.8,22.3,25.6,0.0,0.0,70,957.2,115.0,556.0,9.0,17.6,12398.800000000001,0.7313537016191705,0.6819983600624985,0.9992088560679753,0.03977011384605594,1,0,238,3.85,6.02,1.92,7.37,129.04,62.5,0
2023-03-31,-2.6,-6.8,3.2,19.6,25.6,0.0,0.0,55,967.8,345.0,680.0,10.0,20.6,13328.000000000002,0.9659258262890683,0.25881904510252074,0.9997451236925734,0.022576263041545485,1,0,239,4.78,7.28,5.1,21.39,137.92,73.71,0
2023-04-01,-1.6,-6.2,4.8,21.2,26.1,0.0,0.0,47,968.9,305.0,565.0,11.0,19.6,11978.0,0.9998476951563913,0.0174524064372836,0.9999855506507186,0.005375731557583884,0,1,240,3.63,5.25,3.69,14.95,145.79,79.54,0
2023-04-02,-0.0,-6.3,8.0,22.6,25.2,0.0,0.0,38,965.4,325.0,470.0,14.3,18.0,10622.0,0.9993908270190958,0.03489949670250108,0.9999300657962057,-0.011826390691832589,0,1,241,4.38,6.27,3.65,13.92,150.83,83.0,0
2023-04-03,3.9,-2.8,12.6,22.2,24.2,0.0,0.0,35,963.9,245.0,532.0,15.399999999999999,14.1,11810.4,0.9993908270190958,-0.034899496702500955,0.9995786855478958,-0.029025013321975237,0,0,242,4.52,6.56,2.77,8.89,141.33,80.67,0
2023-04-04,5.7,-2.1,15.2,17.3,20.1,0.0,0.0,38,960.6,180.0,445.0,17.3,12.3,7698.5,0.9975640502598242,-0.06975647374412533,0.9989315138848577,-0.046215046983708576,0,0,243,9.94,14.6,5.93,19.54,154.71,74.0,0
2023-04-05,6.5,-2.3,16.3,12.7,17.6,0.0,0.0,44,957.7,90.0,368.0,18.6,11.5,4673.599999999999,0.9876883405951378,-0.1564344650402308,0.9979887423155984,-0.06339140486951038,0,0,244,9.14,13.27,6.04,17.84,154.58,65.21,0
2023-04-06,6.4,-1.8,16.0,9.1,13.0,0.0,0.0,52,949.4,25.0,401.0,17.8,11.6,3649.1,0.766044443118978,-0.6427876096865394,0.9967506498213929,-0.0805490042187419,0,0,245,9.79,14.59,17.25,47.43,165.46,51.83,0
2023-04-07,6.2,-1.1,14.1,18.1,29.0,2.7,0.0,68,946.1,100.0,644.0,15.2,11.8,11656.400000000001,-0.8090169943749476,0.5877852522924729,0.9952176027737294,-0.09768276782171598,0,0,246,13.43,24.12,15.55,27.6,191.62,42.62,0
2023-04-08,-1.4,-4.7,3.1,15.2,22.9,0.0,0.0,55,958.3,105.0,652.0,7.800000000000001,19.4,9910.4,0.6156614753256583,0.7880107536067219,0.9933900548258936,-0.11478762552212723,0,1,247,7.28,10.48,3.6,12.29,130.12,73.83,0
2023-04-09,0.3,-6.5,7.5,6.8,10.2,0.0,0.0,41,959.9,50.0,376.0,14.0,17.7,2556.7999999999997,0.9455185755993167,0.32556815445715676,0.9912685467787256,-0.1318585157173914,0,1,248,10.68,15.3,10.16,38.74,148.75,71.17,0
2023-04-10,4.2,-3.6,12.0,10.4,16.1,0.0,0.0,48,951.1,65.0,610.0,15.6,13.8,6344.0,-0.6946583704589974,-0.7193398003386511,0.9888537064205885,-0.1488903868564546,0,0,249,7.43,10.65,13.88,32.68,157.29,53.88,0
2023-04-11,4.6,-2.8,12.2,16.6,30.7,0.0,0.0,55,950.7,60.0,828.0,15.0,13.4,13744.800000000001,-0.9563047559630354,0.2923717047227367,0.986146248341595,-0.16587819893463143,0,0,250,5.89,8.43,5.94,20.38,157.12,63.5,0
2023-04-12,2.9,-4.5,10.7,8.4,11.1,0.0,0.0,50,959.1,40.0,464.0,15.2,15.1,3897.6000000000004,0.4383711467890773,-0.898794046299167,0.9831469737221499,-0.1828169249850199,0,0,251,7.77,11.2,17.66,35.74,181.25,54.38,0
2023-04-13,8.9,1.5,16.9,12.9,23.7,0.0,0.0,46,954.8,35.0,738.0,15.399999999999999,9.1,9520.2,-0.848048096156426,-0.529919264233205,0.9798567700958665,-0.1997015525660638,0,0,252,7.89,11.38,18.35,29.89,191.33,49.67,0
2023-04-14,10.4,5.4,16.6,16.6,37.8,0.9,0.0,56,943.0,75.0,357.0,11.200000000000001,7.6,5926.200000000001,0.9993908270190958,0.03489949670250108,0.9762766110869321,-0.2165270852448146,0,0,253,12.15,18.22,18.67,36.49,188.83,38.21,0
2023-04-15,-2.9,-7.3,3.0,25.6,36.7,1.9,0.56,79,941.2,250.0,354.0,10.3,20.9,9062.4,0.7071067811865475,0.7071067811865476,0.9724075561219969,-0.233288544075455,0,1,254,4.92,7.08,10.2,25.61,127.25,65.08,0
2023-04-16,-0.9,-7.3,5.8,20.9,30.4,5.6,1.47,66,946.9,315.0,528.0,13.1,18.9,11035.199999999999,0.981627183447664,0.19080899537654492,0.9682507501166718,-0.2499809690726523,0,1,255,8.69,13.41,7.26,32.13,143.21,70.08,0
2023-04-17,-0.7,-4.9,4.2,19.8,30.7,5.4,2.31,77,945.4,350.0,912.0,9.100000000000001,18.7,18057.600000000002,-0.7431448254773946,0.6691306063588578,0.9638074231367307,-0.26659942067929354,0,0,256,11.74,19.07,6.4,20.22,146.29,66.75,0
2023-04-18,-0.3,-8.2,6.0,17.3,30.3,0.2,0.14,60,964.6,40.0,990.0,14.2,18.3,17127.0,-0.9961946980917455,-0.08715574274765825,0.9590788900341131,-0.28313898122818354,0,0,257,14.08,20.21,7.35,26.24,148.79,78.67,0
2023-04-19,0.7,-4.8,4.3,13.7,19.9,1.0,0.7,66,965.8,145.0,664.0,9.1,17.3,9096.8,-0.29237170472273716,0.9563047559630353,0.9540665500578386,-0.2995947563972604,0,0,258,14.35,20.57,7.1,17.12,147.29,71.29,0
2023-04-20,-0.0,-6.6,6.3,10.9,15.8,0.0,0.0,53,963.0,95.0,558.0,12.899999999999999,18.0,6082.2,0.8910065241883679,0.45399049973954686,0.9487718864399474,-0.3159618766579027,0,0,259,20.56,29.45,5.59,24.07,147.12,76.5,0
2023-04-21,3.1,-4.6,10.1,9.2,15.6,0.0,0.0,47,958.3,45.0,687.0,14.7,14.9,6320.4,0.8910065241883679,-0.45399049973954675,0.9431964659565865,-0.3322354987159046,0,0,260,11.62,16.63,7.96,30.54,173.33,65.54,0
2023-04-22,6.4,-2.9,14.2,7.5,16.6,0.0,0.0,49,958.1,15.0,658.0,17.099999999999998,11.6,4935.0,-0.17364817766693047,-0.984807753012208,0.9373419384643773,-0.3484108069446806,0,1,261,16.57,23.8,20.1,49.39,214.92,53.04,0
2023-04-23,11.0,3.7,17.4,21.9,30.4,0.1,0.0,32,952.8,145.0,779.0,13.7,7.0,17060.1,1.2246467991473532e-16,-1.0,0.9312100364121947,-0.3644830148102912,0,1,262,7.1,10.22,9.75,18.85,163.67,72.58,0
2023-04-24,9.7,5.3,14.5,18.8,30.1,1.3,0.0,60,951.8,80.0,770.0,9.2,8.3,14476.0,-0.9702957262759966,0.24192189559966745,0.9248025743285089,-0.38044736628785186,0,0,263,8.31,13.62,4.85,15.9,148.25,61.83,0
2023-04-25,9.4,0.4,17.6,11.5,20.2,0.0,0.0,54,962.6,15.0,750.0,17.200000000000003,8.6,8625.0,-0.8571673007021123,0.5150380749100542,0.9181214482844365,-0.39629913726891797,0,0,264,6.26,9.08,8.36,26.1,145.0,61.21,0
2023-04-26,13.4,6.2,20.5,11.8,18.7,0.0,0.0,46,962.0,40.0,840.0,14.3,4.6,9912.0,-0.6293203910498378,0.7771459614569706,0.9111686353326631,-0.41203363695942635,0,0,265,4.0,5.83,5.36,19.66,142.29,66.25,0
2023-04-27,13.7,4.4,21.8,6.2,10.7,0.0,0.0,49,959.1,20.0,625.0,17.4,4.300000000000001,3875.0,0.9335804264972017,-0.35836794954530027,0.9039461929224011,-0.42764620926777464,0,0,266,8.74,12.6,15.15,46.22,169.04,59.25,0
2023-04-28,15.8,5.7,23.8,7.5,12.8,0.0,0.0,45,953.0,15.0,655.0,18.1,2.1999999999999993,4912.5,-0.4067366430758002,-0.9135454576426009,0.8964562582905575,-0.44313223418263453,0,0,267,10.58,15.16,23.21,42.88,185.75,60.58,0
2023-04-29,16.5,5.7,24.4,10.8,25.3,0.0,0.0,44,947.5,25.0,990.0,18.7,1.5,10692.0,0.754709580222772,0.6560590289905073,0.8887010478292913,-0.45848712914008805,0,1,268,13.41,19.3,10.9,39.98,159.62,65.92,0
2023-04-30,9.4,5.0,13.9,18.7,24.2,0.0,0.0,37,953.1,60.0,657.0,8.9,8.6,12285.9,0.5150380749100542,0.8571673007021123,0.8806828564301475,-0.47370635037968,0,1,269,9.1,13.39,5.74,23.9,152.92,63.46,0
2023-05-01,4.6,1.2,8.6,8.4,16.4,1.4,0.0,62,955.0,35.0,501.0,7.3999999999999995,13.4,4208.400000000001,0.35836794954530027,0.9335804264972017,0.8724040568049614,-0.48878539428899226,0,0,270,11.46,16.54,7.85,25.99,160.21,51.04,0
2023-05-02,3.2,-1.7,7.8,15.8,21.6,0.0,0.0,51,959.5,50.0,779.0,9.5,14.8,12308.2,0.3420201433256687,0.9396926207859084,0.8638670987837349,-0.503719798736334,0,0,271,7.74,11.07,3.57,15.12,145.33,63.62,0
2023-05-03,4.3,-4.1,10.8,11.6,17.6,0.0,0.0,44,965.7,10.0,977.0,14.9,13.7,11333.199999999999,0.6691306063588582,0.7431448254773942,0.8550745085896932,-0.518505144391157,0,0,272,10.45,14.95,5.6,21.42,161.46,60.33,0
2023-05-04,6.0,-2.3,12.9,9.6,13.6,0.0,0.0,44,967.6,55.0,757.0,15.2,12.0,7267.2,0.9902680687415704,0.13917310096006547,0.8460288880917337,-0.5331370560318094,0,0,273,9.54,13.64,5.47,20.17,159.46,56.29,0
2023-05-05,9.7,-0.5,18.5,6.5,10.5,0.0,0.0,46,966.2,25.0,607.0,19.0,8.3,3945.5,0.7313537016191705,0.6819983600624985,0.8367329140344921,-0.5476112038402312,0,0,274,9.82,14.07,11.41,35.73,184.33,57.33,0
2023-05-06,14.2,4.0,22.7,11.1,15.9,0.0,0.0,42,960.7,45.0,861.0,18.7,3.8000000000000007,9557.1,0.9743700647852352,0.22495105434386492,0.8271893372462497,-0.5619233046832195,0,1,275,7.6,11.28,4.71,24.33,169.42,68.17,0
2023-05-07,15.3,6.3,23.3,9.4,16.5,0.0,0.0,38,957.6,35.0,818.0,17.0,2.6999999999999993,7689.200000000001,0.6560590289905073,0.754709580222772,0.8174009818249192,-0.5760691233798755,0,1,276,6.15,8.81,5.74,26.33,159.67,72.92,0
2023-05-08,16.7,5.7,25.3,6.2,9.4,0.0,0.0,38,955.6,25.0,912.0,19.6,1.3000000000000007,5654.400000000001,-0.3090169943749473,-0.9510565162951536,0.8073707443023492,-0.5900444739548627,0,0,277,7.86,11.37,21.58,33.9,210.5,62.62,0
2023-05-09,18.7,9.0,26.4,15.2,26.4,0.0,0.0,33,955.4,20.0,1174.0,17.4,0.0,17844.8,-0.754709580222772,-0.6560590289905073,0.7971015927871941,-0.6038452208771039,0,0,278,14.38,21.0,22.53,32.07,239.96,59.0,0
2023-05-10,17.1,9.9,24.1,15.0,21.3,0.0,0.0,38,956.3,135.0,414.0,14.200000000000001,0.8999999999999986,6210.0,0.9876883405951378,0.15643446504023092,0.7865965660866021,-0.6174672802835514,0,0,279,31.8,48.54,9.54,27.43,260.88,60.79,0
2023-05-11,21.2,14.4,28.5,17.6,26.5,0.0,0.0,31,950.1,165.0,1232.0,14.1,0.0,21683.2,-0.5591929034707467,-0.8290375725550418,0.7758587728069828,-0.6309066211876704,0,0,280,14.48,22.69,5.24,15.29,186.12,80.62,0
2023-05-12,16.5,11.8,21.6,21.6,25.6,0.0,0.0,45,950.8,295.0,651.0,9.8,1.5,14061.6,0.8987940462991669,0.43837114678907746,0.7648913904341226,-0.6441592666722685,0,0,281,25.04,38.84,6.07,13.08,266.38,79.33,0
2023-05-13,18.0,10.4,26.4,23.0,41.7,1.8,0.0,45,945.2,175.0,1153.0,15.999999999999998,0.0,26519.0,-0.9702957262759965,-0.24192189559966779,0.753697664392914,-0.6572212950663319,0,1,282,14.0,22.55,4.79,9.7,206.08,72.79,0
2023-05-14,11.6,5.9,16.6,20.7,31.7,0.1,0.0,55,945.3,65.0,1096.0,10.700000000000001,6.4,22687.2,-0.8829475928589271,0.4694715627858904,0.742280907086982,-0.6700888411055113,0,1,283,7.37,10.59,4.25,12.05,169.04,65.71,0
2023-05-15,10.2,2.3,16.8,12.8,17.2,0.0,0.0,49,954.0,170.0,858.0,14.5,7.800000000000001,10982.400000000001,0.7986355100472928,0.6018150231520483,0.7306444969184914,-0.6827580970759151,0,0,284,8.2,12.22,3.28,11.55,151.0,76.92,0
2023-05-16,13.8,5.6,20.2,10.0,14.3,0.0,0.0,34,953.3,75.0,806.0,14.6,4.199999999999999,8060.0,0.992546151641322,0.12186934340514749,0.7187918772884229,-0.6952253139408725,0,0,285,16.44,23.48,6.45,22.82,363.5,81.04,0
2023-05-17,17.0,9.8,23.6,17.6,30.2,0.0,0.0,35,953.9,125.0,1144.0,13.8,1.0,20134.4,0.992546151641322,0.12186934340514749,0.7067265555776159,-0.7074868024503348,0,0,286,18.34,26.28,4.75,14.3,249.04,79.54,0
2023-05-18,10.0,7.9,13.0,16.2,29.6,7.2,0.0,53,956.7,370.0,749.0,5.1,8.0,12133.8,0.9993908270190958,-0.034899496702500955,0.6944521021088763,-0.719538934232584,0,0,287,9.05,13.22,8.95,7.83,140.96,52.71,0
2023-05-19,11.9,7.4,17.0,16.8,22.5,0.0,0.0,37,955.4,280.0,1232.0,9.6,6.1,20697.600000000002,0.984807753012208,0.17364817766693041,0.6819721490904626,-0.7313781428679257,0,0,288,8.49,12.32,5.65,5.76,135.83,61.21,0
2023-05-20,14.9,8.2,21.1,21.1,23.9,0.0,0.0,28,951.6,270.0,1063.0,12.900000000000002,3.0999999999999996,22429.300000000003,0.9335804264972017,0.3583679495453004,0.6692903895412567,-0.7430009249440493,0,1,289,4.85,6.93,4.35,4.56,139.12,70.54,0
2023-05-21,16.2,10.3,21.4,19.5,24.4,0.0,0.0,29,953.9,265.0,1268.0,11.099999999999998,1.8000000000000007,24726.0,0.8660254037844386,0.5000000000000001,0.6564105761979381,-0.7544038410927472,0,1,290,4.56,6.61,2.95,6.9,138.12,78.83,0
2023-05-22,15.6,7.2,21.9,11.5,17.7,0.0,0.0,38,957.8,65.0,1308.0,14.7,2.4000000000000004,15042.0,0.6293203910498374,0.7771459614569709,0.6433365204044917,-0.765583517007675,0,0,291,8.58,12.36,3.54,17.93,137.5,71.17,0
2023-05-23,16.0,9.6,22.7,13.1,30.7,0.2,0.0,47,959.4,90.0,1092.0,13.1,2.0,14305.199999999999,0.43837114678907746,0.898794046299167,0.630072090984369,-0.7765366444428653,0,0,292,14.62,21.08,3.58,15.32,166.04,72.29,0
2023-05-24,16.2,7.8,22.1,12.3,20.1,0.0,0.0,45,958.4,45.0,1185.0,14.3,1.8000000000000007,14575.5,0.5150380749100542,0.8571673007021123,0.6166212130956382,-0.7872599821916922,0,0,293,12.2,17.49,3.03,17.15,161.88,70.25,0
2023-05-25,17.4,9.9,23.6,12.3,18.9,0.0,0.0,40,957.0,70.0,1152.0,13.700000000000001,0.6000000000000014,14169.6,0.3420201433256687,0.9396926207859084,0.6029878670694714,-0.7977503570459932,0,0,294,9.84,14.11,3.68,17.12,157.67,63.58,0
2023-05-26,14.6,12.2,16.8,11.7,21.8,8.8,0.0,64,954.8,25.0,874.0,4.600000000000001,3.4000000000000004,10225.8,0.5299192642332049,0.848048096156426,0.5891760872322963,-0.8080046647350754,0,0,295,28.88,41.47,4.17,14.63,191.54,73.75,0
2023-05-27,14.4,8.8,18.7,18.7,24.2,0.0,0.0,37,955.7,245.0,1077.0,9.899999999999999,3.5999999999999996,20139.899999999998,0.573576436351046,0.8191520442889918,0.5751899607119779,-0.8180198708443172,0,1,296,4.95,7.12,3.92,16.66,136.25,65.71,0
2023-05-28,13.7,6.4,19.3,9.7,13.6,0.0,0.0,36,959.0,50.0,971.0,12.9,4.300000000000001,9418.699999999999,0.9135454576426009,0.4067366430758002,0.5610336262283677,-0.8277930117131022,0,1,297,7.72,11.06,5.49,18.43,146.21,59.83,0
2023-05-29,15.7,7.5,23.3,11.3,17.3,0.0,0.0,41,959.3,45.0,1069.0,15.8,2.3000000000000007,12079.7,-0.8191520442889916,-0.5735764363510464,0.5467112728685936,-0.8373211953118124,0,0,298,11.18,16.29,11.06,21.13,172.38,60.71,0
2023-05-30,19.8,11.5,27.1,8.4,28.5,1.0,0.0,54,957.5,50.0,785.0,15.600000000000001,0.0,6594.0,-0.8480480961564262,0.5299192642332047,0.5322271388474397,-0.8466016020976267,0,0,299,17.55,27.23,10.75,22.37,190.38,66.75,0
2023-05-31,20.6,12.7,26.8,9.3,19.8,0.1,0.0,57,956.4,50.0,938.0,14.100000000000001,0.0,8723.400000000001,0.9455185755993167,0.32556815445715676,0.5175855102531889,-0.8556314858488706,0,0,300,15.35,22.81,14.8,24.92,211.92,69.92,0
2023-06-01,21.0,14.3,27.2,11.8,15.2,0.0,0.0,31,956.3,105.0,961.0,12.899999999999999,0.0,11339.800000000001,0.9563047559630355,-0.29237170472273666,0.5027907197793039,-0.864408174477665,0,0,301,5.86,8.4,4.55,14.75,142.0,73.54,0
2023-06-02,21.5,13.6,27.8,14.4,19.6,0.0,0.0,29,957.5,95.0,905.0,14.200000000000001,0.0,13032.0,0.9993908270190958,-0.034899496702500955,0.4878471454423119,-0.8729290708206411,0,0,302,6.55,9.4,4.1,12.2,151.71,78.17,0
2023-06-03,22.8,15.0,29.5,16.9,23.8,0.0,0.0,29,956.5,135.0,986.0,14.5,0.0,16663.399999999998,0.9986295347545738,0.052335956242943966,0.47275920928627757,-0.881191653407483,0,1,303,7.12,10.22,3.15,10.42,146.92,89.04,0
2023-06-04,25.1,16.5,31.8,15.7,19.0,0.0,0.0,27,953.0,120.0,1172.0,15.3,0.0,18400.399999999998,0.9998476951563913,-0.017452406437283477,0.4575313760742512,-0.8891934772070711,0,1,304,4.48,6.43,3.27,11.26,146.38,83.0,0
2023-06-05,26.7,18.1,33.6,12.2,16.4,0.0,0.0,24,948.7,35.0,1427.0,15.5,0.0,17409.399999999998,0.9993908270190958,-0.034899496702500955,0.44216815196707204,-0.8969321743510065,0,0,305,5.28,7.87,4.4,14.53,146.83,83.12,0
2023-06-06,25.6,17.3,32.3,11.1,23.4,0.0,0.0,29,947.6,20.0,728.0,14.999999999999996,0.0,8080.8,0.39073112848927377,-0.9205048534524404,0.42667408318992467,-0.9044054548343001,0,0,306,10.41,17.19,15.44,27.63,190.92,86.17,0
2023-06-07,25.5,17.8,33.0,9.1,17.5,0.0,0.0,33,945.6,20.0,1178.0,15.2,0.0,10719.8,0.3420201433256689,-0.9396926207859083,0.41105375468703553,-0.9116111071930236,0,0,307,11.78,19.91,13.82,30.14,182.96,94.38,0
2023-06-08,25.9,20.7,31.8,18.7,35.0,0.6,0.0,33,945.7,100.0,1062.0,11.100000000000001,0.0,19859.399999999998,-0.8386705679454242,-0.544639035015027,0.3953117887649151,-0.9185469991587165,0,0,308,6.53,13.35,11.47,18.55,167.67,75.04,0
2023-06-09,19.3,15.9,26.1,10.5,19.2,8.8,0.0,76,948.4,60.0,379.0,10.200000000000001,0.0,3979.5,-0.01745240643728356,0.9998476951563913,0.37945284372454396,-0.9252110782893581,0,0,309,19.43,28.4,11.05,27.05,210.92,57.58,0
2023-06-10,19.1,13.9,23.4,14.7,23.3,0.2,0.0,56,952.0,80.0,1001.0,9.499999999999998,0.0,14714.699999999999,0.15643446504023087,0.9876883405951378,0.36348161248290634,-0.9316013725767187,0,1,310,12.96,18.69,2.95,10.38,170.75,73.96,0
2023-06-11,18.8,11.6,24.4,10.3,14.4,0.0,0.0,48,955.2,90.0,1029.0,12.799999999999999,0.0,10598.7,0.9659258262890683,0.25881904510252074,0.3474028211842774,-0.9377159910299093,0,1,311,14.14,20.25,4.77,20.76,161.79,76.38,0
2023-06-12,20.7,12.4,27.7,8.1,15.4,0.0,0.0,46,954.9,25.0,985.0,15.299999999999999,0.0,7978.5,0.8987940462991669,0.43837114678907746,0.33122122780168606,-0.9435531242349545,0,0,312,12.35,17.74,7.76,22.97,172.0,78.71,0
2023-06-13,20.7,13.2,28.2,15.8,36.7,0.0,0.0,43,952.5,110.0,1010.0,15.0,0.0,15958.0,0.6691306063588582,0.7431448254773942,0.3149416207289515,-0.9491110448902285,0,0,313,8.53,12.63,3.87,16.94,146.08,75.5,0
2023-06-14,15.8,9.5,21.4,24.4,30.7,0.0,0.0,44,954.1,525.0,998.0,11.899999999999999,2.1999999999999993,24351.199999999997,0.8987940462991669,0.43837114678907746,0.2985688173637198,-0.9543881083175909,0,0,314,11.77,17.29,3.29,13.9,131.75,68.54,0
2023-06-15,17.7,10.4,24.1,11.9,20.3,0.0,0.0,35,950.4,75.0,838.0,13.700000000000001,0.3000000000000007,9972.2,0.9902680687415704,0.13917310096006547,0.2821076626819194,-0.9593827529490743,0,0,315,10.35,14.94,4.93,16.55,155.08,73.5,0
2023-06-16,20.5,14.3,26.4,8.0,15.0,0.3,0.0,34,946.7,40.0,1064.0,12.099999999999998,0.0,8512.0,0.9563047559630355,-0.29237170472273666,0.2655630278040555,-0.9640935007889756,0,0,316,11.07,16.23,6.71,21.37,174.5,84.12,0
2023-06-17,22.6,14.1,32.1,9.1,24.5,0.0,0.0,32,944.4,30.0,1091.0,18.0,0.0,9928.1,-0.9659258262890683,-0.25881904510252063,0.248939808553767,-0.9685189578512203,0,1,317,10.43,15.67,10.32,23.67,181.75,80.04,0
2023-06-18,25.0,15.8,32.0,9.2,22.3,0.0,0.0,37,942.0,15.0,972.0,16.2,0.0,8942.4,0.90630778703665,-0.42261826174069933,0.23224292400907015,-0.9726578145718654,0,1,318,11.2,18.75,6.04,20.96,172.29,81.33,0
2023-06-19,24.9,18.5,31.0,25.4,38.6,4.4,0.0,35,932.8,140.0,1342.0,12.5,0.0,34086.799999999996,-0.374606593415912,-0.9271838545667874,0.21547731504673012,-0.976508846196619,0,0,319,9.2,18.31,4.75,12.6,147.38,85.29,0
2023-06-20,15.1,11.3,18.5,23.9,30.5,0.1,0.0,45,939.6,345.0,1389.0,7.199999999999999,2.9000000000000004,33197.1,-0.984807753012208,-0.17364817766693033,0.19864794288017112,-0.9800709131432666,0,0,320,6.01,8.67,3.77,8.74,140.96,72.54,0
2023-06-21,16.2,9.9,22.0,19.1,38.4,0.2,0.0,37,942.3,180.0,1298.0,12.1,1.8000000000000007,24791.800000000003,-0.9998476951563913,-0.017452406437283498,0.18175978759137534,-0.9833429613388902,0,0,321,10.55,15.24,6.24,13.19,143.92,67.71,0
2023-06-22,16.2,9.9,21.5,16.0,36.0,0.1,0.0,50,946.1,45.0,824.0,11.6,1.8000000000000007,13184.0,-0.9743700647852351,-0.22495105434386525,0.16481784665719793,-0.9863240225317866,0,0,322,9.09,14.13,5.04,14.09,144.29,60.92,0
2023-06-23,17.0,12.0,22.3,14.3,39.5,4.8,0.0,57,944.4,110.0,1261.0,10.3,1.0,18032.3,-0.882947592858927,-0.46947156278589075,0.14782713347053003,-0.9890132145779884,0,0,323,12.53,20.17,7.94,20.41,153.42,68.58,0
2023-06-24,13.2,9.8,16.4,12.1,31.0,4.2,0.0,68,948.6,115.0,727.0,6.599999999999998,4.800000000000001,8796.699999999999,-0.45399049973954697,0.8910065241883678,0.13079267585675877,-0.9914097417023039,0,1,324,14.15,20.39,5.15,13.53,119.96,51.75,0
2023-06-25,14.5,8.6,19.8,7.7,13.0,0.7,0.0,57,949.2,35.0,946.0,11.200000000000001,3.5,7284.2,0.24192189559966773,0.9702957262759965,0.11371951458594924,-0.9935128947338007,0,1,325,14.69,21.03,11.33,11.93,130.54,53.12,0
2023-06-26,18.4,10.7,25.2,15.1,23.8,0.2,0.0,47,942.9,160.0,530.0,14.5,0.0,8003.0,0.15643446504023098,-0.9876883405951377,0.0966127018812031,-0.9953220513156602,0,0,326,11.51,17.28,9.15,17.72,140.46,59.38,0
2023-06-27,17.8,14.1,21.6,28.2,38.8,0.4,0.0,50,934.7,400.0,1445.0,7.500000000000002,0.1999999999999993,40749.0,-0.848048096156426,-0.529919264233205,0.07947729992362142,-0.9968366760893435,0,0,327,7.98,12.12,3.63,9.26,144.25,68.92,0
2023-06-28,14.7,11.7,19.4,24.3,32.1,8.9,0.0,67,941.4,145.0,1163.0,7.699999999999999,3.3000000000000007,28260.9,-0.9781476007338056,0.20791169081775945,0.062318379354325076,-0.998056320853012,0,0,328,6.57,9.25,1.52,3.3,141.71,56.83,0
2023-06-29,16.6,9.1,23.4,10.2,16.2,0.1,0.0,53,950.0,45.0,909.0,14.299999999999999,1.3999999999999986,9271.8,-0.9816271834476639,0.1908089953765451,0.04514101777397193,-0.9989806246941579,0,0,329,10.58,15.03,2.53,5.02,155.88,60.25,0
2023-06-30,18.4,11.8,23.8,14.3,28.9,0.6,0.0,53,948.7,25.0,879.0,12.0,0.0,12569.7,-0.9659258262890684,0.2588190451025203,0.027950298240209875,-0.9996093140964041,0,0,330,11.03,16.13,2.75,5.24,167.75,68.33,0
2023-07-01,19.9,11.2,26.5,7.3,18.1,0.0,0.0,52,950.3,25.0,760.0,15.3,0.0,5548.0,0.6946583704589973,0.7193398003386512,0.01075130776352193,-0.9999422030204416,0,1,331,10.54,15.3,2.38,7.4,171.83,69.96,0
2023-07-02,23.4,14.4,31.4,12.8,17.2,0.0,0.0,32,949.2,65.0,1031.0,17.0,0.0,13196.800000000001,0.8090169943749475,-0.587785252292473,-0.00645086419810515,-0.9999791929590823,0,1,332,5.15,7.48,1.69,5.53,153.21,75.25,0
2023-07-03,25.3,17.2,32.1,15.6,22.2,0.0,0.0,27,945.4,55.0,1277.0,14.900000000000002,0.0,19921.2,0.12186934340514755,-0.992546151641322,-0.023651127245231586,-0.9997202729664083,0,0,333,4.63,7.57,2.13,4.92,156.79,77.33,0
2023-07-04,22.8,17.1,28.1,9.1,16.6,5.0,0.0,46,943.5,95.0,860.0,11.0,0.0,7826.0,-1.0,-1.8369701987210297e-16,-0.040844391543296554,-0.9991655196610109,0,0,334,11.19,22.88,2.9,9.33,170.96,90.29,0
2023-07-05,22.5,16.6,28.3,15.8,25.9,0.5,0.0,50,944.8,95.0,944.0,11.7,0.0,14915.2,0.8746197071393957,0.4848096202463371,-0.05802556932878035,-0.9983150972033183,0,0,335,8.9,15.29,1.62,3.39,163.67,72.96,0
2023-07-06,22.7,16.9,27.7,15.3,21.1,0.0,0.0,40,947.7,160.0,1220.0,10.8,0.0,18666.0,0.6156614753256583,0.7880107536067219,-0.07518957641475855,-0.9971692572470178,0,0,336,9.11,13.25,1.61,6.41,154.21,65.96,0
2023-07-07,21.5,16.8,26.0,13.2,30.3,5.1,0.0,60,948.4,55.0,1010.0,9.2,0.0,13332.0,0.1908089953765448,0.981627183447664,-0.09233133369539166,-0.9957283388645872,0,0,337,10.77,17.55,1.68,4.88,162.5,59.33,0
2023-07-08,22.2,15.8,26.7,11.2,16.8,0.3,0.0,54,949.7,60.0,958.0,10.899999999999999,0.0,10729.599999999999,-0.22495105434386534,0.9743700647852351,-0.10944576864891511,-0.9939927684469582,0,1,338,10.25,15.62,1.67,3.55,165.71,70.04,0
2023-07-09,22.2,14.8,27.4,10.6,16.5,0.0,0.0,42,951.0,50.0,1171.0,12.599999999999998,0.0,12412.6,0.43837114678907746,0.898794046299167,-0.12652781683868314,-0.9919630595773397,0,1,339,8.63,12.97,1.38,3.36,161.33,68.46,0
2023-07-10,23.1,14.6,30.1,8.3,15.2,0.0,0.0,46,952.0,50.0,968.0,15.500000000000002,0.0,8034.400000000001,0.8660254037844386,0.5000000000000001,-0.14357242341181176,-0.9896398128792412,0,0,340,8.35,12.51,1.7,4.77,168.62,70.33,0
2023-07-11,25.6,17.0,32.8,5.3,9.8,0.0,0.0,47,954.0,25.0,1077.0,15.799999999999997,0.0,5708.099999999999,0.9743700647852352,-0.22495105434386503,-0.1605745445949942,-0.9870237158387382,0,0,341,10.01,15.0,3.01,7.2,183.62,80.38,0
2023-07-12,28.5,20.7,34.8,9.8,13.3,0.0,0.0,38,953.7,70.0,1263.0,14.099999999999998,0.0,12377.400000000001,0.7547095802227721,-0.6560590289905072,-0.17752914918703497,-0.984115542601034,0,0,342,10.78,17.8,2.6,7.0,183.79,82.71,0
2023-07-13,29.5,23.7,34.5,11.1,19.6,0.2,0.0,33,948.5,155.0,932.0,10.8,0.0,10345.199999999999,0.3255681544571566,-0.9455185755993168,-0.19443122004766195,-0.9809161537413774,0,0,343,8.62,20.86,2.07,5.1,167.04,83.46,0
2023-07-14,27.9,21.6,31.7,20.6,27.3,0.0,0.0,30,941.4,90.0,1270.0,10.099999999999998,0.0,26162.0,-0.848048096156426,-0.529919264233205,-0.21127575558218015,-0.9774264960104053,0,0,344,5.44,10.43,1.68,4.1,156.92,81.21,0
2023-07-15,21.7,16.9,25.1,27.1,40.8,0.0,0.0,32,943.3,550.0,2061.0,8.200000000000003,0.0,55853.100000000006,-0.9455185755993168,-0.32556815445715664,-0.22805777122152024,-0.9736476020539838,0,1,345,5.98,8.72,1.38,2.81,140.29,78.79,0
2023-07-16,22.2,15.4,28.5,16.1,24.1,0.0,0.0,38,946.2,45.0,1163.0,13.1,0.0,18724.300000000003,-0.9998476951563913,0.01745240643728313,-0.24477230089725957,-0.9695805901076308,0,1,346,6.73,9.7,1.88,3.88,151.42,72.12,0
2023-07-17,25.1,16.2,32.2,8.6,16.8,0.0,0.0,38,949.9,55.0,1033.0,16.000000000000004,0.0,8883.8,0.8090169943749475,0.5877852522924731,-0.2614143985111566,-0.9652266636656129,0,0,347,6.14,12.25,2.35,6.13,158.62,72.08,0
2023-07-18,27.9,21.2,34.4,14.9,22.8,0.0,0.0,33,947.2,95.0,1344.0,13.2,0.0,20025.600000000002,0.6819983600624986,-0.7313537016191705,-0.2779791393987797,-0.960587111124813,0,0,348,6.22,13.55,1.73,4.28,155.92,75.46,0
2023-07-19,26.3,22.8,30.2,15.1,23.7,0.2,0.0,36,943.6,35.0,1105.0,7.399999999999999,0.0,16685.5,-0.848048096156426,-0.529919264233205,-0.2944616217868008,-0.9556633054034706,0,0,349,6.45,11.1,1.87,4.6,156.0,79.46,0
2023-07-20,23.7,18.3,28.4,18.8,32.6,0.1,0.0,42,945.2,30.0,1218.0,10.099999999999998,0.0,22898.4,-0.984807753012208,-0.17364817766693033,-0.31085696824350406,-0.9504567035349148,0,0,350,7.85,11.82,2.42,4.57,171.33,67.12,0
2023-07-21,23.9,17.0,31.5,14.2,28.3,0.2,0.0,45,947.7,50.0,1109.0,14.5,0.0,15747.8,-0.9563047559630353,-0.2923717047227371,-0.3271603271220951,-0.9449688462364056,0,0,351,8.54,12.65,2.65,4.7,170.54,71.17,0
2023-07-22,21.5,14.7,27.5,10.6,15.9,0.0,0.0,51,951.4,25.0,1018.0,12.8,0.0,10790.8,-0.7986355100472932,0.6018150231520479,-0.34336687399638804,-0.939201357453208,0,1,352,7.3,11.05,2.24,5.14,157.12,76.54,0
2023-07-23,23.4,15.0,30.7,9.6,15.8,0.0,0.0,40,949.1,35.0,1138.0,15.7,0.0,10924.8,-0.7313537016191703,-0.6819983600624986,-0.3594718130884232,-0.9331559438780432,0,1,353,6.54,10.0,3.64,7.93,172.54,73.33,0
2023-07-24,24.4,18.5,29.4,10.9,17.3,0.0,0.0,38,945.7,35.0,838.0,10.899999999999999,0.0,9134.2,-0.4694715627858908,0.882947592858927,-0.37547037868762057,-0.9268343944460492,0,0,354,7.06,11.21,2.7,5.65,164.33,72.21,0
2023-07-25,23.6,16.3,29.2,11.8,16.6,0.0,0.0,36,947.2,90.0,998.0,12.899999999999999,0.0,11776.400000000001,0.39073112848927377,0.9205048534524404,-0.39135783656102635,-0.9202385798054074,0,0,355,6.63,9.75,1.8,4.24,161.71,74.04,0
2023-07-26,24.9,18.2,30.5,14.0,20.3,0.0,0.0,34,946.4,220.0,776.0,12.3,0.0,10864.0,0.9986295347545738,0.052335956242943966,-0.4071294853542516,-0.9133704517637858,0,0,356,6.9,10.69,2.17,7.27,157.38,76.88,0
2023-07-27,22.9,18.4,26.7,19.3,23.8,0.0,0.0,46,943.6,140.0,880.0,8.3,0.0,16984.0,0.29237170472273677,0.9563047559630354,-0.4227806579826777,-0.9062320427107696,0,0,357,9.38,16.65,1.28,5.57,159.96,83.88,0
2023-07-28,22.4,15.6,28.6,9.3,15.6,1.1,0.0,51,946.7,15.0,1024.0,13.000000000000002,0.0,9523.2,-0.13917310096006588,0.9902680687415703,-0.43830672301251883,-0.8988254650164442,0,0,358,7.98,11.95,1.88,4.0,180.42,73.08,0
2023-07-29,25.8,16.8,32.8,14.3,23.6,0.4,0.0,39,945.1,10.0,1127.0,15.999999999999996,0.0,16116.1,-0.9659258262890683,-0.25881904510252063,-0.45370308603134385,-0.8911529104063091,0,1,359,8.25,13.45,2.88,5.92,196.29,74.04,0
2023-07-30,25.5,19.6,30.6,12.2,19.6,0.0,0.0,49,944.4,25.0,838.0,11.0,0.0,10223.599999999999,0.43837114678907746,0.898794046299167,-0.46896519100763223,-0.8832166493127125,0,1,360,9.42,14.5,1.92,6.76,190.79,72.12,0
2023-07-31,25.7,19.7,31.1,13.4,18.5,0.0,0.0,35,945.1,260.0,1134.0,11.400000000000002,0.0,15195.6,0.7313537016191705,0.6819983600624985,-0.48408852163897625,-0.8750190302029953,0,0,361,5.83,8.55,1.72,8.17,179.75,83.54,0
2023-08-01,26.9,20.2,32.7,11.3,21.5,0.0,0.0,34,944.3,90.0,1105.0,12.500000000000004,0.0,12486.5,0.6560590289905073,0.754709580222772,-0.49906860268853154,-0.8665624788845387,0,0,362,7.29,11.11,1.92,8.82,178.04,87.75,0
2023-08-02,25.0,19.5,32.2,10.6,26.1,2.8,0.0,44,942.3,45.0,658.0,12.700000000000003,0.0,6974.8,-2.4492935982947064e-16,1.0,-0.5139010013093103,-0.8578494977869301,0,0,363,9.4,15.06,3.5,9.4,193.04,84.04,0
2023-08-03,25.0,17.6,31.5,7.7,11.9,0.0,0.0,47,942.9,30.0,887.0,13.899999999999999,0.0,6829.900000000001,-0.4226182617406992,0.90630778703665,-0.5285813283559295,-0.8488826652214551,0,0,364,9.08,16.06,3.51,9.03,197.58,85.71,0
2023-08-04,25.4,19.1,30.9,10.0,13.8,0.2,0.0,39,945.0,40.0,954.0,11.799999999999997,0.0,9540.0,0.8191520442889918,0.573576436351046,-0.5431052396834317,-0.8396646346181327,0,0,365,7.06,10.6,2.65,7.46,185.79,85.29,0
2023-08-05,25.0,18.6,30.5,13.3,24.3,0.6,0.0,47,946.6,70.0,909.0,11.899999999999999,0.0,12089.7,0.25881904510252074,0.9659258262890683,-0.5574684374327892,-0.8301981337405212,0,1,366,7.46,11.05,1.68,6.95,172.79,89.42,0
2023-08-06,24.7,18.4,29.4,11.2,20.7,0.2,0.0,49,943.8,50.0,971.0,11.0,0.0,10875.199999999999,0.4067366430758002,0.9135454576426009,-0.5716666713027055,-0.8204859638785325,0,1,367,6.91,10.14,1.77,6.82,168.5,74.67,0
2023-08-07,22.4,17.9,27.3,14.5,22.7,6.2,0.0,57,940.9,120.0,832.0,9.400000000000002,0.0,12064.0,0.8571673007021123,0.5150380749100542,-0.5856957398073511,-0.8105309990194821,0,0,368,7.7,11.24,2.41,13.48,167.92,80.04,0
2023-08-08,22.8,18.2,29.3,15.5,24.0,0.0,0.0,51,941.8,125.0,749.0,11.100000000000001,0.0,11609.5,0.9961946980917455,0.08715574274765814,-0.5995514915196486,-0.8003361849976326,0,0,369,6.76,9.81,2.01,5.75,166.21,68.38,0
2023-08-09,23.1,16.3,29.7,6.9,9.8,0.0,0.0,56,945.5,75.0,754.0,13.399999999999999,0.0,5202.6,0.8829475928589269,-0.4694715627858909,-0.6132298262997502,-0.7899045386224707,0,0,370,7.41,10.66,1.9,4.62,162.0,63.62,0
2023-08-10,20.8,18.1,24.4,8.9,21.3,12.7,0.0,73,943.8,70.0,681.0,6.299999999999997,0.0,6060.900000000001,0.9205048534524403,-0.39073112848927377,-0.6267266965083305,-0.7792391467859883,0,0,371,7.85,11.45,3.02,7.77,160.92,76.75,0
2023-08-11,14.7,11.0,18.9,16.6,23.7,14.7,0.0,83,946.3,95.0,533.0,7.899999999999999,3.3000000000000007,8847.800000000001,0.27563735581699916,0.9612616959383189,-0.6400381082043503,-0.7683431655492202,0,0,372,9.6,14.21,1.8,4.41,170.54,60.79,0
2023-08-12,12.2,9.5,16.5,12.9,19.7,19.8,0.0,80,949.4,125.0,662.0,7.0,5.800000000000001,8539.800000000001,-0.7193398003386512,0.6946583704589973,-0.6531601223269297,-0.757219819208313,0,1,373,5.05,7.36,1.98,4.05,168.5,48.29,0
2023-08-13,11.1,8.1,14.6,15.4,25.3,0.8,0.0,71,951.6,105.0,950.0,6.5,6.9,14630.0,-0.35836794954530077,0.9335804264972015,-0.6660888558609774,-0.7458723993404061,0,1,374,7.42,10.84,1.44,2.8,155.79,52.58,0
2023-08-14,12.3,6.7,17.7,11.8,20.5,0.0,0.0,61,953.9,105.0,722.0,11.0,5.699999999999999,8519.6,-0.9986295347545738,-0.052335956242944306,-0.6788204829862357,-0.734304263829602,0,0,375,7.16,10.2,2.85,5.28,161.75,46.38,0
2023-08-15,14.1,9.7,19.1,10.7,21.4,17.1,0.0,70,951.3,45.0,548.0,9.400000000000002,3.9000000000000004,5863.599999999999,-0.9510565162951535,-0.30901699437494756,-0.6913512362094071,-0.722518835873311,0,0,376,10.34,15.35,2.66,5.01,164.21,57.33,0
2023-08-16,14.6,10.9,19.1,9.7,14.7,0.3,0.0,74,953.6,35.0,716.0,8.200000000000001,3.4000000000000004,6945.2,0.224951054343865,0.9743700647852352,-0.7036774074790131,-0.7105196029692742,0,0,377,11.84,16.9,2.12,4.02,165.58,44.38,0
2023-08-17,16.0,9.0,22.3,5.9,10.7,0.0,0.0,62,956.1,20.0,669.0,13.3,2.0,3947.1000000000004,0.9335804264972017,0.3583679495453004,-0.7157953492826645,-0.6983101158835581,0,0,378,7.99,11.42,4.53,11.37,187.67,53.79,0
2023-08-18,19.2,11.5,26.1,4.8,8.0,0.0,0.0,54,954.5,15.0,735.0,14.600000000000001,0.0,3528.0,-0.15643446504023073,-0.9876883405951378,-0.7277014757264233,-0.6858939875998227,0,0,379,9.12,13.26,4.54,11.05,195.38,62.92,0
2023-08-19,20.0,12.8,27.2,6.3,8.7,0.0,0.0,59,952.9,20.0,714.0,14.399999999999999,0.0,4498.2,-0.6156614753256582,-0.788010753606722,-0.7393922635959241,-0.673274892250183,0,1,380,8.23,12.0,4.02,11.9,186.08,65.54,0
2023-08-20,21.8,14.7,29.1,10.3,15.1,0.0,0.0,50,950.8,45.0,835.0,14.400000000000002,0.0,8600.5,-0.8910065241883678,-0.45399049973954697,-0.7508642533989489,-0.6604565640279754,0,1,381,7.26,10.59,3.62,7.35,182.92,62.92,0
2023-08-21,21.3,14.0,28.4,9.2,15.6,0.0,0.0,57,950.1,25.0,629.0,14.399999999999999,0.0,5786.799999999999,0.29237170472273677,0.9563047559630354,-0.7621140503891487,-0.6474427960827475,0,0,382,8.98,13.67,3.88,15.16,177.17,62.58,0
2023-08-22,22.8,17.2,28.9,9.4,16.9,0.1,0.0,46,947.6,50.0,771.0,11.7,0.0,7247.400000000001,-0.6691306063588582,-0.7431448254773942,-0.7731383255706027,-0.6342374393978054,0,0,383,6.21,9.44,3.57,6.96,183.08,65.58,0
2023-08-23,23.4,15.2,30.7,11.4,23.5,0.0,0.0,44,945.7,40.0,946.0,15.5,0.0,10784.4,-0.13917310096006552,-0.9902680687415703,-0.7839338166829206,-0.6208444016506462,0,0,384,8.51,15.03,3.48,5.81,176.96,70.83,0
2023-08-24,22.0,17.4,26.0,11.5,23.3,3.5,0.0,51,940.6,85.0,676.0,8.600000000000001,0.0,7774.0,-0.6946583704589974,-0.7193398003386511,-0.7944973291665992,-0.6072676460566135,0,0,385,8.6,19.15,3.07,6.2,170.71,71.92,0
2023-08-25,16.4,12.5,20.3,13.0,19.2,0.5,0.0,65,943.0,60.0,739.0,7.800000000000001,1.6000000000000014,9607.0,-0.37460659341591235,0.9271838545667873,-0.8048257371083452,-0.593511190196115,0,0,386,8.2,13.75,2.9,5.63,181.62,61.08,0
2023-08-26,16.7,10.1,22.9,8.1,13.0,0.0,0.0,54,944.5,60.0,739.0,12.799999999999999,1.3000000000000007,5985.9,0.9876883405951378,-0.1564344650402308,-0.8149159841660797,-0.5795791048257605,0,1,387,12.1,17.82,3.45,7.78,183.42,60.42,0
2023-08-27,18.2,14.0,24.7,14.0,24.5,0.7,0.0,63,939.3,110.0,695.0,10.7,0.0,9730.0,-0.4226182617406993,-0.90630778703665,-0.8247650844733614,-0.5654755126737576,0,1,388,8.82,17.36,3.15,6.84,175.17,60.12,0
2023-08-28,14.8,11.6,18.2,20.6,29.3,1.9,0.0,71,942.2,345.0,833.0,6.6,3.1999999999999993,17159.800000000003,-0.7193398003386512,-0.6946583704589973,-0.8343701235229537,-0.5512045872199277,0,0,389,8.67,15.69,2.17,4.98,172.21,61.96,0
2023-08-29,17.1,10.0,23.7,23.6,32.3,0.0,0.0,47,945.6,255.0,1162.0,13.7,0.8999999999999986,27423.2,0.03489949670250114,-0.9993908270190958,-0.8437282590292712,-0.5367705514607103,0,0,390,7.62,11.64,1.89,3.95,180.21,67.58,0
2023-08-30,18.3,12.2,22.9,25.4,35.0,0.2,0.0,46,939.8,150.0,1208.0,10.7,0.0,30683.199999999997,-0.1045284632676535,-0.9945218953682733,-0.8528367217694589,-0.5221776766595088,0,0,391,7.62,13.95,2.22,4.9,177.62,75.83,0
2023-08-31,12.8,9.2,17.2,22.7,38.5,1.8,0.0,65,944.8,115.0,991.0,8.0,5.199999999999999,22495.7,-0.5735764363510462,-0.8191520442889918,-0.8616928164028521,-0.5074302810827518,0,0,392,10.49,15.69,2.23,4.46,176.67,54.88,0
2023-09-01,14.8,11.1,18.3,21.8,33.4,0.1,0.0,53,946.8,225.0,1155.0,7.200000000000001,3.1999999999999993,25179.0,-0.5446390350150271,-0.838670567945424,-0.8702939222685674,-0.49253272872205434,0,0,393,13.5,20.84,2.33,4.53,181.96,66.12,0
2023-09-02,14.7,10.8,19.0,13.1,20.1,0.6,0.0,59,946.2,75.0,738.0,8.2,3.3000000000000007,9667.8,-0.6293203910498376,-0.7771459614569708,-0.8786374941610001,-0.4774894280028391,0,1,394,8.81,12.86,3.11,6.45,183.62,52.5,0
2023-09-03,14.2,11.6,17.4,20.4,28.9,3.1,0.0,62,941.5,400.0,1054.0,5.799999999999999,3.8000000000000007,21501.6,-0.5446390350150271,-0.838670567945424,-0.886721063082993,-0.46230483047981086,0,1,395,7.17,10.49,2.12,5.08,173.25,55.42,0
2023-09-04,11.2,9.6,13.7,18.7,25.9,13.2,0.0,85,942.4,450.0,742.0,4.1,6.800000000000001,13875.4,-0.984807753012208,-0.17364817766693033,-0.8945422369764496,-0.4469834295196742,0,0,396,4.7,6.64,2.82,5.63,176.62,43.04,0
2023-09-05,12.0,9.8,15.5,12.0,19.9,3.7,0.0,79,952.5,280.0,628.0,5.699999999999999,6.0,7536.0,-0.8910065241883679,0.45399049973954664,-0.9020987014301841,-0.43152975897147067,0,0,397,4.66,6.72,2.85,6.1,187.33,47.5,0
2023-09-06,9.2,4.7,12.9,12.0,16.6,0.0,0.0,69,953.0,80.0,895.0,8.2,8.8,10740.0,-0.9945218953682734,0.10452846326765299,-0.9093882203647925,-0.4159483918249421,0,0,398,9.0,13.0,2.97,5.99,176.33,53.54,0
2023-09-07,11.9,4.7,18.3,8.3,14.8,0.3,0.0,76,951.2,30.0,545.0,13.600000000000001,6.1,4523.5,-0.8290375725550418,-0.5591929034707466,-0.9164086366943458,-0.4002439388573056,0,0,399,10.53,15.51,4.51,9.19,197.29,52.29,0
2023-09-08,14.6,10.7,19.5,9.1,14.1,1.1,0.0,74,950.0,50.0,447.0,8.8,3.4000000000000004,4067.7,-0.6427876096865393,-0.766044443118978,-0.9231578729647039,-0.38442104726885545,0,0,400,12.67,20.16,4.68,9.32,196.08,53.0,0
2023-09-09,16.7,10.4,24.5,16.8,24.4,2.0,0.0,65,946.9,130.0,645.0,14.1,1.3000000000000007,10836.0,0.8987940462991669,-0.4383711467890775,-0.9296339319682695,-0.3684843993077793,0,1,401,6.38,11.27,2.2,4.63,164.75,56.17,0
2023-09-10,14.6,10.7,18.9,14.3,20.2,0.0,0.0,72,946.3,110.0,527.0,8.2,3.4000000000000004,7536.1,-0.8191520442889918,0.573576436351046,-0.9358348973349941,-0.35243871088460327,0,1,402,6.74,13.12,2.45,6.0,168.54,58.67,0
2023-09-11,15.5,10.0,22.4,16.4,33.4,5.0,0.0,73,942.4,235.0,494.0,12.399999999999999,2.5,8101.599999999999,0.9271838545667874,-0.37460659341591207,-0.9417589340994614,-0.3362887301766837,0,0,403,10.09,18.93,2.24,6.58,168.46,53.38,0
2023-09-12,10.9,9.6,12.6,32.9,43.6,4.9,0.0,76,941.1,660.0,1173.0,3.0,7.1,38591.7,-0.7193398003386512,-0.6946583704589973,-0.9474042892438849,-0.32003923622313774,0,0,404,4.88,7.35,2.2,4.25,174.88,52.67,0
2023-09-13,9.4,7.3,11.6,20.3,28.5,2.8,0.0,86,947.0,295.0,680.0,4.3,8.6,13804.0,-0.898794046299167,0.4383711467890774,-0.9527692922168511,-0.30369503751065885,0,0,405,5.55,8.0,2.57,4.78,179.88,45.21,0
2023-09-14,10.5,6.3,15.2,12.4,16.7,1.2,0.0,78,953.8,95.0,492.0,8.899999999999999,7.5,6100.8,-0.7431448254773946,0.6691306063588578,-0.9578523554276669,-0.28726097055059635,0,0,406,9.22,13.42,3.26,6.67,191.12,45.58,0
2023-09-15,10.7,5.7,16.1,8.9,19.8,0.1,0.0,82,956.2,35.0,334.0,10.400000000000002,7.300000000000001,2972.6,-0.12186934340514723,0.9925461516413221,-0.9626519747161489,-0.27074189844776336,0,0,407,7.58,11.12,2.95,4.49,195.96,43.54,0
2023-09-16,10.8,5.8,16.0,6.6,10.0,1.0,0.0,86,957.7,35.0,336.0,10.2,7.199999999999999,2217.6,0.6560590289905073,0.754709580222772,-0.9671667297977312,-0.2541427094613622,0,1,408,9.23,13.72,3.07,4.59,192.79,49.12,0
2023-09-17,11.8,6.0,17.3,7.7,10.9,0.2,0.0,79,957.3,40.0,410.0,11.3,6.199999999999999,3157.0,0.8746197071393957,0.4848096202463371,-0.97139528468375,-0.23746831555846842,0,1,409,11.03,16.59,3.77,7.45,204.38,43.17,0
2023-09-18,12.4,6.8,18.0,6.4,10.2,0.2,0.0,75,955.7,35.0,428.0,11.2,5.6,2739.2000000000003,0.9659258262890683,0.25881904510252074,-0.9753363880767839,-0.22072365096050134,0,0,410,8.75,13.6,3.29,7.51,194.79,45.38,0
2023-09-19,13.1,6.1,18.9,6.7,12.4,0.0,0.0,68,953.4,25.0,442.0,12.799999999999999,4.9,2961.4,0.9975640502598242,0.06975647374412523,-0.9789888737409319,-0.20391367068311472,0,0,411,7.33,11.2,3.99,11.17,193.83,47.33,0
2023-09-20,12.6,9.5,16.4,7.1,10.4,3.6,0.0,80,951.7,45.0,247.0,6.899999999999999,5.4,1753.6999999999998,0.3090169943749474,0.9510565162951535,-0.9823516608469235,-0.18704334906991746,0,0,412,11.47,17.68,2.88,7.02,178.58,48.33,0
2023-09-21,11.6,8.1,16.8,7.4,11.3,0.5,0.0,84,957.0,35.0,286.0,8.700000000000001,6.4,2116.4,0.01745240643728351,0.9998476951563913,-0.9854237542919524,-0.17011767832049052,0,0,413,13.31,20.23,3.32,11.45,185.83,48.79,0
2023-09-22,11.8,7.2,17.9,10.0,20.9,0.3,0.0,76,958.5,15.0,495.0,10.7,6.199999999999999,4950.0,-0.9961946980917455,0.08715574274765789,-0.9882042449941422,-0.15314166701312007,0,0,414,6.19,9.32,2.98,7.33,181.29,48.21,0
2023-09-23,9.9,5.4,13.4,14.6,20.3,3.2,0.0,70,959.1,105.0,563.0,8.0,8.1,8219.8,-0.7431448254773946,0.6691306063588578,-0.9906923101615609,-0.13612033862266704,0,1,415,4.19,6.29,2.22,4.44,185.54,54.08,0
2023-09-24,7.9,2.0,13.3,10.6,16.4,0.0,0.0,71,963.9,50.0,389.0,11.3,10.1,4123.4,-0.8386705679454243,0.5446390350150266,-0.9928872135356962,-0.11905873003404988,0,1,416,3.79,5.72,3.05,6.82,187.88,43.83,0
2023-09-25,12.1,7.2,17.6,12.0,17.7,0.0,0.0,70,961.0,45.0,265.0,10.400000000000002,5.9,3180.0,-0.992546151641322,0.12186934340514768,-0.994788305609327,-0.10196189005174576,0,0,417,5.1,7.76,3.88,7.21,181.96,47.17,0
2023-09-26,13.4,7.4,20.3,9.6,13.0,0.1,0.0,77,957.8,15.0,395.0,12.9,4.6,3792.0,-0.7547095802227722,0.656059028990507,-0.9963950238187232,-0.0848348779057645,0,0,418,8.88,13.32,4.5,9.19,202.17,55.79,0
2023-09-27,13.2,8.9,20.0,8.0,19.0,5.9,0.0,80,955.5,10.0,289.0,11.1,4.800000000000001,2312.0,-0.90630778703665,-0.42261826174069916,-0.9977068927101169,-0.06768276175455074,0,0,419,11.06,16.63,5.9,12.36,216.54,51.88,0
2023-09-28,10.4,8.1,13.7,7.0,9.7,0.8,0.0,87,953.8,55.0,293.0,5.6,7.6,2051.0,-0.8660254037844386,0.5000000000000001,-0.9987235240803973,-0.050510617185222,0,0,420,8.67,14.02,4.3,9.81,179.71,47.17,0
2023-09-29,10.3,5.6,14.9,9.7,14.6,2.0,0.0,77,951.7,30.0,396.0,9.3,7.699999999999999,3841.2,0.6293203910498374,0.7771459614569709,-0.9994446170919858,-0.033323525711630456,0,0,421,12.22,19.56,2.78,6.38,200.12,48.17,0
2023-09-30,9.2,6.2,13.0,7.4,13.6,0.4,0.0,79,952.8,15.0,309.0,6.8,8.8,2286.6,0.12186934340514748,0.992546151641322,-0.9998699583618592,-0.016126573270657762,0,1,422,14.06,21.66,5.59,15.49,212.25,44.83,0
2023-10-01,9.8,5.0,15.8,12.1,18.1,1.9,0.0,77,954.8,75.0,455.0,10.8,8.2,5505.5,0.984807753012208,-0.1736481776669303,-0.9999994220246925,0.001075151282798226,1,1,423,10.75,16.41,3.19,9.72,195.71,49.54,0
2023-10-02,9.7,8.4,11.7,20.8,25.5,8.1,0.0,79,953.8,365.0,631.0,3.299999999999999,8.3,13124.800000000001,0.9135454576426009,0.4067366430758002,-0.999832969770105,0.01827655768169211,1,0,424,7.07,10.39,1.61,4.18,200.92,50.17,0
2023-10-03,8.7,5.5,12.3,18.6,24.2,0.1,0.0,79,956.0,145.0,555.0,6.800000000000001,9.3,10323.0,0.7071067811865475,0.7071067811865476,-0.9993706508539969,0.03547255575312556,1,0,425,5.76,8.6,2.79,8.88,192.04,52.33,0
2023-10-04,8.5,2.3,15.1,6.2,9.4,0.0,0.0,76,959.6,45.0,234.0,12.8,9.5,1450.8,0.992546151641322,0.12186934340514749,-0.9986126020839734,0.05265805692461312,1,0,426,7.34,10.79,9.62,30.03,224.42,38.62,0
2023-10-05,10.2,3.9,16.7,5.7,9.4,0.0,0.0,74,958.0,30.0,298.0,12.799999999999999,7.800000000000001,1698.6000000000001,0.9271838545667874,-0.37460659341591207,-0.9975590477788613,0.06982797572987177,1,0,427,7.44,11.18,7.22,17.4,229.46,45.88,0
2023-10-06,10.7,5.1,16.9,11.0,13.3,0.0,0.0,66,954.2,65.0,294.0,11.799999999999999,7.300000000000001,3234.0,0.981627183447664,-0.1908089953765448,-0.9962102997023297,0.0869772313136861,1,0,428,5.04,7.73,3.7,8.25,188.54,51.17,0
2023-10-07,10.3,4.9,16.7,8.5,15.6,0.5,0.0,78,951.7,45.0,295.0,11.799999999999999,7.699999999999999,2507.5,-0.39073112848927355,-0.9205048534524404,-0.9945667569706337,0.1041007489354256,1,1,429,10.93,19.68,4.41,8.17,190.21,43.67,0
2023-10-08,10.2,4.9,16.1,15.2,26.2,1.4,0.0,79,953.4,65.0,516.0,11.200000000000001,7.800000000000001,7843.2,-0.5591929034707467,-0.8290375725550418,-0.9926289059345094,0.12119346147073688,1,1,430,12.22,20.27,3.66,7.25,168.71,47.5,0
2023-10-09,12.8,7.2,18.6,17.8,28.9,0.0,0.0,66,955.2,120.0,565.0,11.400000000000002,5.199999999999999,10057.0,-0.43837114678907746,-0.8987940462991669,-0.9903973200352558,0.13825031091098192,1,0,431,10.97,28.52,3.19,7.09,174.54,54.04,0
2023-10-10,15.3,10.2,20.9,21.3,29.2,0.0,0.0,54,950.7,210.0,535.0,10.7,2.6999999999999993,11395.5,0.05233595624294381,-0.9986295347545738,-0.9878726596350431,0.15526624985999474,1,0,432,9.78,15.78,2.68,6.69,165.71,63.12,0
2023-10-11,10.2,6.0,15.7,15.4,23.3,0.0,0.0,60,954.1,55.0,501.0,9.7,7.800000000000001,7715.400000000001,-0.961261695938319,-0.2756373558169989,-0.9850556718215013,0.172236243027682,1,0,433,6.41,13.1,3.15,7.28,177.88,52.71,0
2023-10-12,5.4,4.3,6.9,16.3,20.0,9.4,0.0,84,955.6,205.0,438.0,2.6000000000000005,12.6,7139.400000000001,0.4694715627858908,0.882947592858927,-0.981947190186646,0.18915526872004093,1,0,434,3.18,5.46,2.79,5.54,180.12,44.33,0
2023-10-13,4.4,1.2,8.3,7.1,13.1,0.0,0.0,79,959.6,30.0,421.0,7.1000000000000005,13.6,2989.1,0.374606593415912,0.9271838545667874,-0.9785481345802033,0.20601832032516998,1,0,435,5.43,7.93,5.51,13.1,224.71,43.12,0
2023-10-14,4.7,-0.8,9.7,15.0,24.0,0.2,0.0,66,957.5,30.0,464.0,10.5,13.3,6960.0,-0.8910065241883678,-0.45399049973954697,-0.9748595108374125,0.22282040779479959,1,1,436,5.6,8.77,4.38,9.17,207.83,49.42,0
2023-10-15,5.9,3.5,7.7,20.8,27.3,2.6,0.0,75,956.0,105.0,685.0,4.2,12.1,14248.0,-0.9743700647852351,-0.22495105434386525,-0.9708824104813836,0.2395565591209271,1,1,437,6.96,11.88,2.74,5.95,183.38,48.71,0
2023-10-16,6.0,1.1,10.6,12.9,22.3,0.0,0.0,76,960.4,90.0,303.0,9.5,12.0,3908.7000000000003,-0.7313537016191703,-0.6819983600624986,-0.9666180104000972,0.2562218218071163,1,0,438,8.49,13.17,4.2,7.97,190.83,39.17,0
2023-10-17,9.0,3.0,15.6,7.9,13.2,0.0,0.0,77,959.6,35.0,165.0,12.6,9.0,1303.5,0.838670567945424,-0.5446390350150272,-0.9620675724981452,0.27281126433401914,1,0,439,11.23,18.15,6.61,16.6,203.29,36.25,0
2023-10-18,8.8,3.4,15.5,8.8,12.4,0.0,0.0,67,953.7,35.0,142.0,12.1,9.2,1249.6000000000001,0.20791169081775931,-0.9781476007338057,-0.957232443323312,0.2893199776186952,1,0,440,6.95,10.39,6.71,14.46,233.17,40.17,0
2023-10-19,7.2,3.0,12.4,9.9,13.4,0.0,0.0,70,958.4,75.0,180.0,9.4,10.8,1782.0,-0.9925461516413221,-0.12186934340514717,-0.9521140536681102,0.3057430764672831,1,0,441,5.04,9.82,5.15,11.0,206.08,34.83,0
2023-10-20,10.3,4.7,17.2,15.6,19.9,0.0,0.0,61,954.6,130.0,299.0,12.5,7.699999999999999,4664.4,0.5877852522924732,-0.8090169943749473,-0.9467139181463862,0.3220757010206104,1,0,442,4.52,7.38,3.57,8.12,179.08,41.58,0
2023-10-21,5.8,2.4,11.5,14.5,23.8,1.2,0.0,65,953.1,30.0,463.0,9.1,12.2,6713.5,-0.9986295347545738,0.052335956242943946,-0.94103363474512,0.3383130181923067,1,1,443,5.83,9.19,5.1,11.77,200.75,45.62,0
2023-10-22,6.3,0.9,10.5,28.9,44.8,9.0,0.0,75,941.7,110.0,1015.0,9.6,11.7,29333.5,-0.6293203910498376,-0.7771459614569708,-0.9350748843515574,0.3544502230989869,1,1,444,7.68,11.59,3.54,7.25,167.79,50.42,0
2023-10-23,-0.2,-2.3,3.8,26.4,39.0,1.0,0.14,69,951.8,415.0,1077.0,6.1,18.2,28432.8,-0.9998476951563913,-0.017452406437283498,-0.9288394302558068,0.3704825404820963,1,0,445,1.78,2.97,2.3,5.54,188.33,51.54,0
2023-10-24,1.9,-2.6,6.5,23.3,32.3,0.0,0.0,61,957.0,360.0,571.0,9.1,16.1,13304.300000000001,-0.6293203910498376,-0.7771459614569708,-0.9223291176290545,0.3864052261209853,1,0,446,3.04,4.96,2.81,6.7,186.92,47.46,0
2023-10-25,7.6,2.1,12.0,26.2,34.7,0.1,0.0,68,947.0,380.0,792.0,9.9,10.4,20750.399999999998,-0.5150380749100542,-0.8571673007021123,-0.9155458729775463,0.4022135682368045,1,0,447,6.52,12.17,2.45,5.63,160.12,53.62,0
2023-10-26,5.2,-2.0,9.9,27.6,35.0,14.5,0.0,76,942.8,780.0,1135.0,11.9,12.8,31326.0,-0.9702957262759965,-0.24192189559966779,-0.9084917035725082,0.41790288888678667,1,0,448,6.94,13.22,2.18,4.64,166.54,54.79,0
2023-10-27,-2.2,-3.2,-1.2,12.1,22.1,0.2,0.14,62,959.7,15.0,766.0,2.0,20.2,9268.6,-0.9993908270190958,0.03489949670250128,-0.9011686968561569,0.4334685453485363,1,0,449,5.29,8.45,4.86,11.76,223.46,45.42,0
2023-10-28,-0.1,-4.9,3.9,12.6,18.5,0.7,0.49,62,957.5,65.0,373.0,8.8,18.1,4699.8,0.6427876096865395,-0.7660444431189779,-0.8935790198239949,0.4489059314938806,1,1,450,9.04,14.45,5.59,11.71,220.04,40.25,0
2023-10-29,3.8,0.9,6.2,15.2,21.0,3.3,0.49,95,946.7,190.0,431.0,5.3,14.2,6551.2,-0.6427876096865393,-0.766044443118978,-0.8857249183835637,0.4642104791518923,1,1,451,6.43,11.56,4.18,7.35,180.92,36.46,0
2023-10-30,9.6,6.9,12.9,24.0,34.2,9.5,0.0,82,945.8,440.0,845.0,6.0,8.4,20280.0,-0.8090169943749473,-0.5877852522924732,-0.8776087166898388,0.47937765946069527,1,0,452,6.05,10.83,2.82,6.25,161.5,53.83,0
2023-10-31,3.1,0.8,6.7,22.2,29.7,3.7,0.77,89,950.2,780.0,852.0,5.9,14.9,18914.399999999998,-0.9945218953682734,-0.10452846326765336,-0.8692328164574787,0.4944029842076189,1,0,453,2.3,3.38,3.48,6.2,192.5,30.54,0
2023-11-01,1.4,0.5,3.2,24.9,30.3,5.3,2.31,91,956.6,675.0,812.0,2.7,16.6,20218.8,-0.882947592858927,-0.46947156278589075,-0.8605996962501181,0.5092820071573356,1,0,454,2.65,3.89,3.25,5.64,190.17,33.21,0
2023-11-02,4.9,0.5,8.3,25.2,41.6,0.6,0.0,87,960.2,420.0,803.0,7.800000000000001,13.1,20235.6,-0.9563047559630353,-0.2923717047227371,-0.8517119107469189,0.5240103253675756,1,0,455,5.1,8.76,2.74,5.3,178.83,40.96,0
2023-11-03,5.8,2.5,8.0,8.4,14.0,0.5,0.0,94,961.4,40.0,126.0,5.5,12.2,1058.4,0.6819983600624986,-0.7313537016191705,-0.8425720899866032,0.5385835804920232,1,0,456,6.1,10.13,9.0,20.72,247.17,21.46,0
2023-11-04,5.2,2.1,9.2,11.7,20.8,0.0,0.0,93,957.1,40.0,213.0,7.1,12.8,2492.1,-0.6691306063588582,-0.7431448254773942,-0.8331829385891785,0.5529974600700271,1,1,457,10.61,19.06,7.26,14.15,226.79,37.08,0
2023-11-05,4.4,-0.8,6.7,8.1,12.4,0.1,0.0,86,961.7,25.0,291.0,7.5,13.6,2357.1,0.49999999999999994,0.8660254037844387,-0.8235472349556007,0.5672476988027229,1,1,458,6.27,10.3,4.33,9.21,205.33,32.0,0
2023-11-06,-0.7,-3.9,4.2,8.0,12.7,0.0,0.0,78,964.9,25.0,212.0,8.1,18.7,1696.0,0.9945218953682733,-0.10452846326765355,-0.8136678304455991,0.5813300798152042,1,0,459,5.63,8.14,11.19,29.45,275.42,33.71,1
2023-11-07,0.7,-4.6,9.3,8.0,13.2,0.0,0.0,67,959.3,20.0,71.0,13.9,17.3,568.0,0.981627183447664,-0.1908089953765448,-0.8035476485339116,0.5952404359043674,1,0,460,10.49,15.17,12.62,25.97,358.5,34.5,1
2023-11-08,3.5,-1.8,10.7,10.1,14.8,0.0,0.0,41,952.3,80.0,195.0,12.5,14.5,1969.5,0.8290375725550417,-0.5591929034707467,-0.7931896839451843,0.6089746507720486,1,0,461,6.73,10.01,5.77,9.7,260.38,52.38,0
2023-11-09,4.7,1.7,8.3,20.0,32.3,0.3,0.0,73,950.3,175.0,549.0,6.6000000000000005,13.3,10980.0,-0.32556815445715676,-0.9455185755993167,-0.7825970017677834,0.6225286602431057,1,0,462,5.03,8.29,3.97,7.87,203.54,43.38,0
2023-11-10,4.1,3.4,5.2,21.7,28.2,2.9,0.0,86,959.6,250.0,714.0,1.8000000000000003,13.9,15493.8,-0.7880107536067221,-0.6156614753256581,-0.7717727365467837,0.6358984534680745,1,0,463,3.16,4.7,3.53,7.29,195.75,38.79,0
2023-11-11,4.4,2.1,6.8,15.7,21.3,0.2,0.0,78,958.4,145.0,538.0,4.699999999999999,13.6,8446.6,0.03489949670250114,-0.9993908270190958,-0.7607200913564104,0.6490800741100398,1,1,464,7.89,12.16,4.35,9.36,194.71,42.29,0
2023-11-12,3.2,1.6,4.7,20.1,25.0,4.4,0.0,88,954.1,440.0,649.0,3.1,14.8,13044.900000000001,-0.656059028990507,-0.7547095802227721,-0.749442336852196,0.6620696215153808,1,1,465,2.61,4.08,3.59,8.24,188.62,38.67,0
2023-11-13,2.1,0.5,3.8,14.5,22.4,3.1,1.19,91,964.3,325.0,497.0,3.3,15.9,7206.5,-0.992546151641322,0.12186934340514768,-0.7379428103031391,0.6748632518680396,1,0,466,2.68,4.8,4.92,9.94,200.12,30.38,0
2023-11-14,2.1,-1.1,5.7,10.9,17.0,0.0,0.0,83,969.3,130.0,358.0,6.800000000000001,15.9,3902.2000000000003,-0.08715574274765794,-0.9961946980917455,-0.7262249146041543,0.6874571793269664,1,0,467,4.33,7.42,5.3,12.78,191.75,55.29,0
2023-11-15,3.3,-0.7,9.7,14.3,21.6,0.0,0.0,65,957.8,330.0,400.0,10.399999999999999,14.7,5720.0,0.06975647374412552,-0.9975640502598242,-0.7142921172691039,0.6998476771464064,1,0,468,3.34,5.21,3.51,8.12,191.92,54.62,0
2023-11-16,4.4,1.3,8.3,15.8,24.2,0.0,0.0,63,949.6,165.0,315.0,7.000000000000001,13.6,4977.0,-0.5150380749100542,-0.8571673007021123,-0.7021479494046973,0.7120310787787136,1,0,469,3.79,6.23,4.33,10.15,224.88,53.62,0
2023-11-17,5.9,1.5,10.2,10.1,17.4,0.0,0.0,70,949.0,40.0,175.0,8.7,12.1,1767.5,0.01745240643728344,-0.9998476951563913,-0.6897960046655887,0.7240037789593305,1,0,470,7.34,14.23,8.35,15.84,289.33,35.25,0
2023-11-18,9.5,1.8,15.0,35.0,55.8,2.4,0.0,59,937.9,255.0,1019.0,13.2,8.5,35665.0,-0.5000000000000001,-0.8660254037844386,-0.6772399381909491,0.7357622347736525,1,1,471,5.62,11.49,2.59,7.18,187.0,58.96,0
2023-11-19,-1.5,-7.2,1.1,21.4,49.8,0.3,0.21,71,956.0,45.0,685.0,8.3,19.5,14658.999999999998,-0.9993908270190958,-0.03489949670250076,-0.6644834655228545,0.7473029667054303,1,1,472,2.08,3.07,3.46,8.84,207.17,52.0,0
2023-11-20,-5.9,-8.9,-1.7,5.8,10.1,0.0,0.0,70,965.2,20.0,132.0,7.2,23.9,765.6,-0.8090169943749473,-0.5877852522924732,-0.6515303615068021,0.75862255966641,1,0,473,7.17,10.38,11.6,27.77,302.75,45.58,1
2023-11-21,-2.7,-6.5,2.8,19.0,25.6,0.0,0.0,51,961.5,120.0,279.0,9.3,20.7,5301.0,0.9945218953682733,-0.10452846326765355,-0.6383844591746636,0.7697176640069215,1,0,474,2.44,3.61,3.75,8.98,210.08,53.5,0
2023-11-22,2.0,-1.8,5.1,16.3,23.6,0.0,0.0,45,948.7,155.0,350.0,6.8999999999999995,16.0,5705.0,0.529919264233205,-0.848048096156426,-0.625049648610437,0.7805849965070871,1,0,475,6.35,12.13,4.25,8.3,197.04,62.0,0
2023-11-23,1.6,-0.7,3.4,25.7,40.3,4.1,0.7,82,947.3,170.0,1054.0,4.1,16.4,27087.8,-0.6427876096865393,-0.766044443118978,-0.6115298757991053,0.7912213413483807,1,0,476,4.6,14.56,3.32,6.92,193.21,44.33,0
2023-11-24,0.7,-3.5,4.6,27.7,38.8,5.3,1.82,81,944.0,470.0,919.0,8.1,17.3,25456.3,-0.4067366430758002,-0.9135454576426009,-0.5978291414589544,0.8016235510652425,1,0,477,5.2,13.62,2.87,6.42,178.29,56.88,0
2023-11-25,-3.7,-5.5,-1.2,19.8,26.7,0.1,0.07,69,956.3,175.0,545.0,4.3,21.7,10791.0,-0.8191520442889916,-0.5735764363510464,-0.5839514998576998,0.8117885474764613,1,1,478,2.76,3.98,3.72,9.09,197.04,60.33,0
2023-11-26,-0.2,-4.1,5.6,8.7,13.2,0.0,0.0,58,961.5,65.0,132.0,9.7,18.2,1148.3999999999999,0.7313537016191706,-0.6819983600624984,-0.5699010576127617,0.8217133225960594,1,1,479,10.4,14.94,8.73,13.94,293.38,46.17,0
2023-11-27,1.9,-1.4,6.9,17.6,21.3,0.0,0.0,51,956.9,130.0,196.0,8.3,16.1,3449.6000000000004,0.9961946980917455,-0.08715574274765824,-0.5556819724760482,0.8313949395234063,1,0,480,6.12,9.6,3.43,5.21,204.5,55.92,0
2023-11-28,2.2,-0.3,7.6,15.2,20.6,0.0,0.0,68,953.5,90.0,170.0,7.8999999999999995,15.8,2584.0,0.981627183447664,-0.1908089953765448,-0.5412984521036173,0.8408305333122887,1,0,481,7.5,11.28,4.76,7.67,236.42,49.29,0
2023-11-29,2.9,-0.6,8.8,10.6,15.3,0.0,0.0,72,951.7,100.0,185.0,9.4,15.1,1961.0,0.4383711467890773,-0.898794046299167,-0.5267547528105542,0.8500173118187018,1,0,482,7.97,13.1,6.26,11.35,261.04,49.12,0
2023-11-30,-0.0,-3.6,3.9,23.1,26.4,0.7,0.07,82,957.9,430.0,815.0,7.5,18.0,18826.5,-0.7660444431189779,-0.6427876096865395,-0.5120551783114639,0.8589525565270849,1,0,483,2.59,4.22,3.38,8.28,194.46,39.96,0
2023-12-01,-1.7,-3.9,0.0,29.0,37.9,1.3,0.91,69,958.0,520.0,975.0,3.9,19.7,28275.0,-0.7880107536067221,-0.6156614753256581,-0.4972040784469371,0.867633623354773,1,0,484,3.93,6.39,2.52,6.72,190.08,53.54,0
2023-12-02,0.2,-3.0,3.6,17.3,27.7,0.2,0.14,67,955.8,245.0,463.0,6.6,17.8,8009.900000000001,-0.4539904997395467,-0.8910065241883679,-0.4822058478963534,0.8760579434344277,1,1,485,5.19,7.95,4.04,9.03,211.04,49.67,0
2023-12-03,-0.0,-4.2,1.5,35.0,39.8,13.0,5.46,93,944.4,670.0,984.0,5.7,18.0,34440.0,-0.8290375725550418,-0.5591929034707466,-0.46706492487743034,0.8842230238742036,1,1,486,4.2,6.97,2.36,5.09,188.42,50.75,0
2023-12-04,-6.1,-7.7,-4.2,18.8,29.9,0.1,0.07,78,959.2,210.0,680.0,3.5,24.1,12784.0,-0.9781476007338056,-0.2079116908177598,-0.451785789832884,0.8921264484954345,1,0,487,2.14,3.12,4.9,9.68,209.67,57.38,0
2023-12-05,1.1,-3.3,3.9,23.9,28.3,0.4,0.0,81,952.8,340.0,508.0,7.199999999999999,16.9,12141.199999999999,-0.587785252292473,-0.8090169943749475,-0.4363729641045924,0.8997658785476209,1,0,488,5.57,9.0,3.13,6.4,196.17,54.71,0
2023-12-06,-1.5,-9.0,3.6,31.0,35.4,0.7,0.28,76,945.3,615.0,1050.0,12.6,19.5,32550.0,-0.984807753012208,-0.17364817766693033,-0.42083100859565564,0.9071390534005044,1,0,489,2.45,4.0,2.27,5.75,204.08,51.21,0
2023-12-07,-12.1,-15.7,-8.9,15.8,28.0,0.0,0.0,58,960.8,240.0,786.0,6.799999999999999,30.1,12418.800000000001,-0.8910065241883679,0.45399049973954664,-0.4051645224207555,0.9142437912130228,1,0,490,2.25,3.21,4.22,10.41,223.29,49.38,0
2023-12-08,-18.3,-22.0,-16.1,12.8,17.3,0.0,0.0,59,964.4,250.0,369.0,5.899999999999999,36.3,4723.2,0.573576436351046,0.8191520442889918,-0.3893781415452015,0.9210779895789526,1,0,491,4.8,6.92,2.48,5.7,176.38,52.17,0
2023-12-09,-20.6,-23.1,-17.1,9.7,14.3,0.0,0.0,54,967.8,155.0,313.0,6.0,38.6,3036.1,0.6819983600624985,0.7313537016191705,-0.3734765374130716,0.9276396261490464,1,1,492,6.76,9.71,5.48,15.4,224.58,43.38,0
2023-12-10,-22.0,-24.9,-18.7,6.3,8.5,0.0,0.0,64,965.5,155.0,305.0,6.199999999999999,40.0,1921.5,-0.9335804264972017,0.3583679495453004,-0.3574644155648614,0.9339267592294762,1,1,493,9.27,13.22,9.05,16.66,304.54,38.21,1
2023-12-11,-24.4,-27.3,-21.4,19.0,27.2,0.0,0.0,68,961.5,135.0,405.0,5.900000000000002,42.4,7695.0,0.6156614753256583,0.7880107536067219,-0.341346514245037,0.9399375283564131,1,0,494,4.46,6.46,11.23,28.51,238.54,32.12,0
2023-12-12,-26.8,-29.9,-23.1,17.5,21.7,0.0,0.0,63,976.1,320.0,431.0,6.799999999999997,44.8,7542.5,0.4694715627858908,0.882947592858927,-0.3251276029999093,0.9456701548465688,1,0,495,3.58,5.1,2.78,5.34,203.71,50.25,0
2023-12-13,-24.5,-28.0,-20.3,11.7,14.1,0.0,0.0,61,987.2,160.0,243.0,7.699999999999999,42.5,2843.1,0.9271838545667874,0.37460659341591196,-0.30881248126625377,0.9511229423235357,1,0,496,2.88,8.62,5.32,14.35,208.21,47.25,0
2023-12-14,-18.9,-23.9,-13.4,16.1,22.4,0.0,0.0,57,982.6,95.0,185.0,10.499999999999998,36.9,2978.5000000000005,0.9945218953682733,0.10452846326765346,-0.2924059769510765,0.9562942772197722,1,0,497,2.84,14.07,3.78,6.97,216.29,52.75,0
2023-12-15,-13.5,-15.6,-9.9,23.6,27.2,0.0,0.0,51,973.2,250.0,321.0,5.699999999999999,31.5,7575.6,0.9659258262890683,0.25881904510252074,-0.27591294500296043,0.9611826292540837,1,0,498,3.98,9.37,2.08,4.11,199.79,70.88,0
2023-12-16,-13.4,-17.1,-8.1,16.7,22.1,0.0,0.0,47,967.9,75.0,192.0,9.000000000000002,31.4,3206.3999999999996,0.9986295347545738,0.052335956242943966,-0.2593382659754047,0.9657865518844576,1,1,499,9.33,13.46,3.17,6.27,223.58,64.62,0
2023-12-17,-11.0,-15.8,-4.0,11.1,14.6,0.0,0.0,43,966.8,45.0,134.0,11.8,29.0,1487.3999999999999,0.8910065241883679,-0.45399049973954675,-0.2426868445825954,0.9701046827361175,1,1,500,8.74,12.39,5.22,10.0,253.79,55.92,0
2023-12-18,-6.8,-10.5,-3.7,18.1,23.6,0.0,0.0,43,960.6,305.0,385.0,6.8,24.8,6968.500000000001,0.2756373558169992,-0.9612616959383189,-0.2259636082480182,0.9741357440046722,1,0,501,8.15,13.65,3.72,8.61,223.42,71.08,0
2023-12-19,-4.1,-6.2,-2.0,23.9,31.2,3.9,2.73,74,953.3,440.0,668.0,4.2,22.1,15965.199999999999,-0.46947156278589086,-0.8829475928589269,-0.20917350564635637,0.9778785428342386,1,0,502,5.79,9.51,2.98,8.39,224.0,64.71,0
2023-12-20,-6.5,-7.7,-5.1,20.6,24.2,3.5,2.45,85,959.5,580.0,745.0,2.6000000000000005,24.5,15347.000000000002,-0.7771459614569706,-0.6293203910498378,-0.19232150523909483,0.9813319716704275,1,0,503,1.75,2.62,3.21,7.48,209.46,51.88,0
2023-12-21,-3.9,-7.6,-1.3,28.0,33.9,3.7,2.52,92,964.8,350.0,624.0,6.3,21.9,17472.0,-0.7071067811865475,-0.7071067811865477,-0.17541259380427757,0.984495008588086,1,0,504,1.83,2.75,2.73,5.8,199.46,51.92,0
2023-12-22,-1.0,-2.3,0.6,12.3,19.1,0.0,0.0,97,964.6,105.0,189.0,2.9,19.0,2324.7000000000003,0.39073112848927377,-0.9205048534524404,-0.1584517749608372,0.9873667175937014,1,0,505,6.38,9.65,6.3,10.82,253.29,46.46,0
2023-12-23,-3.7,-7.7,0.4,10.9,18.3,0.0,0.0,87,951.5,45.0,95.0,8.1,21.7,1035.5,0.8090169943749475,-0.587785252292473,-0.14144406768794027,0.9899462489023783,1,1,506,6.56,9.8,6.17,12.93,256.46,64.58,0
2023-12-24,-2.8,-7.7,2.1,11.6,15.9,0.0,0.0,79,948.2,80.0,146.0,9.8,20.8,1693.6,0.13917310096006533,-0.9902680687415704,-0.12439450483979998,0.9922328391893008,1,1,507,9.81,15.98,5.87,11.89,273.54,67.71,0
2023-12-25,1.8,-1.6,3.7,17.1,34.7,1.3,0.0,83,947.9,185.0,299.0,5.300000000000001,16.2,5112.900000000001,0.2756373558169992,-0.9612616959383189,-0.10730813165636247,0.9942258118156161,1,0,508,16.79,41.66,3.98,8.88,213.25,69.08,0
2023-12-26,-0.6,-4.0,4.2,32.5,40.1,7.1,0.42,80,947.4,480.0,1071.0,8.2,18.6,34807.5,-0.5150380749100542,-0.8571673007021123,-0.09019000427034513,0.9959245770286599,1,0,509,4.16,10.2,2.21,6.54,185.88,68.75,0
2023-12-27,-1.1,-3.8,0.4,26.4,35.0,3.7,2.59,82,946.2,510.0,789.0,4.2,19.1,20829.6,-0.3090169943749473,-0.9510565162951536,-0.07304518821104655,0.9973286321364753,1,0,510,1.65,2.83,2.97,6.83,179.38,61.0,0
2023-12-28,-0.8,-2.0,0.7,25.5,29.7,2.2,1.4,90,950.6,555.0,855.0,2.7,18.8,21802.5,-0.5150380749100542,-0.8571673007021123,-0.055878756905372244,0.9984375616565666,1,0,511,1.76,2.73,2.84,6.27,177.04,57.17,0
2023-12-29,-1.5,-6.6,1.9,39.2,45.2,2.8,1.75,82,939.9,580.0,1247.0,8.5,19.5,48882.4,-0.5299192642332048,-0.8480480961564261,-0.03869579017652778,0.999251037438848,1,0,512,2.41,3.78,2.01,5.42,183.46,60.25,0
2023-12-30,-5.5,-7.6,-2.9,37.3,41.2,4.3,3.01,84,951.0,1180.0,1368.0,4.699999999999999,23.5,51026.399999999994,-0.7071067811865475,-0.7071067811865477,-0.021501372740813793,0.999768818762748,1,1,513,1.39,2.21,2.12,4.8,193.04,54.62,0
2023-12-31,-1.6,-2.9,-0.7,27.0,38.4,3.8,2.59,93,951.3,540.0,856.0,2.2,19.6,23112.0,-0.8191520442889916,-0.5735764363510464,-0.004300592702981974,0.9999907524084426,1,1,514,1.27,2.05,3.22,6.52,191.29,50.96,0
2024-01-01,-1.5,-2.3,-0.5,24.5,28.6,0.6,0.42,86,952.2,540.0,626.0,1.7999999999999998,19.5,15337.0,-0.39073112848927355,-0.9205048534524404,0.017201575418260506,0.9998520419557735,1,0,515,5.12,10.48,3.24,6.98,192.88,61.38,0
2024-01-02,-3.4,-6.8,-1.9,31.2,40.9,3.3,2.38,87,945.7,,,4.9,21.4,,-0.8660254037844384,-0.5000000000000004,0.03439806061360801,0.9994082116062598,1,0,516,3.49,5.79,2.6,5.58,201.88,58.62,0
2024-01-03,-7.7,-9.9,-4.7,19.0,29.2,0.1,0.07,90,958.9,,,5.2,25.7,,-0.7313537016191703,-0.6819983600624986,0.05158436686940837,0.9986686402879997,1,0,517,2.07,2.97,4.42,7.88,229.88,50.04,0
2024-01-04,-7.6,-12.7,-3.3,14.2,25.2,0.0,0.0,76,952.6,,,9.399999999999999,25.6,,0.4383711467890773,-0.898794046299167,0.06875540848113941,0.9976335468520451,1,0,518,6.55,9.95,3.81,6.97,229.92,67.08,0
2024-01-05,-3.0,-3.9,-2.4,19.1,22.9,0.2,0.14,85,946.5,,,1.5,21.0,,-0.587785252292473,-0.8090169943749475,0.08590610426133273,0.9963032375991965,1,0,519,6.72,11.9,3.46,7.52,222.5,60.75,0
2024-01-06,-5.1,-6.4,-3.3,14.0,21.3,0.2,0.14,91,953.2,,,3.1000000000000005,23.1,,-0.7771459614569706,-0.6293203910498378,0.1030313790431788,0.9946781061893646,1,1,520,2.24,3.26,4.96,10.73,215.71,52.67,0
2024-01-07,-4.4,-9.3,1.0,17.0,36.3,4.1,2.45,94,951.5,,,10.3,22.4,,0.13917310096006533,-0.9902680687415704,0.12012616518235049,0.9927586335250793,1,1,521,5.04,8.33,4.13,7.87,207.54,65.17,0
2024-01-08,-3.6,-12.0,0.9,32.7,45.7,6.0,3.85,90,943.1,,,12.9,21.6,,-0.8290375725550418,-0.5591929034707466,0.13718540405660057,0.9905453876091833,1,0,522,1.3,2.05,2.04,4.75,201.0,54.25,0
2024-01-09,-15.4,-19.0,-8.5,14.6,20.4,0.1,0.07,78,950.6,,,10.5,33.4,,-0.5446390350150271,-0.838670567945424,0.1542040475626894,0.988039023376751,1,0,523,2.88,4.31,4.99,7.55,245.38,62.79,0
2024-01-10,-3.3,-13.6,1.6,35.5,56.7,5.4,3.78,87,932.8,,,15.2,21.3,,-0.5735764363510462,-0.8191520442889918,0.17117705961019988,0.985240282501282,1,0,524,4.27,7.05,2.13,4.92,193.04,64.38,0
2024-01-11,-14.6,-23.3,-10.1,25.2,31.8,2.0,1.33,80,943.9,,,13.200000000000001,32.6,,-0.874619707139396,-0.48480962024633684,0.1880994176117976,0.9821499931752291,1,0,525,1.77,2.76,3.77,5.64,203.21,67.33,0
2024-01-12,-17.2,-24.5,-10.1,19.2,27.6,0.0,0.0,76,955.5,,,14.4,35.2,,-0.0348994967025009,-0.9993908270190958,0.20496611396949535,0.9787690698649216,1,0,526,4.31,6.46,4.42,5.82,220.67,64.04,0
2024-01-13,-7.6,-13.4,-0.6,15.1,26.3,0.3,0.21,81,942.7,,,12.8,25.6,,0.03489949670250114,-0.9993908270190958,0.22177215755648189,0.975098513039961,1,1,527,9.5,17.55,3.74,7.17,214.67,76.17,0
2024-01-14,-10.2,-22.2,1.0,30.7,40.8,3.4,1.96,81,944.0,,,23.2,28.2,,-0.8571673007021121,-0.5150380749100544,0.23851257519407645,0.9711394088771653,1,1,528,3.54,8.17,2.25,4.86,203.58,65.25,0
2024-01-15,-22.5,-25.2,-19.7,9.7,16.6,0.0,0.0,76,963.1,,,5.5,40.5,,-0.7771459614569706,-0.6293203910498378,0.2551824131233728,0.9668929289391521,1,0,529,6.95,10.01,6.22,10.2,279.08,57.75,1
2024-01-16,-22.1,-27.3,-16.6,9.3,12.7,0.0,0.0,79,966.0,,,10.7,40.1,,0.9902680687415704,0.13917310096006547,0.2717767384711357,0.9623603298276545,1,0,530,13.11,19.03,9.74,19.7,357.33,51.67,1
2024-01-17,-19.2,-22.6,-14.9,12.6,16.3,0.0,0.0,75,968.1,,,7.700000000000001,37.2,,0.9986295347545738,-0.05233595624294384,0.28829064070951776,0.9575429528116719,1,0,531,6.53,9.92,5.01,10.57,240.5,59.58,0
2024-01-18,-17.5,-21.3,-12.9,12.1,15.9,0.0,0.0,67,964.6,,,8.4,35.5,,0.8829475928589269,-0.4694715627858909,0.3047192331091634,0.9524422234305676,1,0,532,5.62,8.27,5.0,8.11,251.62,69.25,0
2024-01-19,-12.7,-15.3,-10.4,8.2,12.3,0.3,0.21,75,959.6,,,4.9,30.7,,-0.5150380749100542,-0.8571673007021123,0.32105765418527105,0.9470596510722283,1,0,533,7.21,10.81,6.42,11.24,257.83,72.29,1
2024-01-20,-15.4,-18.6,-13.3,11.1,15.8,0.1,0.07,84,967.5,,,5.300000000000001,33.4,,0.5591929034707469,0.8290375725550417,0.33730106913618424,0.9413968285264122,1,1,534,4.24,6.32,4.08,6.92,241.88,58.29,1
2024-01-21,-16.6,-20.5,-11.3,10.8,13.3,0.0,0.0,85,970.6,,,9.2,34.6,,0.9998476951563913,-0.017452406437283477,0.35344467127408763,0.9354554315134165,1,1,535,6.08,9.3,3.95,6.9,255.17,61.75,0
2024-01-22,-16.0,-20.2,-10.8,11.1,14.2,0.0,0.0,68,966.0,,,9.399999999999999,34.0,,0.8660254037844387,-0.49999999999999983,0.36948368344738314,0.9292372181882051,1,0,536,13.1,19.34,5.82,11.25,287.62,77.92,1
2024-01-23,-13.0,-18.5,-6.9,11.6,14.5,0.0,0.0,68,961.9,,,11.6,31.0,,0.7071067811865476,-0.7071067811865475,0.38541335945432564,0.9227440286201427,1,0,537,14.42,22.52,5.62,12.19,309.71,84.12,1
2024-01-24,-8.9,-15.1,-3.2,10.0,14.2,0.6,0.42,83,959.2,,,11.899999999999999,26.9,,0.258819045102521,-0.9659258262890682,0.40122898544750096,0.9159777842484876,1,0,538,15.22,24.88,5.08,9.6,310.21,82.17,0
2024-01-25,-1.3,-2.9,1.0,12.1,19.5,0.5,0.28,85,953.0,,,3.9,19.3,,0.45399049973954686,-0.8910065241883678,0.41692588132872865,0.908940487313808,1,0,539,15.2,26.29,4.4,9.28,280.21,87.46,0
2024-01-26,-9.1,-12.4,-2.9,27.0,31.8,1.9,1.33,82,954.5,,,9.5,27.1,,-0.6156614753256582,-0.788010753606722,0.43249940213397886,0.9016342202654859,1,0,540,4.26,7.03,2.64,6.35,219.92,71.25,0
2024-01-27,-12.7,-15.4,-11.8,24.3,30.1,2.5,1.75,83,960.0,,,3.5999999999999996,30.7,,-0.754709580222772,-0.6560590289905073,0.44794493940789115,0.8940611451454876,1,1,541,4.2,7.09,3.12,6.38,216.5,68.04,0
2024-01-28,-13.9,-15.7,-12.0,7.0,11.5,0.0,0.0,85,959.8,,,3.6999999999999993,31.9,,-0.9659258262890683,-0.25881904510252063,0.46325792256749165,0.8862235029485801,1,1,542,4.55,6.77,7.31,14.13,295.75,58.25,1
2024-01-29,-16.6,-20.1,-13.8,7.6,10.2,0.0,0.0,84,959.1,,,6.300000000000001,34.6,,0.838670567945424,0.5446390350150271,0.4784338202547012,0.8781236129591848,1,0,543,5.8,8.32,10.08,23.81,374.62,52.0,1
2024-01-30,-14.5,-21.5,-8.0,8.4,13.0,0.5,0.35,82,955.7,,,13.5,32.5,,0.6427876096865395,-0.7660444431189779,0.49346814167723735,0.8697638720650646,1,0,544,9.66,14.59,7.26,12.7,336.71,66.5,1
2024-01-31,-7.7,-10.9,-4.3,19.9,32.2,2.1,1.47,85,951.9,,,6.6000000000000005,25.7,,-0.3090169943749473,-0.9510565162951536,0.5083564379375123,0.8611467540480451,1,0,545,2.1,3.06,3.45,6.8,232.04,57.29,0
2024-02-01,-7.8,-10.0,-6.1,20.0,23.3,1.8,1.26,81,950.6,,,3.9000000000000004,25.8,,-0.2079116908177595,-0.9781476007338056,0.5230943033491326,0.8522748088519838,1,0,546,1.89,2.73,3.48,7.39,217.38,70.29,0
2024-02-02,-12.3,-15.0,-8.1,24.3,30.3,1.5,1.05,83,954.4,,,6.9,30.3,,-0.7071067811865475,-0.7071067811865477,0.5376773767406141,0.8431506618282,1,0,547,1.6,2.3,2.9,6.02,219.67,64.62,0
2024-02-03,-9.0,-12.8,-6.8,22.2,28.2,3.4,2.38,81,951.2,,,6.000000000000001,27.0,,-0.32556815445715676,-0.9455185755993167,0.5521013427459208,0.8337770129585914,1,1,548,2.12,3.29,2.63,5.37,209.25,75.38,0
2024-02-04,-5.8,-7.2,-4.7,26.3,35.5,1.6,1.26,84,951.4,,,2.5,23.8,,-0.6018150231520484,-0.7986355100472928,0.5663619330814524,0.8241566360566663,1,1,549,4.34,7.09,2.64,5.97,213.96,79.42,0
2024-02-05,-4.9,-8.7,-2.2,22.6,27.9,0.0,0.0,88,955.0,,,6.499999999999999,22.9,,-0.34202014332566866,-0.9396926207859084,0.580454927809098,0.8142923779467267,1,0,550,3.96,6.34,2.9,6.3,215.08,74.17,0
2024-02-06,-6.2,-9.7,-4.2,23.5,33.0,0.1,0.07,82,951.1,,,5.499999999999999,24.2,,0.19080899537654497,-0.9816271834476639,0.5943761565849831,0.804187157621448,1,0,551,8.57,15.55,2.63,6.66,248.0,90.21,0
2024-02-07,-3.3,-6.0,0.5,38.0,52.0,6.2,4.41,78,941.2,,,6.5,21.3,,-0.052335956242943564,-0.9986295347545738,0.6081214998935419,0.7938439653781019,1,0,552,10.82,20.1,2.02,5.63,220.17,92.21,0
2024-02-08,-5.0,-6.2,-0.5,39.6,53.1,1.2,0.84,87,946.7,,,5.7,23.0,,-0.5735764363510462,-0.8191520442889918,0.6216868902665479,0.7832658619336791,1,0,553,1.32,2.15,1.9,4.39,175.75,71.42,0
2024-02-09,1.9,0.4,3.2,40.4,48.0,2.8,0.77,88,945.5,,,2.8000000000000003,16.1,,-0.5735764363510462,-0.8191520442889918,0.6350683134867439,0.7724559775191742,1,0,554,7.29,19.3,1.77,4.1,171.0,80.0,0
2024-02-10,-2.2,-7.4,3.2,26.0,44.2,10.0,6.09,89,944.7,,,10.600000000000001,20.2,,-0.8987940462991668,-0.43837114678907774,0.6482618097757123,0.7614175109532997,1,1,555,5.02,10.0,2.42,5.68,192.54,83.58,0
2024-02-11,-13.7,-19.6,-7.8,16.3,20.2,0.0,0.0,83,951.4,,,11.8,31.7,,-0.9945218953682734,0.10452846326765299,0.6612634749656385,0.7501537286959042,1,1,556,2.07,3.0,3.43,7.55,261.54,73.25,0
2024-02-12,-19.3,-21.7,-15.2,16.0,21.1,0.0,0.0,83,964.5,,,6.5,37.3,,-0.882947592858927,-0.46947156278589075,0.6740694616546162,0.7386679638813748,1,0,557,5.2,7.74,4.15,6.89,294.29,70.67,0
2024-02-13,-15.4,-23.8,-8.4,15.0,27.6,0.0,0.0,75,963.0,,,15.4,33.4,,1.2246467991473532e-16,-1.0,0.6866759803451554,0.7269636153323079,1,0,558,8.27,12.5,4.5,9.31,295.67,85.62,0
2024-02-14,-4.2,-9.4,-0.2,28.9,39.8,9.9,6.79,85,950.7,,,9.200000000000001,22.2,,-0.848048096156426,-0.529919264233205,0.6990793005655562,0.7150441465537444,1,0,559,6.58,10.8,2.5,5.31,204.5,78.17,0
2024-02-15,-19.6,-31.2,-10.7,21.8,25.1,0.5,0.35,78,950.8,,,20.5,37.6,,0.3420201433256687,0.9396926207859084,0.7112757519738152,0.7029130847082615,1,0,560,1.67,2.41,2.43,4.2,242.17,67.79,0
2024-02-16,-31.5,-35.6,-27.3,16.2,20.5,0.0,0.0,73,963.4,,,8.3,49.5,,-0.8191520442889918,0.573576436351046,0.7232617254437389,0.6905740195722293,1,0,561,2.41,3.45,3.73,6.2,250.71,67.92,0
2024-02-17,-30.2,-34.2,-25.1,10.0,14.9,0.0,0.0,79,972.9,,,9.100000000000001,48.2,,-0.8386705679454242,-0.544639035015027,0.7350336741329413,0.6780306024735381,1,1,562,8.1,11.62,8.05,16.89,348.67,66.67,0
2024-02-18,-29.2,-35.5,-22.1,9.6,18.1,0.0,0.0,80,966.5,,,13.399999999999999,47.2,,0.9335804264972017,0.3583679495453004,0.7465881145324131,0.6652865452111115,1,1,563,11.96,17.2,10.91,31.57,472.75,70.12,1
2024-02-19,-27.5,-31.6,-22.4,18.4,21.7,0.0,0.0,77,968.5,,,9.200000000000003,45.5,,0.9876883405951378,0.15643446504023092,0.757921627497347,0.6523456189565258,1,0,564,3.12,4.55,3.96,10.98,270.42,64.33,0
2024-02-20,-26.6,-30.0,-21.4,21.3,25.0,0.0,0.0,70,970.5,,,8.600000000000001,44.6,,0.9876883405951378,-0.1564344650402308,0.7690308592589181,0.6392116531380588,1,0,565,4.4,6.4,2.64,5.8,271.46,73.79,0
2024-02-21,-25.8,-29.7,-18.6,17.7,22.5,0.0,0.0,69,966.6,,,11.099999999999998,43.8,,0.9612616959383189,-0.27563735581699905,0.7799125224167178,0.6258885343075017,1,0,566,9.72,14.1,4.7,9.52,319.04,75.21,0
2024-02-22,-22.5,-29.3,-14.1,15.9,18.1,0.0,0.0,64,963.2,,,15.200000000000001,40.5,,0.90630778703665,-0.42261826174069933,0.7905633969115482,0.6123802049900648,1,0,567,9.84,14.55,4.66,11.52,319.08,87.29,0
2024-02-23,-16.1,-21.5,-11.7,10.8,15.7,0.6,0.42,81,960.6,,,9.8,34.1,,0.9271838545667874,0.37460659341591196,0.8009803309782905,0.5986906625177214,1,0,568,15.85,25.64,4.84,12.8,313.21,89.58,0
2024-02-24,-20.5,-26.5,-15.8,7.7,15.0,0.0,0.0,83,966.9,,,10.7,38.5,,0.6427876096865393,0.766044443118978,0.8111602420785621,0.5848239578463323,1,1,569,10.53,18.21,9.34,28.31,373.0,67.54,1
2024-02-25,-20.8,-27.1,-14.1,11.7,16.6,0.0,0.0,80,969.2,,,13.000000000000002,38.8,,-0.8090169943749473,-0.5877852522924732,0.821100117812889,0.5707841943569038,1,1,570,10.07,16.27,7.48,19.07,367.79,76.21,0
2024-02-26,-14.9,-18.8,-10.3,11.6,15.9,0.0,0.0,84,967.4,,,8.5,32.9,,-0.8090169943749473,-0.5877852522924732,0.8307970168121248,0.5565755266413303,1,0,571,13.09,19.7,5.57,12.51,286.54,80.67,0
2024-02-27,-9.6,-14.5,-6.0,13.7,18.8,0.8,0.56,91,969.1,,,8.5,27.6,,-0.7771459614569706,-0.6293203910498378,0.8402480696078469,0.5422021592729844,1,0,572,9.12,13.43,4.45,8.68,254.92,81.38,0
2024-02-28,-5.6,-8.8,-3.5,9.6,12.2,0.0,0.0,93,968.4,,,5.300000000000001,23.6,,-0.913545457642601,-0.4067366430758001,0.8494504794814806,0.527668345562516,1,0,573,7.42,11.18,6.03,12.05,254.79,86.62,0
2024-02-29,-6.2,-10.7,-2.9,5.5,10.0,0.0,0.0,93,966.7,,,7.799999999999999,24.2,,-0.9396926207859084,-0.34202014332566855,0.8584015232918917,0.512978386299228,1,0,574,5.53,8.07,10.13,22.43,330.38,80.29,1
2024-03-01,-7.4,-9.1,-5.7,8.3,13.5,0.0,0.0,95,960.5,,,3.3999999999999995,25.4,,-0.8987940462991668,-0.43837114678907774,0.8670985522812081,0.4981366284784055,1,0,575,2.18,3.16,7.42,18.22,293.83,83.29,1
2024-03-02,-8.0,-10.8,-5.6,16.3,26.1,0.8,0.56,85,957.1,,,5.200000000000001,26.0,,-0.27563735581699894,0.9612616959383189,0.8755389928586303,0.4831474640149685,1,1,576,1.14,1.63,2.32,5.28,210.0,87.67,0
2024-03-03,-8.3,-10.3,-6.7,15.0,23.1,0.0,0.0,85,961.7,,,3.6000000000000005,26.3,,-0.15643446504023112,0.9876883405951377,0.8837203473619977,0.4680153284438345,1,1,577,1.51,2.19,4.08,12.37,209.12,81.79,0
2024-03-04,-9.6,-12.8,-7.4,23.7,30.1,0.0,0.0,87,960.4,,,5.4,27.6,,-0.848048096156426,-0.529919264233205,0.8916401947968874,0.45274469960737107,1,0,578,1.68,2.48,2.75,8.94,207.33,90.46,0
2024-03-05,-7.7,-12.7,-2.9,22.5,28.3,0.0,0.0,84,959.1,,,9.799999999999999,25.7,,-0.587785252292473,-0.8090169943749475,0.8992961915530253,0.4373400963303323,1,0,579,13.2,20.75,2.55,7.92,225.5,84.88,0
2024-03-06,-8.0,-13.8,-3.0,18.0,21.3,0.0,0.0,89,954.4,,,10.8,26.0,,-0.5446390350150271,-0.838670567945424,0.9066860720977985,0.4218060770826634,1,0,580,19.18,29.78,3.31,7.8,253.29,81.67,0
2024-03-07,-8.3,-13.5,-4.4,17.6,21.8,0.0,0.0,92,951.7,,,9.1,26.3,,-0.7660444431189779,-0.6427876096865395,0.9138076496466615,0.4061472386305789,1,0,581,9.56,15.03,3.6,7.94,245.17,76.67,0
2024-03-08,-5.1,-9.8,-0.8,9.8,15.8,0.0,0.0,91,953.6,,,9.0,23.1,,0.06975647374412552,-0.9975640502598242,0.9206588168102429,0.39036821467630245,1,0,582,10.94,17.12,7.64,22.57,269.12,74.46,0
2024-03-09,-0.3,-8.2,3.0,20.1,34.3,2.7,0.07,90,946.5,,,11.2,18.3,,0.17364817766693028,-0.984807753012208,0.9272375462179537,0.374473674486883,1,1,583,27.67,55.44,3.84,9.84,254.46,96.17,0
2024-03-10,-0.8,-3.1,2.2,26.8,36.2,1.4,0.63,92,949.4,,,5.300000000000001,18.8,,-0.7986355100472928,-0.6018150231520483,0.9335418911179212,0.35846832151248087,1,1,584,3.24,6.45,2.65,5.9,188.96,81.88,0
2024-03-11,-4.3,-12.5,-1.3,18.2,29.7,0.7,0.49,86,955.5,,,11.2,22.3,,-0.913545457642601,-0.4067366430758001,0.9395699859530622,0.342356891994542,1,0,585,8.24,13.28,4.66,12.05,236.25,79.08,0
2024-03-12,-6.2,-12.9,-2.9,14.2,17.6,1.5,1.05,89,950.1,,,10.0,24.2,,0.12186934340514748,0.992546151641322,0.945320046913132,0.3261441535642696,1,0,586,4.12,6.47,4.68,11.3,257.17,73.08,0
2024-03-13,-7.3,-12.4,-4.5,23.1,33.7,1.5,1.05,83,953.7,,,7.9,25.3,,-0.7986355100472928,-0.6018150231520483,0.9507903724625832,0.3098349038318025,1,0,587,2.9,4.35,3.13,6.33,239.21,82.46,0
2024-03-14,-11.0,-12.4,-9.6,18.1,22.4,0.3,0.21,86,962.1,,,2.8000000000000007,29.0,,-0.9702957262759965,-0.24192189559966779,0.9559793438440766,0.2934339689665273,1,0,588,1.88,2.67,2.8,7.62,268.29,84.12,0
2024-03-15,-8.4,-11.0,-6.0,24.1,29.8,1.3,0.91,85,966.5,,,5.0,26.4,,-0.8191520442889916,-0.5735764363510464,0.9608854255574977,0.27694620226893646,1,0,589,1.99,2.88,2.65,6.42,232.92,88.0,0
2024-03-16,-6.4,-10.0,-3.8,24.0,31.1,0.2,0.14,90,966.8,,,6.2,24.4,,-0.754709580222772,-0.6560590289905073,0.9655071658143364,0.2603764827344579,1,1,590,6.35,9.83,2.57,6.29,201.38,88.58,0
2024-03-17,-8.8,-16.6,-1.0,9.7,18.1,0.0,0.0,89,964.7,,,15.600000000000001,26.8,,-0.4226182617406993,-0.90630778703665,0.969843196967294,0.24372971360968387,1,1,591,19.95,30.66,6.64,15.56,288.75,86.12,1
2024-03-18,-5.7,-16.0,2.2,13.7,17.5,0.0,0.0,74,956.7,,,18.2,23.7,,0.777145961456971,-0.6293203910498373,0.9738922359149924,0.22701082094141847,1,0,592,9.58,19.37,5.09,11.46,273.71,96.83,1
2024-03-19,-0.0,-2.5,1.6,17.2,22.8,0.1,0.07,88,952.6,,,4.1,18.0,,-0.754709580222772,-0.6560590289905073,0.9776530844816641,0.21022475211898378,1,0,593,10.83,23.77,2.85,6.58,211.0,81.29,0
2024-03-20,-0.5,-5.1,0.8,9.5,16.5,0.5,0.35,91,953.1,,,5.8999999999999995,18.5,,0.374606593415912,0.9271838545667874,0.9811246297717121,0.19337647441020564,1,0,594,6.43,14.32,3.09,7.52,213.71,79.62,0
2024-03-21,-3.8,-8.2,1.9,15.4,19.1,0.0,0.0,81,952.3,,,10.1,21.8,,0.7986355100472928,0.6018150231520483,0.984305844499033,0.17647097349152166,1,0,595,8.85,16.72,4.47,14.39,255.04,79.71,0
2024-03-22,-5.6,-12.4,0.1,7.0,12.0,0.0,0.0,87,954.3,,,12.5,23.6,,0.7071067811865475,0.7071067811865476,0.9871957872910085,0.15951325197263633,1,0,596,15.25,23.67,8.18,23.56,331.54,75.62,1
2024-03-23,-4.5,-13.0,3.0,8.1,11.9,0.0,0.0,83,952.6,,,16.0,22.5,,0.788010753606722,-0.6156614753256583,0.9897936029670716,0.14250832791617088,1,1,597,23.62,35.52,10.91,25.15,425.67,87.75,1
2024-03-24,-1.3,-5.6,2.8,6.3,12.7,0.0,0.0,95,953.2,,,8.399999999999999,19.3,,-0.882947592858927,-0.46947156278589075,0.992098522791769,0.1254612333527367,1,1,598,21.02,32.65,8.33,17.99,345.58,80.33,1
2024-03-25,0.3,-4.0,3.6,13.5,19.4,0.8,0.0,90,956.5,,,7.6,17.7,,-0.6691306063588582,-0.7431448254773942,0.9941098647022418,0.10837701279187609,1,0,599,13.41,25.59,4.36,7.73,216.62,73.38,0
2024-03-26,2.7,-3.2,12.2,10.5,18.2,0.0,0.0,80,954.7,,,15.399999999999999,15.3,,0.8191520442889917,-0.5735764363510462,0.9958270335100595,0.09126072172931188,1,0,600,16.16,35.19,5.1,9.93,255.33,71.33,1
2024-03-27,3.6,-1.4,10.3,12.5,18.4,0.0,0.0,81,949.5,,,11.700000000000001,14.4,,-0.1045284632676535,-0.9945218953682733,0.9972495210773451,0.07411742515094415,1,0,601,14.47,52.01,4.47,7.83,225.12,68.75,0
2024-03-28,4.1,-1.2,11.2,20.5,48.6,7.3,0.14,85,944.7,,,12.399999999999999,13.9,,0.19080899537654497,-0.9816271834476639,0.998376906467142,0.05695219603403953,1,0,602,15.1,100.81,3.78,6.42,204.12,61.88,0
2024-03-29,4.5,0.3,10.4,28.0,37.8,7.8,1.54,79,944.5,,,10.1,13.5,,-0.5735764363510462,-0.8191520442889918,0.9992088560679753,0.03977011384605594,1,0,603,14.47,81.73,2.03,5.04,178.58,79.5,0
2024-03-30,0.0,-3.5,3.2,25.6,34.0,2.3,1.47,79,947.9,,,6.7,18.0,,-0.882947592858927,-0.46947156278589075,0.9997451236925734,0.022576263041545485,1,1,604,3.45,6.36,2.26,5.81,187.17,67.38,0
2024-03-31,-0.2,-4.0,7.1,16.9,22.0,0.0,0.0,65,962.4,,,11.1,18.2,,-0.9902680687415703,-0.13917310096006583,0.9999855506507186,0.005375731557583884,1,1,605,8.54,12.5,2.81,9.06,207.17,86.79,0
2024-04-01,1.5,-5.2,9.4,10.0,14.2,0.0,0.0,66,962.2,,,14.600000000000001,16.5,,-0.874619707139396,-0.48480962024633684,0.9999300657962057,-0.011826390691832589,0,0,606,11.17,16.45,4.37,12.11,223.42,69.25,0
2024-04-02,2.4,-3.2,9.2,11.8,21.0,0.1,0.0,77,956.8,,,12.399999999999999,15.6,,-0.9986295347545738,0.052335956242943946,0.9995786855478958,-0.029025013321975237,0,0,607,12.31,19.9,4.21,9.13,211.17,64.88,0
2024-04-03,1.9,-2.6,7.0,6.0,9.0,0.0,0.0,79,959.4,,,9.6,16.1,,0.5446390350150271,0.838670567945424,0.9989315138848577,-0.046215046983708576,0,0,608,13.3,20.21,7.17,19.27,240.83,60.04,0
2024-04-04,4.4,-3.0,12.9,8.2,12.7,0.0,0.0,67,960.6,,,15.9,13.6,,0.9925461516413221,-0.12186934340514737,0.9979887423155984,-0.06339140486951038,0,0,609,22.32,40.03,7.63,21.73,258.79,55.12,0
2024-04-05,7.1,-0.8,16.3,10.2,15.1,0.0,0.0,59,955.9,,,17.1,10.9,,0.9205048534524403,-0.39073112848927377,0.9967506498213929,-0.0805490042187419,0,0,610,9.61,24.68,3.36,7.77,215.54,63.29,0
2024-04-06,7.8,-0.4,16.4,8.8,20.3,0.0,0.0,62,951.0,,,16.799999999999997,10.2,,0.766044443118978,0.6427876096865394,0.9952176027737294,-0.09768276782171598,0,1,611,12.9,22.55,4.63,12.62,217.42,59.92,0
2024-04-07,6.6,-1.0,14.1,9.4,16.2,0.0,0.0,76,956.9,,,15.1,11.4,,0.838670567945424,0.5446390350150271,0.9933900548258936,-0.11478762552212723,0,1,612,12.73,24.46,2.73,8.34,202.08,57.79,0
2024-04-08,7.4,2.8,11.0,13.6,22.5,8.5,0.0,82,950.7,,,8.2,10.6,,-0.1045284632676535,-0.9945218953682733,0.9912685467787256,-0.1318585157173914,0,0,613,15.69,27.5,3.44,7.83,179.75,65.04,0
2024-04-09,5.5,3.4,8.7,20.0,29.9,3.0,0.0,87,948.4,,,5.299999999999999,12.5,,-0.9743700647852351,-0.22495105434386525,0.9888537064205885,-0.1488903868564546,0,0,614,6.4,10.05,2.43,5.03,172.21,64.0,0
2024-04-10,7.2,2.3,12.2,18.7,28.7,1.1,0.0,77,950.2,,,9.899999999999999,10.8,,-0.9986295347545738,-0.052335956242944306,0.986146248341595,-0.16587819893463143,0,0,615,7.35,12.53,2.43,5.21,177.83,66.08,0
2024-04-11,2.8,-0.1,4.8,15.3,21.5,0.6,0.0,75,952.9,,,4.8999999999999995,15.2,,-0.529919264233205,0.8480480961564258,0.9831469737221499,-0.1828169249850199,0,0,616,3.53,5.24,2.25,5.25,183.75,57.67,0
2024-04-12,1.6,-5.3,8.5,10.2,19.2,0.0,0.0,64,955.5,,,13.8,16.4,,-0.8571673007021121,-0.5150380749100544,0.9798567700958665,-0.1997015525660638,0,0,617,7.99,11.65,3.15,8.41,177.38,71.04,0
2024-04-13,6.5,-0.3,13.7,18.1,24.6,0.0,0.0,53,948.6,,,14.0,11.5,,-0.6819983600624984,-0.7313537016191706,0.9762766110869321,-0.2165270852448146,0,1,618,8.59,12.39,2.97,7.8,171.17,75.08,0
2024-04-14,10.4,3.5,17.4,20.7,32.4,0.1,0.0,57,945.9,,,13.899999999999999,7.6,,-0.6946583704589974,-0.7193398003386511,0.9724075561219969,-0.233288544075455,0,1,619,11.75,23.8,2.54,6.28,160.38,72.04,0
2024-04-15,8.9,3.4,14.3,10.0,15.6,0.3,0.0,80,949.7,,,10.9,9.1,,-0.19080899537654467,0.981627183447664,0.9682507501166718,-0.2499809690726523,0,0,620,10.69,17.05,3.23,8.3,165.5,53.38,0
2024-04-16,8.3,0.4,15.5,8.2,16.9,0.0,0.0,68,954.7,,,15.1,9.7,,0.9975640502598242,-0.06975647374412533,0.9638074231367307,-0.26659942067929354,0,0,621,6.2,9.16,5.12,15.7,173.67,55.58,0
2024-04-17,11.0,6.4,16.3,17.8,32.2,0.2,0.0,66,954.7,,,9.9,7.0,,-0.8386705679454242,-0.544639035015027,0.9590788900341131,-0.28313898122818354,0,0,622,8.45,16.32,2.91,6.05,166.92,65.17,0
2024-04-18,12.2,3.7,19.7,10.8,18.6,0.0,0.0,70,956.8,,,16.0,5.800000000000001,,-0.874619707139396,-0.48480962024633684,0.9540665500578386,-0.2995947563972604,0,0,623,13.3,21.39,4.29,9.25,180.67,61.71,0
2024-04-19,14.5,5.3,22.5,11.4,19.8,0.0,0.0,73,955.9,,,17.2,3.5,,-0.4226182617406992,0.90630778703665,0.9487718864399474,-0.3159618766579027,0,0,624,8.63,20.57,2.2,5.58,157.08,62.92,0
2024-04-20,14.0,8.1,20.3,16.1,22.6,0.0,0.0,63,959.6,,,12.200000000000001,4.0,,0.8829475928589269,0.46947156278589086,0.9431964659565865,-0.3322354987159046,0,1,625,6.43,14.35,2.7,10.47,150.71,69.04,0
2024-04-21,13.4,5.1,21.8,16.5,24.0,0.0,0.0,52,961.6,,,16.700000000000003,4.6,,0.9063077870366499,0.42261826174069944,0.9373419384643773,-0.3484108069446806,0,1,626,3.73,12.11,1.63,3.32,159.04,69.38,0
2024-04-22,14.9,5.6,22.9,13.8,23.8,0.5,0.0,59,958.4,,,17.299999999999997,3.0999999999999996,,0.754709580222772,0.6560590289905073,0.9312100364121947,-0.3644830148102912,0,0,627,8.24,22.0,2.77,9.25,168.5,63.58,0
2024-04-23,12.3,5.7,18.3,13.0,15.6,0.0,0.0,42,956.5,,,12.600000000000001,5.699999999999999,,0.8829475928589269,0.46947156278589086,0.9248025743285089,-0.38044736628785186,0,0,628,2.69,4.01,3.39,12.08,159.0,71.5,0
2024-04-24,8.9,3.8,15.2,19.8,28.2,0.0,0.0,53,952.7,,,11.399999999999999,9.1,,0.8746197071393957,0.4848096202463371,0.9181214482844365,-0.39629913726891797,0,0,629,5.9,10.71,3.63,17.55,159.83,60.5,0
2024-04-25,4.5,-1.1,9.5,27.0,32.9,0.0,0.0,44,956.4,,,10.6,13.5,,0.9702957262759965,0.24192189559966767,0.9111686353326631,-0.41203363695942635,0,0,630,5.4,7.65,1.06,3.53,160.33,72.17,0
2024-04-26,5.3,-1.0,10.2,18.4,22.5,0.0,0.0,43,962.2,,,11.2,12.7,,0.9781476007338056,0.20791169081775945,0.9039461929224011,-0.42764620926777464,0,0,631,7.69,11.24,1.15,2.37,163.67,71.75,0
2024-04-27,6.5,0.1,12.4,17.2,25.7,0.0,0.0,36,962.9,,,12.3,11.5,,0.7771459614569709,0.6293203910498374,0.8964562582905575,-0.44313223418263453,0,1,632,7.03,10.14,2.32,8.55,167.17,76.58,0
2024-04-28,7.6,-2.5,14.9,7.8,11.1,0.0,0.0,50,960.9,,,17.4,10.4,,-0.37460659341591235,0.9271838545667873,0.8887010478292913,-0.45848712914008805,0,1,633,11.36,16.32,4.23,17.59,175.12,71.75,0
2024-04-29,13.2,6.0,20.2,18.6,28.8,1.1,0.0,53,955.4,,,14.2,4.800000000000001,,-0.9659258262890683,-0.25881904510252063,0.8806828564301475,-0.47370635037968,0,0,634,12.58,27.2,2.27,6.13,166.5,70.04,0
2024-04-30,12.2,7.4,20.1,14.5,27.9,1.3,0.0,76,950.2,,,12.700000000000001,5.800000000000001,,0.6819983600624985,0.7313537016191705,0.8724040568049614,-0.48878539428899226,0,0,635,14.43,28.46,2.88,7.27,166.58,52.62,0
2024-05-01,6.2,1.6,10.4,18.7,31.7,3.1,0.0,67,945.9,,,8.8,11.8,,-0.529919264233205,0.8480480961564258,0.8638670987837349,-0.503719798736334,0,0,636,7.98,13.88,2.99,8.39,156.04,71.92,0
2024-05-02,10.2,3.7,16.6,27.0,34.7,0.1,0.0,45,945.3,,,12.900000000000002,7.800000000000001,,-0.7660444431189779,-0.6427876096865395,0.8550745085896932,-0.518505144391157,0,0,637,4.73,7.3,1.79,4.44,154.92,81.17,0
2024-05-03,9.2,2.2,15.4,8.4,18.1,0.6,0.0,73,941.8,,,13.2,8.8,,-0.9945218953682734,0.10452846326765299,0.8460288880917337,-0.5331370560318094,0,0,638,7.67,11.43,4.48,14.37,169.33,67.75,0
2024-05-04,14.0,7.4,19.9,17.8,23.4,6.3,0.0,61,937.7,,,12.499999999999998,4.0,,-0.6156614753256582,-0.788010753606722,0.8367329140344921,-0.5476112038402312,0,1,639,11.48,25.78,2.0,4.78,148.88,76.21,0
2024-05-05,8.4,5.1,10.0,10.5,18.0,12.7,0.0,84,941.1,,,4.9,9.6,,0.03489949670250097,0.9993908270190958,0.8271893372462497,-0.5619233046832195,0,1,640,15.41,29.82,3.49,6.22,168.96,57.5,0
2024-05-06,5.8,-1.2,11.3,6.3,18.2,0.0,0.0,62,956.8,,,12.5,12.2,,0.7193398003386511,0.6946583704589973,0.8174009818249192,-0.5760691233798755,0,0,641,10.43,14.99,3.92,13.26,166.67,72.42,0
2024-05-07,11.8,6.1,18.7,13.8,24.9,2.9,0.0,70,955.1,,,12.6,6.199999999999999,,0.0871557427476582,-0.9961946980917455,0.8073707443023492,-0.5900444739548627,0,0,642,12.82,19.55,3.69,8.0,165.46,60.17,0
2024-05-08,14.1,5.7,21.2,14.3,22.9,0.0,0.0,70,956.5,,,15.5,3.9000000000000004,,0.9986295347545738,0.052335956242943966,0.7971015927871941,-0.6038452208771039,0,0,643,9.35,16.34,2.21,5.26,155.54,66.54,0
2024-05-09,19.2,13.3,26.0,15.4,24.9,0.0,0.0,50,948.5,,,12.7,0.0,,0.2923717047227366,-0.9563047559630355,0.7865965660866021,-0.6174672802835514,0,0,644,5.99,10.0,2.31,6.04,145.33,77.04,0
2024-05-10,15.0,10.8,18.7,12.9,20.9,2.5,0.0,71,950.2,,,7.899999999999999,3.0,,-0.7771459614569708,0.6293203910498375,0.7758587728069828,-0.6309066211876704,0,0,645,9.17,14.77,1.96,5.02,152.38,70.54,0
2024-05-11,11.6,7.8,16.0,12.1,16.7,0.0,0.0,59,956.2,,,8.2,6.4,,0.13917310096006544,0.9902680687415704,0.7648913904341226,-0.6441592666722685,0,1,646,6.89,9.98,2.5,10.96,153.38,68.42,0
2024-05-12,12.5,3.2,19.0,6.3,10.6,0.0,0.0,49,959.2,,,15.8,5.5,,0.9993908270190958,0.03489949670250108,0.753697664392914,-0.6572212950663319,0,1,647,7.39,10.77,3.23,10.25,169.88,85.38,0
2024-05-13,16.3,7.7,23.2,14.6,19.6,0.0,0.0,45,952.6,,,15.5,1.6999999999999993,,0.13917310096006533,-0.9902680687415704,0.742280907086982,-0.6700888411055113,0,0,648,5.47,8.45,2.36,5.86,152.25,81.42,0
2024-05-14,17.9,14.8,25.4,19.8,32.4,4.3,0.0,63,947.3,,,10.599999999999998,0.10000000000000142,,-0.39073112848927355,-0.9205048534524404,0.7306444969184914,-0.6827580970759151,0,0,649,12.96,32.71,2.24,4.61,150.88,79.88,0
2024-05-15,11.8,7.4,14.9,20.2,31.2,9.7,0.0,82,950.0,,,7.5,6.199999999999999,,0.6819983600624985,0.7313537016191705,0.7187918772884229,-0.6952253139408725,0,0,650,9.78,20.74,3.78,12.03,149.88,59.88,0
2024-05-16,11.3,7.3,16.3,19.9,22.7,0.0,0.0,61,955.9,,,9.0,6.699999999999999,,0.9335804264972017,0.3583679495453004,0.7067265555776159,-0.7074868024503348,0,0,651,6.15,10.04,2.5,9.5,144.33,70.38,0
2024-05-17,14.5,6.3,21.0,6.5,16.1,0.0,0.0,60,952.3,,,14.7,3.5,,0.224951054343865,0.9743700647852352,0.6944521021088763,-0.719538934232584,0,0,652,10.74,18.32,3.84,12.1,182.29,75.21,0
2024-05-18,17.6,10.7,25.4,12.3,21.4,6.4,0.0,65,944.8,,,14.7,0.3999999999999986,,0.5446390350150273,-0.8386705679454239,0.6819721490904626,-0.7313781428679257,0,1,653,13.72,27.03,3.26,7.87,163.04,78.38,0
2024-05-19,15.3,12.2,18.9,21.8,30.8,10.3,0.0,78,943.9,,,6.699999999999999,2.6999999999999993,,-0.6427876096865393,-0.766044443118978,0.6692903895412567,-0.7430009249440493,0,1,654,12.12,18.8,2.25,5.37,145.29,73.67,0
2024-05-20,12.5,7.9,15.9,24.1,32.4,3.8,0.0,69,948.5,,,8.0,5.5,,-0.7071067811865475,-0.7071067811865477,0.6564105761979381,-0.7544038410927472,0,0,655,9.03,14.8,1.71,4.14,149.92,69.38,0
2024-05-21,11.8,7.4,16.4,18.0,32.1,0.1,0.0,67,952.6,,,8.999999999999998,6.199999999999999,,-0.9271838545667873,-0.3746065934159123,0.6433365204044917,-0.765583517007675,0,0,656,8.76,12.88,2.0,4.58,145.62,67.71,0
2024-05-22,12.3,6.5,17.5,13.0,18.6,0.5,0.0,68,954.8,,,11.0,5.699999999999999,,-0.8987940462991668,-0.43837114678907774,0.630072090984369,-0.7765366444428653,0,0,657,8.25,11.92,2.19,5.31,144.17,66.12,0
2024-05-23,14.8,7.3,20.2,13.0,19.0,0.2,0.0,60,953.6,,,12.899999999999999,3.1999999999999993,,-0.8571673007021121,-0.5150380749100544,0.6166212130956382,-0.7872599821916922,0,0,658,6.05,8.72,2.21,4.73,143.21,73.38,0
2024-05-24,14.8,10.1,20.8,12.7,30.6,3.3,0.0,65,949.0,,,10.700000000000001,3.1999999999999993,,0.8829475928589269,0.46947156278589086,0.6029878670694714,-0.7977503570459932,0,0,659,10.57,15.84,3.33,8.53,149.67,68.08,0
2024-05-25,10.0,5.6,14.8,22.2,28.3,9.8,0.0,79,946.2,,,9.200000000000001,8.0,,0.8746197071393957,0.4848096202463371,0.5891760872322963,-0.8080046647350754,0,1,660,6.87,10.15,2.45,8.17,140.17,59.38,0
2024-05-26,6.8,4.7,10.4,24.5,34.5,8.8,0.21,81,944.9,,,5.7,11.2,,-0.8191520442889916,-0.5735764363510464,0.5751899607119779,-0.8180198708443172,0,1,661,3.65,5.6,2.28,5.02,139.92,61.83,0
2024-05-27,13.0,6.0,19.9,22.0,30.0,9.5,0.0,75,948.8,,,13.899999999999999,5.0,,-0.9986295347545738,-0.052335956242944306,0.5610336262283677,-0.8277930117131022,0,0,662,5.58,8.08,1.57,3.86,140.25,73.33,0
2024-05-28,7.1,4.1,11.0,18.1,24.6,0.8,0.0,64,954.8,,,6.9,10.9,,-0.6560590289905074,0.7547095802227719,0.5467112728685936,-0.8373211953118124,0,0,663,4.9,7.05,1.28,3.31,137.67,67.12,0
2024-05-29,12.5,4.7,19.4,20.8,29.4,0.0,0.0,61,953.8,,,14.7,5.5,,-0.90630778703665,-0.42261826174069916,0.5322271388474397,-0.8466016020976267,0,0,664,4.04,5.77,1.78,4.04,142.0,68.71,0
2024-05-30,15.6,8.3,21.3,18.9,31.7,0.0,0.0,58,952.1,,,13.0,2.4000000000000004,,-0.9271838545667873,-0.3746065934159123,0.5175855102531889,-0.8556314858488706,0,0,665,3.57,5.14,1.7,3.55,143.25,69.25,0
2024-05-31,11.4,6.9,15.4,12.2,22.2,0.0,0.0,70,957.1,,,8.5,6.6,,0.4067366430758002,0.9135454576426009,0.5027907197793039,-0.864408174477665,0,0,666,7.52,11.04,2.68,11.44,139.42,69.25,0
2024-06-01,12.6,5.1,18.5,7.8,11.3,0.0,0.0,65,954.1,,,13.4,5.4,,-0.5735764363510465,0.8191520442889916,0.4878471454423119,-0.8729290708206411,0,1,667,8.66,12.62,2.58,9.68,150.12,69.71,0
2024-06-02,12.0,7.6,15.6,13.0,26.5,5.7,0.0,69,950.2,,,8.0,6.0,,0.08715574274765817,0.9961946980917455,0.47275920928627757,-0.881191653407483,0,1,668,8.07,11.57,2.88,7.36,155.54,72.83,0
2024-06-03,13.1,5.2,18.8,9.8,14.2,0.0,0.0,62,956.5,,,13.600000000000001,4.9,,-0.8290375725550416,0.559192903470747,0.4575313760742512,-0.8891934772070711,0,0,669,9.41,13.77,2.44,7.65,145.75,77.75,0
2024-06-04,16.6,8.9,23.1,13.9,22.5,0.0,0.0,57,955.6,,,14.200000000000001,1.3999999999999986,,-0.9925461516413221,-0.12186934340514717,0.44216815196707204,-0.8969321743510065,0,0,670,5.38,9.23,2.31,4.98,143.92,73.88,0
2024-06-05,18.6,9.9,24.5,8.2,11.9,0.0,0.0,64,953.6,,,14.6,0.0,,-0.7431448254773944,-0.6691306063588581,0.42667408318992467,-0.9044054548343001,0,0,671,9.62,21.65,3.89,9.47,173.12,74.54,0
2024-06-06,19.6,14.3,24.6,15.2,23.1,1.9,0.0,61,948.4,,,10.3,0.0,,-0.7986355100472928,-0.6018150231520483,0.41105375468703553,-0.9116111071930236,0,0,672,10.54,18.63,2.46,5.41,162.79,73.29,0
2024-06-07,19.5,14.4,23.9,15.7,27.2,2.4,0.0,72,944.5,,,9.499999999999998,0.0,,-0.8090169943749473,-0.5877852522924732,0.3953117887649151,-0.9185469991587165,0,0,673,8.23,13.06,2.18,5.35,155.42,74.17,0
2024-06-08,20.2,15.1,25.5,14.1,24.3,0.4,0.0,72,944.2,,,10.4,0.0,,-0.981627183447664,-0.1908089953765446,0.37945284372454396,-0.9252110782893581,0,1,674,10.67,19.07,2.2,5.01,157.17,68.62,0
2024-06-09,22.8,14.5,30.4,14.2,27.7,0.3,0.0,58,945.7,,,15.899999999999999,0.0,,-0.4226182617406993,-0.90630778703665,0.36348161248290634,-0.9316013725767187,0,1,675,9.51,31.83,2.98,6.64,157.62,63.42,0
2024-06-10,22.4,17.6,27.6,15.0,25.7,4.5,0.0,60,945.4,,,10.0,0.0,,-0.8090169943749473,-0.5877852522924732,0.3474028211842774,-0.9377159910299093,0,0,676,8.59,15.4,2.12,5.08,147.5,74.79,0
2024-06-11,18.6,14.9,22.1,16.7,26.7,0.9,0.0,72,948.8,,,7.200000000000001,0.0,,-0.6293203910498378,0.7771459614569706,0.33122122780168606,-0.9435531242349545,0,0,677,8.87,12.31,1.89,4.45,139.88,63.29,0
2024-06-12,14.4,12.1,17.4,17.3,28.2,7.3,0.0,80,951.5,,,5.299999999999999,3.5999999999999996,,-0.4383711467890778,0.8987940462991668,0.3149416207289515,-0.9491110448902285,0,0,678,8.93,12.81,1.55,3.02,135.75,60.25,0
2024-06-13,16.6,12.6,21.2,15.1,20.6,2.6,0.0,77,950.9,,,8.6,1.3999999999999986,,0.4067366430758002,0.9135454576426009,0.2985688173637198,-0.9543881083175909,0,0,679,6.79,9.92,2.14,8.41,144.17,60.79,0
2024-06-14,18.3,13.0,22.9,11.8,19.3,2.2,0.0,76,949.9,,,9.899999999999999,0.0,,0.49999999999999994,0.8660254037844387,0.2821076626819194,-0.9593827529490743,0,0,680,9.69,14.1,2.23,8.9,145.17,67.21,0
2024-06-15,18.8,12.8,24.5,12.0,22.7,4.3,0.0,79,950.1,,,11.7,0.0,,0.4694715627858908,0.882947592858927,0.2655630278040555,-0.9640935007889756,0,1,681,10.0,14.53,2.11,9.69,153.04,74.96,0
2024-06-16,20.9,15.4,26.0,9.4,14.8,0.6,0.0,72,951.0,,,10.6,0.0,,0.12186934340514748,0.992546151641322,0.248939808553767,-0.9685189578512203,0,1,682,9.85,14.52,1.87,4.2,150.12,62.0,0
2024-06-17,20.8,15.2,26.2,7.6,21.2,3.5,0.0,80,950.2,,,11.0,0.0,,-0.529919264233205,0.8480480961564258,0.23224292400907015,-0.9726578145718654,0,0,683,15.43,24.11,2.35,6.16,161.04,71.04,0
2024-06-18,20.2,14.5,24.6,16.0,27.5,1.7,0.0,73,951.3,,,10.100000000000001,0.0,,0.224951054343865,0.9743700647852352,0.21547731504673012,-0.976508846196619,0,0,684,9.61,14.71,1.5,2.97,150.12,61.0,0
2024-06-19,16.7,11.3,21.4,10.8,14.4,0.0,0.0,62,954.6,,,10.099999999999998,1.3000000000000007,,0.7313537016191705,0.6819983600624985,0.19864794288017112,-0.9800709131432666,0,0,685,8.89,13.1,1.81,5.79,138.42,73.5,0
2024-06-20,20.0,10.8,26.9,10.8,18.2,0.0,0.0,54,948.2,,,16.099999999999998,0.0,,-0.29237170472273677,-0.9563047559630354,0.18175978759137534,-0.9833429613388902,0,0,686,5.13,7.46,2.84,7.03,136.5,74.04,0
2024-06-21,23.0,15.9,30.3,13.6,22.2,0.0,0.0,44,941.5,,,14.4,0.0,,-0.7431448254773944,-0.6691306063588581,0.16481784665719793,-0.9863240225317866,0,0,687,5.08,8.73,2.21,5.49,133.17,74.08,0
2024-06-22,22.2,14.9,27.5,8.4,10.5,0.0,0.0,60,942.5,,,12.6,0.0,,-0.7193398003386512,0.6946583704589973,0.14782713347053003,-0.9890132145779884,0,1,688,7.25,10.74,2.97,7.93,156.17,74.71,0
2024-06-23,24.5,15.6,31.8,12.2,23.2,0.0,0.0,53,943.3,,,16.200000000000003,0.0,,0.766044443118978,-0.6427876096865394,0.13079267585675877,-0.9914097417023039,0,1,689,5.57,9.2,2.93,6.67,160.92,78.29,0
2024-06-24,24.4,19.4,30.2,13.6,26.2,0.1,0.0,49,943.0,,,10.8,0.0,,-0.6691306063588582,-0.7431448254773942,0.11371951458594924,-0.9935128947338007,0,0,690,10.15,33.51,2.6,5.52,140.0,74.46,0
2024-06-25,22.5,17.1,27.7,13.6,23.8,0.4,0.0,45,944.5,,,10.599999999999998,0.0,,-0.7431448254773944,-0.6691306063588581,0.0966127018812031,-0.9953220513156602,0,0,691,9.1,27.09,2.76,5.72,137.54,74.25,0
2024-06-26,23.5,13.8,30.8,9.5,15.5,0.0,0.0,46,945.2,,,17.0,0.0,,0.3090169943749475,-0.9510565162951535,0.07947729992362142,-0.9968366760893435,0,0,692,3.79,5.8,3.29,7.52,141.38,73.75,0
2024-06-27,25.2,17.4,31.9,8.3,20.7,0.0,0.0,47,946.2,,,14.5,0.0,,0.7771459614569709,0.6293203910498374,0.062318379354325076,-0.998056320853012,0,0,693,6.11,14.46,2.81,8.82,151.62,77.92,0
2024-06-28,28.0,20.4,36.2,15.9,20.4,0.0,0.0,45,942.9,,,15.800000000000004,0.0,,0.9135454576426009,-0.40673664307580026,0.04514101777397193,-0.9989806246941579,0,0,694,6.16,12.72,3.32,12.58,137.54,78.38,0
2024-06-29,22.6,18.6,26.5,12.9,18.9,0.0,0.0,47,942.3,,,7.899999999999999,0.0,,-0.9510565162951535,-0.30901699437494756,0.027950298240209875,-0.9996093140964041,0,1,695,8.27,13.4,2.07,5.19,129.54,83.92,0
2024-06-30,22.0,14.5,29.0,13.8,23.8,0.8,0.0,42,939.9,,,14.5,0.0,,-0.43837114678907746,-0.8987940462991669,0.01075130776352193,-0.9999422030204416,0,1,696,7.18,23.25,2.64,4.83,134.75,80.38,0
2024-07-01,18.9,15.0,22.8,15.3,25.4,1.1,0.0,52,936.9,110.0,1404.0,7.800000000000001,0.0,21481.2,-0.7660444431189779,-0.6427876096865395,-0.00645086419810515,-0.9999791929590823,0,0,697,11.56,24.5,2.48,5.48,138.0,66.75,0
2024-07-02,15.8,12.1,19.8,12.1,17.3,7.7,0.0,69,937.8,150.0,858.0,7.700000000000001,2.1999999999999993,10381.8,-0.8191520442889916,-0.5735764363510464,-0.023651127245231586,-0.9997202729664083,0,0,698,8.37,11.89,2.69,6.52,131.58,46.54,0
2024-07-03,16.8,12.6,22.7,13.4,25.3,12.4,0.0,78,941.3,160.0,565.0,10.1,1.1999999999999993,7571.0,-0.9986295347545738,-0.052335956242944306,-0.040844391543296554,-0.9991655196610109,0,0,699,8.46,13.14,2.37,4.97,137.21,55.08,0
2024-07-04,16.8,12.5,20.5,16.7,28.6,3.8,0.0,80,944.3,330.0,692.0,8.0,1.1999999999999993,11556.4,-0.3420201433256686,0.9396926207859084,-0.05802556932878035,-0.9983150972033183,0,0,700,7.33,10.47,1.43,3.0,129.25,51.25,0
2024-07-05,17.9,14.7,22.6,15.2,20.8,0.7,0.0,75,944.0,20.0,719.0,7.900000000000002,0.10000000000000142,10928.8,-0.10452846326765342,0.9945218953682733,-0.07518957641475855,-0.9971692572470178,0,0,701,9.55,14.44,1.33,3.03,133.62,57.71,0
2024-07-06,16.2,15.1,18.5,12.2,21.6,28.2,0.0,89,939.8,35.0,365.0,3.4000000000000004,1.8000000000000007,4453.0,0.9975640502598242,-0.06975647374412533,-0.09233133369539166,-0.9957283388645872,0,1,702,11.35,16.56,3.51,7.6,142.04,51.67,0
2024-07-07,17.3,14.0,21.8,16.8,21.3,8.5,0.0,85,938.9,270.0,444.0,7.800000000000001,0.6999999999999993,7459.200000000001,0.838670567945424,0.5446390350150271,-0.10944576864891511,-0.9939927684469582,0,1,703,5.38,7.62,1.54,3.47,134.62,53.5,0
2024-07-08,18.3,15.9,22.0,16.5,22.7,5.3,0.0,86,942.5,345.0,594.0,6.1,0.0,9801.0,0.35836794954530027,0.9335804264972017,-0.12652781683868314,-0.9919630595773397,0,0,704,5.49,7.71,2.31,7.73,134.75,60.08,0
2024-07-09,18.9,15.1,23.4,15.8,20.9,0.0,0.0,71,949.3,235.0,836.0,8.299999999999999,0.0,13208.800000000001,0.42261826174069944,0.9063077870366499,-0.14357242341181176,-0.9896398128792412,0,0,705,7.11,10.29,1.47,5.75,119.88,57.08,0
2024-07-10,18.3,12.4,22.7,8.3,11.1,1.4,0.0,72,953.4,60.0,608.0,10.299999999999999,0.0,5046.400000000001,0.6018150231520483,0.7986355100472928,-0.1605745445949942,-0.9870237158387382,0,0,706,8.6,12.84,1.93,6.15,135.96,62.21,0
2024-07-11,19.8,13.5,25.4,7.1,11.0,0.0,0.0,62,951.3,70.0,827.0,11.899999999999999,0.0,5871.7,0.9993908270190958,0.03489949670250108,-0.17752914918703497,-0.984115542601034,0,0,707,8.4,12.45,2.18,9.76,127.17,76.0,0
2024-07-12,21.5,14.9,27.6,12.8,18.5,0.0,0.0,52,944.4,95.0,969.0,12.700000000000001,0.0,12403.2,0.9205048534524403,-0.39073112848927377,-0.19443122004766195,-0.9809161537413774,0,0,708,5.96,8.91,1.85,4.17,123.75,66.96,0
2024-07-13,21.9,16.5,28.7,14.4,18.4,0.5,0.0,59,940.9,40.0,643.0,12.2,0.0,9259.2,0.9702957262759965,-0.24192189559966779,-0.21127575558218015,-0.9774264960104053,0,1,709,7.3,11.05,2.51,5.74,132.67,63.12,0
2024-07-14,21.3,16.9,27.4,11.0,19.1,16.0,0.0,74,942.2,45.0,394.0,10.5,0.0,4334.0,0.9781476007338057,-0.20791169081775934,-0.22805777122152024,-0.9736476020539838,0,1,710,13.53,23.36,4.7,12.65,159.38,71.67,0
2024-07-15,22.9,17.3,28.8,11.2,20.2,2.0,0.0,69,943.0,75.0,695.0,11.5,0.0,7783.999999999999,0.9993908270190958,-0.034899496702500955,-0.24477230089725957,-0.9695805901076308,0,0,711,7.76,13.26,2.19,4.48,147.75,73.33,0
2024-07-16,21.1,16.2,25.7,9.2,18.4,5.1,0.0,69,943.0,60.0,550.0,9.5,0.0,5060.0,-0.1045284632676535,-0.9945218953682733,-0.2614143985111566,-0.9652266636656129,0,0,712,13.93,45.81,3.17,7.52,144.29,73.04,0
2024-07-17,19.6,15.6,23.5,9.9,13.2,0.8,0.0,74,941.4,80.0,598.0,7.9,0.0,5920.2,-0.4226182617406993,-0.90630778703665,-0.2779791393987797,-0.960587111124813,0,0,713,13.59,25.08,3.72,8.79,141.5,67.67,0
2024-07-18,18.4,15.1,22.7,10.2,17.9,4.6,0.0,85,940.1,70.0,454.0,7.6,0.0,4630.799999999999,-0.9848077530122081,0.17364817766692997,-0.2944616217868008,-0.9556633054034706,0,0,714,14.15,23.49,3.49,6.89,147.62,62.42,0
2024-07-19,18.6,13.8,23.2,5.6,8.3,0.7,0.0,82,940.2,30.0,473.0,9.399999999999999,0.0,2648.7999999999997,-0.9335804264972017,0.3583679495453004,-0.31085696824350406,-0.9504567035349148,0,0,715,13.11,18.76,3.48,9.93,160.33,60.62,0
2024-07-20,19.2,14.2,24.5,5.3,11.3,1.9,0.0,78,940.6,15.0,610.0,10.3,0.0,3233.0,-0.7431448254773944,-0.6691306063588581,-0.3271603271220951,-0.9449688462364056,0,1,716,11.67,16.69,3.73,8.99,163.5,66.17,0
2024-07-21,20.1,13.5,25.3,10.0,18.9,0.2,0.0,72,943.6,25.0,651.0,11.8,0.0,6510.0,-0.945518575599317,0.3255681544571563,-0.34336687399638804,-0.939201357453208,0,1,717,8.88,12.95,2.87,6.84,160.04,59.92,0
2024-07-22,21.2,15.2,25.6,4.7,8.7,0.0,0.0,72,946.6,10.0,550.0,10.400000000000002,0.0,2585.0,-0.13917310096006588,0.9902680687415703,-0.3594718130884232,-0.9331559438780432,0,0,718,9.28,13.56,3.33,9.69,168.42,60.46,0
2024-07-23,23.4,16.6,28.9,7.8,13.0,0.0,0.0,61,944.0,35.0,798.0,12.299999999999997,0.0,6224.4,-0.13917310096006552,-0.9902680687415703,-0.37547037868762057,-0.9268343944460492,0,0,719,10.7,16.12,3.02,7.89,159.38,67.04,0
2024-07-24,23.1,17.6,28.0,9.7,16.5,2.7,0.0,67,940.6,35.0,629.0,10.399999999999999,0.0,6101.299999999999,-0.7193398003386512,-0.6946583704589973,-0.39135783656102635,-0.9202385798054074,0,0,720,12.11,18.01,3.03,7.65,171.29,64.62,0
2024-07-25,23.1,18.1,29.3,13.1,16.9,0.0,0.0,72,941.0,105.0,648.0,11.2,0.0,8488.8,0.8910065241883679,0.45399049973954686,-0.4071294853542516,-0.9133704517637858,0,0,721,10.72,15.68,2.19,7.52,162.67,63.58,0
2024-07-26,26.0,20.5,31.0,21.3,30.8,0.1,0.0,47,939.2,235.0,914.0,10.5,0.0,19468.2,-0.08715574274765794,-0.9961946980917455,-0.4227806579826777,-0.9062320427107696,0,0,722,7.16,13.17,2.04,4.49,148.21,72.46,0
2024-07-27,21.5,14.4,26.6,9.2,13.5,0.0,0.0,52,944.4,15.0,832.0,12.200000000000001,0.0,7654.4,-0.913545457642601,-0.4067366430758001,-0.43830672301251883,-0.8988254650164442,0,1,723,5.89,8.95,3.07,7.5,151.67,72.92,0
2024-07-28,21.5,17.3,26.3,12.0,23.9,0.0,0.0,49,944.9,15.0,831.0,9.0,0.0,9972.0,-0.9961946980917455,0.08715574274765789,-0.45370308603134385,-0.8911529104063091,0,1,724,8.45,12.59,3.1,6.98,151.25,66.21,0
2024-07-29,19.5,12.9,25.7,8.3,17.0,0.0,0.0,53,946.5,20.0,914.0,12.799999999999999,0.0,7586.200000000001,-0.7193398003386512,0.6946583704589973,-0.46896519100763223,-0.8832166493127125,0,0,725,7.38,10.67,2.26,5.25,142.0,63.0,0
2024-07-30,21.0,13.1,26.9,10.2,15.4,0.0,0.0,48,947.2,40.0,775.0,13.799999999999999,0.0,7904.999999999999,-0.8571673007021121,-0.5150380749100544,-0.48408852163897625,-0.8750190302029953,0,0,726,6.73,9.89,2.52,6.28,152.71,67.12,0
2024-07-31,23.6,16.1,29.8,10.2,14.1,0.0,0.0,47,949.6,55.0,886.0,13.7,0.0,9037.199999999999,-0.9998476951563913,-0.017452406437283498,-0.49906860268853154,-0.8665624788845387,0,0,727,7.6,11.25,2.94,6.06,172.12,65.46,0
2024-08-01,26.1,18.7,32.4,11.1,17.7,0.0,0.0,45,946.5,50.0,1031.0,13.7,0.0,11444.1,0.8090169943749475,-0.587785252292473,-0.5139010013093103,-0.8578494977869301,0,0,728,6.44,9.55,1.97,4.78,157.71,69.54,0
2024-08-02,26.1,21.7,32.0,13.9,29.2,2.6,0.0,42,939.4,55.0,805.0,10.3,0.0,11189.5,0.7193398003386511,-0.6946583704589974,-0.5285813283559295,-0.8488826652214551,0,0,729,6.96,10.79,2.73,7.76,163.5,79.54,0
2024-08-03,22.0,16.7,26.8,14.2,22.4,0.6,0.0,58,941.9,15.0,789.0,10.100000000000001,0.0,11203.8,-0.6946583704589976,0.7193398003386509,-0.5431052396834317,-0.8396646346181327,0,1,730,9.06,14.65,2.85,6.55,167.92,78.46,0
2024-08-04,21.3,15.4,28.7,11.9,30.8,0.1,0.0,53,944.4,30.0,649.0,13.299999999999999,0.0,7723.1,-0.5150380749100542,-0.8571673007021123,-0.5574684374327892,-0.8301981337405212,0,1,731,6.99,10.35,3.16,6.78,169.46,70.17,0
2024-08-05,20.5,14.0,26.1,12.2,20.4,0.2,0.0,58,945.8,15.0,946.0,12.100000000000001,0.0,11541.199999999999,-0.9743700647852352,0.22495105434386492,-0.5716666713027055,-0.8204859638785325,0,0,732,6.88,10.02,2.45,4.77,173.58,67.0,0
2024-08-06,21.6,13.9,27.6,8.1,12.9,0.0,0.0,57,947.4,10.0,798.0,13.700000000000001,0.0,6463.799999999999,-0.9876883405951378,0.15643446504023067,-0.5856957398073511,-0.8105309990194821,0,0,733,7.93,11.41,3.6,7.45,188.42,69.29,0
2024-08-07,23.4,16.5,31.0,11.8,27.8,0.4,0.0,51,945.3,25.0,906.0,14.5,0.0,10690.800000000001,-0.6946583704589974,-0.7193398003386511,-0.5995514915196486,-0.8003361849976326,0,0,734,6.86,10.72,2.73,5.51,173.25,72.42,0
2024-08-08,22.5,15.3,29.5,8.5,20.2,3.2,0.0,65,943.5,15.0,641.0,14.2,0.0,5448.5,-0.7313537016191703,-0.6819983600624986,-0.6132298262997502,-0.7899045386224707,0,0,735,11.2,21.11,4.6,12.05,198.79,74.75,0
2024-08-09,20.5,16.7,24.7,10.0,20.0,26.6,0.0,81,939.1,45.0,343.0,8.0,0.0,3430.0,-0.22495105434386498,-0.9743700647852352,-0.6267266965083305,-0.7792391467859883,0,0,736,24.43,75.43,3.6,7.62,166.12,71.83,0
2024-08-10,16.8,14.2,19.7,15.2,24.8,1.7,0.0,76,943.3,215.0,554.0,5.5,1.1999999999999993,8420.8,-0.24192189559966787,0.9702957262759965,-0.6400381082043503,-0.7683431655492202,0,1,737,6.47,10.49,1.78,4.13,150.04,50.0,0
2024-08-11,17.0,13.3,20.9,7.9,13.3,0.7,0.0,61,947.4,215.0,734.0,7.599999999999998,1.0,5798.6,0.8660254037844386,0.5000000000000001,-0.6531601223269297,-0.757219819208313,0,1,738,10.59,15.2,2.37,6.03,156.33,61.25,0
2024-08-12,19.8,14.3,25.7,14.6,23.1,2.5,0.0,62,944.2,20.0,812.0,11.399999999999999,0.0,11855.199999999999,-0.4539904997395467,-0.8910065241883679,-0.6660888558609774,-0.7458723993404061,0,0,739,7.61,10.9,2.51,5.7,164.83,61.17,0
2024-08-13,21.8,12.2,28.4,13.9,27.4,0.0,0.0,53,946.2,15.0,867.0,16.2,0.0,12051.300000000001,-0.275637355816999,-0.9612616959383189,-0.6788204829862357,-0.734304263829602,0,0,740,9.56,13.79,3.96,8.0,182.88,64.62,0
2024-08-14,21.9,15.7,27.7,13.4,26.5,0.0,0.0,52,946.1,125.0,700.0,12.0,0.0,9380.0,-0.9961946980917455,-0.08715574274765825,-0.6913512362094071,-0.722518835873311,0,0,741,6.75,11.62,2.77,8.19,169.42,71.42,0
2024-08-15,20.3,12.7,28.6,13.3,32.8,4.0,0.0,57,945.4,35.0,864.0,15.900000000000002,0.0,11491.2,-0.4539904997395467,-0.8910065241883679,-0.7036774074790131,-0.7105196029692742,0,0,742,5.82,9.57,3.77,7.67,186.33,68.88,0
2024-08-16,17.0,11.4,23.3,14.2,31.1,5.4,0.0,74,943.7,75.0,714.0,11.9,1.0,10138.8,-0.8386705679454242,-0.544639035015027,-0.7157953492826645,-0.6983101158835581,0,0,743,7.81,12.91,2.77,5.91,172.21,71.25,0
2024-08-17,17.4,10.7,23.1,12.1,22.7,0.1,0.0,61,944.7,65.0,958.0,12.400000000000002,0.6000000000000014,11591.8,-0.5735764363510462,-0.8191520442889918,-0.7277014757264233,-0.6858939875998227,0,1,744,11.15,17.93,3.0,5.5,170.96,69.5,0
2024-08-18,16.7,12.1,21.4,16.4,26.8,0.0,0.0,62,945.9,125.0,877.0,9.299999999999999,1.3000000000000007,14382.8,-0.7986355100472928,-0.6018150231520483,-0.7393922635959241,-0.673274892250183,0,1,745,10.52,16.69,2.42,4.99,177.46,70.58,0
2024-08-19,17.2,12.0,22.7,16.4,25.6,0.5,0.0,63,948.6,70.0,852.0,10.7,0.8000000000000007,13972.8,-0.8660254037844384,-0.5000000000000004,-0.7508642533989489,-0.6604565640279754,0,0,746,8.86,12.86,2.45,4.73,180.92,55.46,0
2024-08-20,17.4,13.6,21.9,18.2,34.2,1.6,0.0,67,945.5,80.0,571.0,8.299999999999999,0.6000000000000014,10392.199999999999,-0.8090169943749473,-0.5877852522924732,-0.7621140503891487,-0.6474427960827475,0,0,747,9.85,14.65,2.66,4.96,168.96,60.46,0
2024-08-21,16.6,11.4,21.5,7.9,12.7,0.1,0.0,71,947.1,40.0,578.0,10.1,1.3999999999999986,4566.2,-0.24192189559966787,0.9702957262759965,-0.7731383255706027,-0.6342374393978054,0,0,748,7.65,11.01,3.25,7.23,182.54,60.08,0
2024-08-22,18.3,10.8,24.6,10.7,19.1,0.7,0.0,59,945.5,15.0,879.0,13.8,0.0,9405.3,-0.46947156278589086,-0.8829475928589269,-0.7839338166829206,-0.6208444016506462,0,0,749,9.38,13.6,4.38,8.25,184.71,63.25,0
2024-08-23,18.3,13.9,23.3,15.2,30.8,0.0,0.0,59,941.3,125.0,1004.0,9.4,0.0,15260.8,-0.9205048534524403,-0.3907311284892738,-0.7944973291665992,-0.6072676460566135,0,0,750,8.63,12.76,2.92,6.1,185.88,65.29,0
2024-08-24,14.2,10.9,18.0,15.8,26.7,4.0,0.0,76,942.3,75.0,588.0,7.1,3.8000000000000007,9290.4,-0.9659258262890683,-0.25881904510252063,-0.8048257371083452,-0.593511190196115,0,1,751,8.88,12.68,2.76,5.48,195.54,52.0,0
2024-08-25,12.4,9.3,16.4,19.2,26.7,1.2,0.0,75,948.8,165.0,716.0,7.099999999999998,5.6,13747.199999999999,-1.0,-1.8369701987210297e-16,-0.8149159841660797,-0.5795791048257605,0,1,752,7.39,10.6,2.31,4.55,216.54,59.46,0
2024-08-26,13.2,8.5,17.3,12.4,20.3,0.4,0.0,69,952.2,35.0,433.0,8.8,4.800000000000001,5369.2,-0.9961946980917455,-0.08715574274765825,-0.8247650844733614,-0.5654755126737576,0,0,753,10.83,15.62,3.02,6.02,182.38,53.58,0
2024-08-27,13.8,8.0,18.6,10.9,17.4,0.3,0.0,73,952.4,30.0,553.0,10.600000000000001,4.199999999999999,6027.7,0.6156614753256583,0.7880107536067219,-0.8343701235229537,-0.5512045872199277,0,0,754,7.59,10.88,2.37,5.06,180.58,55.67,0
2024-08-28,15.2,9.7,20.9,16.2,19.4,0.0,0.0,61,954.6,175.0,871.0,11.2,2.8000000000000007,14110.199999999999,0.7193398003386511,0.6946583704589973,-0.8437282590292712,-0.5367705514607103,0,0,755,7.46,10.82,2.75,15.09,168.58,62.46,0
2024-08-29,15.6,8.8,21.5,7.9,13.9,0.0,0.0,62,954.5,45.0,617.0,12.7,2.4000000000000004,4874.3,-0.6018150231520483,0.7986355100472928,-0.8528367217694589,-0.5221776766595088,0,0,756,8.14,11.78,3.81,16.09,184.42,56.0,0
2024-08-30,17.5,12.5,23.5,13.7,19.5,0.1,0.0,58,953.2,45.0,558.0,11.0,0.5,7644.599999999999,-0.992546151641322,0.12186934340514768,-0.8616928164028521,-0.5074302810827518,0,0,757,6.03,8.79,3.0,7.36,190.58,66.71,0
2024-08-31,15.0,11.2,18.7,12.9,21.4,0.6,0.0,72,952.1,40.0,624.0,7.5,3.0,8049.6,-0.08715574274765832,0.9961946980917455,-0.8702939222685674,-0.49253272872205434,0,1,758,8.06,11.78,2.28,6.28,195.67,53.58,0
2024-09-01,10.1,7.8,12.9,19.3,27.6,0.8,0.0,73,955.5,250.0,865.0,5.1000000000000005,7.9,16694.5,-0.4226182617406992,0.90630778703665,-0.8786374941610001,-0.4774894280028391,0,1,759,5.95,8.5,1.28,3.16,179.21,49.25,0
2024-09-02,9.9,4.9,14.2,16.1,20.5,0.3,0.0,63,961.9,330.0,891.0,9.299999999999999,8.1,14345.1,-0.7547095802227722,0.656059028990507,-0.886721063082993,-0.46230483047981086,0,0,760,8.28,12.0,1.77,4.22,191.0,55.33,0
2024-09-03,14.7,8.4,21.2,20.8,30.1,0.0,0.0,49,956.4,245.0,875.0,12.799999999999999,3.3000000000000007,18200.0,-0.9396926207859084,-0.34202014332566855,-0.8945422369764496,-0.4469834295196742,0,0,761,3.85,5.62,1.82,4.47,196.5,60.79,0
2024-09-04,14.5,9.9,22.2,16.1,26.5,4.4,0.0,58,948.0,175.0,725.0,12.299999999999999,3.5,11672.500000000002,-0.9998476951563913,0.01745240643728313,-0.9020987014301841,-0.43152975897147067,0,0,762,6.01,8.72,2.07,5.29,194.33,51.67,0
2024-09-05,9.2,6.2,13.1,16.7,27.2,1.3,0.0,80,947.2,235.0,685.0,6.8999999999999995,8.8,11439.5,-0.6293203910498378,0.7771459614569706,-0.9093882203647925,-0.4159483918249421,0,0,763,4.01,5.69,1.82,4.15,195.17,44.79,0
2024-09-06,7.8,4.8,10.7,15.1,21.1,1.5,0.0,79,950.0,220.0,704.0,5.8999999999999995,10.2,10630.4,-0.8191520442889918,0.573576436351046,-0.9164086366943458,-0.4002439388573056,0,0,764,6.86,9.82,2.44,5.53,188.79,46.92,0
2024-09-07,10.0,5.7,14.0,16.1,25.2,0.8,0.0,70,954.5,135.0,751.0,8.3,8.0,12091.1,-0.9998476951563913,-0.017452406437283498,-0.9231578729647039,-0.38442104726885545,0,1,765,13.15,19.32,2.9,6.3,186.08,49.71,0
2024-09-08,12.9,7.8,18.6,9.2,14.4,0.0,0.0,52,957.5,45.0,799.0,10.8,5.1,7350.799999999999,-0.754709580222772,-0.6560590289905073,-0.9296339319682695,-0.3684843993077793,0,1,766,7.2,10.45,3.46,7.24,196.12,52.92,0
2024-09-09,12.6,5.7,19.0,8.6,17.1,0.0,0.0,64,958.6,35.0,612.0,13.3,5.4,5263.2,0.42261826174069944,0.9063077870366499,-0.9358348973349941,-0.35243871088460327,0,0,767,10.45,15.17,3.68,7.88,204.58,49.5,0
2024-09-10,13.9,6.4,20.5,8.3,16.1,0.0,0.0,65,959.5,30.0,545.0,14.1,4.1,4523.5,0.6156614753256583,0.7880107536067219,-0.9417589340994614,-0.3362887301766837,0,0,768,9.35,13.63,3.42,6.12,202.58,51.83,0
2024-09-11,14.3,8.6,20.3,15.8,27.8,0.0,0.0,67,960.8,50.0,594.0,11.700000000000001,3.6999999999999993,9385.2,0.848048096156426,0.5299192642332049,-0.9474042892438849,-0.32003923622313774,0,0,769,8.31,12.09,3.52,12.45,189.58,51.54,0
2024-09-12,11.2,7.5,14.7,21.5,27.2,0.0,0.0,63,962.8,295.0,808.0,7.199999999999999,6.800000000000001,17372.0,0.7071067811865475,0.7071067811865476,-0.9527692922168511,-0.30369503751065885,0,0,770,4.05,6.03,2.79,10.88,178.33,54.17,0
2024-09-13,10.3,5.2,14.8,15.4,25.8,0.3,0.0,74,959.5,165.0,613.0,9.600000000000001,7.699999999999999,9440.2,0.39073112848927377,0.9205048534524404,-0.9578523554276669,-0.28726097055059635,0,0,771,12.74,21.0,1.75,4.14,194.92,55.42,0
2024-09-14,13.0,7.5,19.0,13.2,23.2,0.3,0.0,72,958.5,80.0,579.0,11.5,5.0,7642.799999999999,0.42261826174069944,0.9063077870366499,-0.9626519747161489,-0.27074189844776336,0,1,772,5.28,7.89,1.8,3.88,174.58,59.71,0
2024-09-15,12.5,5.6,17.8,12.4,18.5,0.0,0.0,71,956.7,50.0,611.0,12.200000000000001,5.5,7576.400000000001,0.48480962024633706,0.8746197071393957,-0.9671667297977312,-0.2541427094613622,0,1,773,5.65,8.64,2.16,6.15,165.29,58.88,0
2024-09-16,8.7,4.3,11.8,26.9,32.8,0.0,0.0,64,959.9,500.0,878.0,7.500000000000001,9.3,23618.199999999997,0.8090169943749475,0.5877852522924731,-0.97139528468375,-0.23746831555846842,0,0,774,4.01,5.81,2.45,9.6,184.62,53.25,0
2024-09-17,6.9,1.7,11.6,24.9,34.8,0.0,0.0,52,965.3,505.0,945.0,9.9,11.1,23530.5,0.8660254037844386,0.5000000000000001,-0.9753363880767839,-0.22072365096050134,0,0,775,3.05,4.39,2.04,7.33,167.33,51.08,0
2024-09-18,8.5,1.4,14.8,18.0,23.2,0.0,0.0,49,965.5,200.0,585.0,13.4,9.5,10530.0,0.9563047559630354,0.29237170472273677,-0.9789888737409319,-0.20391367068311472,0,0,776,1.41,2.02,1.82,4.77,166.12,44.21,0
2024-09-19,11.3,3.4,18.1,17.4,20.5,0.0,0.0,45,958.6,175.0,497.0,14.700000000000001,6.699999999999999,8647.8,0.9998476951563913,0.0174524064372836,-0.9823516608469235,-0.18704334906991746,0,0,777,3.1,4.48,1.55,3.05,168.33,49.12,0
2024-09-20,13.5,7.5,20.5,14.6,29.6,0.0,0.0,47,950.7,55.0,681.0,13.0,4.5,9942.6,-0.587785252292473,-0.8090169943749475,-0.9854237542919524,-0.17011767832049052,0,0,778,9.53,15.99,3.15,6.9,181.17,56.79,0
2024-09-21,12.7,5.3,19.7,10.5,16.4,0.0,0.0,54,953.0,30.0,455.0,14.399999999999999,5.300000000000001,4777.5,-0.848048096156426,-0.529919264233205,-0.9882042449941422,-0.15314166701312007,0,1,779,7.62,11.5,5.0,10.5,202.38,55.42,0
2024-09-22,13.8,6.2,20.8,14.3,23.5,0.0,0.0,38,949.8,35.0,684.0,14.600000000000001,4.199999999999999,9781.2,-0.754709580222772,-0.6560590289905073,-0.9906923101615609,-0.13612033862266704,0,1,780,5.58,8.33,4.42,8.46,195.88,53.92,0
2024-09-23,13.4,7.8,19.2,18.5,30.8,0.0,0.0,52,950.8,90.0,759.0,11.399999999999999,4.6,14041.5,-0.9659258262890683,-0.25881904510252063,-0.9928872135356962,-0.11905873003404988,0,0,781,4.73,7.4,2.32,4.85,165.04,54.46,0
2024-09-24,8.2,2.7,13.6,10.2,15.8,0.0,0.0,57,955.5,25.0,587.0,10.899999999999999,9.8,5987.4,-0.6018150231520483,0.7986355100472928,-0.994788305609327,-0.10196189005174576,0,0,782,4.72,7.49,3.78,8.3,185.04,54.29,0
2024-09-25,6.7,1.0,11.9,11.3,16.3,0.0,0.0,54,956.7,80.0,491.0,10.9,11.3,5548.3,0.6293203910498374,0.7771459614569709,-0.9963950238187232,-0.0848348779057645,0,0,783,3.6,5.37,2.55,5.8,167.46,47.88,0
2024-09-26,4.6,-1.2,9.1,12.2,18.3,0.0,0.0,60,957.3,45.0,743.0,10.299999999999999,13.4,9064.6,0.08715574274765817,0.9961946980917455,-0.9977068927101169,-0.06768276175455074,0,0,784,5.09,8.0,2.25,4.1,173.42,47.5,0
2024-09-27,3.7,-1.9,8.1,10.9,21.1,0.0,0.0,61,963.9,40.0,406.0,10.0,14.3,4425.400000000001,-0.8660254037844386,0.5000000000000001,-0.9987235240803973,-0.050510617185222,0,0,785,5.17,8.14,3.52,7.51,187.75,50.12,0
2024-09-28,9.3,6.1,15.0,10.7,16.7,0.5,0.0,64,966.5,20.0,464.0,8.9,8.7,4964.799999999999,-0.8191520442889916,-0.5735764363510464,-0.9994446170919858,-0.033323525711630456,0,1,786,10.24,16.0,3.9,8.24,188.58,54.08,0
2024-09-29,10.3,2.5,17.7,6.0,10.3,0.0,0.0,70,968.6,10.0,309.0,15.2,7.699999999999999,1854.0,0.5446390350150273,-0.8386705679454239,-0.9998699583618592,-0.016126573270657762,0,1,787,14.61,21.7,8.18,23.22,250.92,49.33,1
2024-09-30,11.9,4.2,20.0,8.3,14.5,0.0,0.0,56,965.3,15.0,272.0,15.8,6.1,2257.6000000000004,0.8910065241883679,0.45399049973954686,-0.9999994220246925,0.001075151282798226,0,0,788,11.98,17.43,4.93,10.95,212.67,53.83,0
2024-10-01,14.5,6.3,22.7,14.8,23.8,0.0,0.0,38,957.1,65.0,315.0,16.4,3.5,4662.0,0.9702957262759965,0.24192189559966767,-0.999832969770105,0.01827655768169211,1,0,789,5.0,7.33,2.35,6.69,148.46,59.88,0
2024-10-02,12.3,7.4,16.5,19.6,28.8,0.1,0.0,42,952.8,125.0,528.0,9.1,5.699999999999999,10348.800000000001,0.8090169943749475,0.5877852522924731,-0.9993706508539969,0.03547255575312556,1,0,790,4.55,7.63,5.89,30.31,153.08,46.46,0
2024-10-03,7.2,2.5,12.1,21.8,25.0,0.0,0.0,41,961.3,360.0,632.0,9.6,10.8,13777.6,0.8660254037844386,0.5000000000000001,-0.9986126020839734,0.05265805692461312,1,0,791,1.97,3.01,4.85,16.98,161.5,51.54,0
2024-10-04,8.4,0.9,15.7,16.9,20.5,0.0,0.0,43,963.0,190.0,434.0,14.799999999999999,9.6,7334.599999999999,0.9998476951563913,-0.017452406437283477,-0.9975590477788613,0.06982797572987177,1,0,792,2.02,3.84,3.17,8.02,161.08,51.0,0
2024-10-05,10.4,2.3,17.0,11.4,16.2,0.0,0.0,36,956.1,70.0,281.0,14.7,7.6,3203.4,0.981627183447664,-0.1908089953765448,-0.9962102997023297,0.0869772313136861,1,1,793,3.17,6.23,2.83,5.85,163.92,50.67,0
2024-10-06,12.4,6.4,18.6,12.8,21.8,0.0,0.0,38,950.8,50.0,449.0,12.200000000000001,5.6,5747.200000000001,-0.848048096156426,-0.529919264233205,-0.9945667569706337,0.1041007489354256,1,1,794,6.14,9.56,4.13,8.92,189.29,49.67,0
2024-10-07,9.4,2.1,16.6,10.9,20.7,0.0,0.0,51,958.1,30.0,445.0,14.500000000000002,8.6,4850.5,-0.9816271834476639,0.1908089953765451,-0.9926289059345094,0.12119346147073688,1,0,795,8.18,14.05,3.92,7.99,195.17,49.88,0
2024-10-08,9.4,1.2,16.6,8.7,13.2,0.0,0.0,62,962.3,20.0,279.0,15.400000000000002,8.6,2427.2999999999997,-0.5591929034707467,-0.8290375725550418,-0.9903973200352558,0.13825031091098192,1,0,796,13.37,20.81,7.73,17.6,247.12,45.62,0
2024-10-09,12.4,5.0,20.1,10.2,16.1,0.0,0.0,48,955.1,25.0,314.0,15.100000000000001,5.6,3202.7999999999997,-0.754709580222772,-0.6560590289905073,-0.9878726596350431,0.15526624985999474,1,0,797,11.42,18.5,7.45,15.14,224.96,47.17,0
2024-10-10,13.1,5.5,21.2,11.9,19.0,0.0,0.0,42,945.9,30.0,438.0,15.7,4.9,5212.2,0.45399049973954686,-0.8910065241883678,-0.9850556718215013,0.172236243027682,1,0,798,9.86,15.7,6.13,12.8,207.79,49.67,0
2024-10-11,11.3,8.1,14.1,15.8,21.4,11.6,0.0,78,937.9,135.0,486.0,6.0,6.699999999999999,7678.8,-0.4067366430758002,-0.9135454576426009,-0.981947190186646,0.18915526872004093,1,0,799,11.27,22.14,4.28,8.68,174.08,55.25,0
2024-10-12,2.3,-2.2,8.5,22.4,28.2,4.9,0.77,84,948.5,165.0,468.0,10.7,15.7,10483.199999999999,0.754709580222772,0.6560590289905073,-0.9785481345802033,0.20601832032516998,1,1,800,3.36,5.05,6.47,18.36,165.75,39.21,0
2024-10-13,-1.5,-3.5,1.8,27.2,29.7,0.0,0.0,64,959.9,575.0,702.0,5.3,19.5,19094.399999999998,0.9063077870366499,0.42261826174069944,-0.9748595108374125,0.22282040779479959,1,1,801,3.56,5.18,2.72,9.84,164.62,53.71,0
2024-10-14,-1.4,-4.5,3.8,22.8,27.1,0.0,0.0,61,958.4,265.0,505.0,8.3,19.4,11514.0,0.9612616959383189,0.27563735581699916,-0.9708824104813836,0.2395565591209271,1,0,802,2.55,3.68,1.53,3.83,162.5,55.67,0
2024-10-15,1.4,-2.6,5.8,13.7,17.8,0.0,0.0,64,956.9,160.0,297.0,8.4,16.6,4068.8999999999996,0.9135454576426009,0.4067366430758002,-0.9666180104000972,0.2562218218071163,1,0,803,8.89,13.86,2.02,4.14,168.29,46.08,0
2024-10-16,1.5,-2.1,7.2,15.7,17.8,0.0,0.0,69,959.7,125.0,317.0,9.3,16.5,4976.9,0.788010753606722,0.6156614753256583,-0.9620675724981452,0.27281126433401914,1,0,804,8.0,12.15,4.12,12.44,167.92,45.58,0
2024-10-17,1.4,-3.5,7.6,9.4,12.0,0.0,0.0,64,965.1,60.0,250.0,11.1,16.6,2350.0,0.9063077870366499,0.42261826174069944,-0.957232443323312,0.2893199776186952,1,0,805,7.77,11.92,6.7,25.51,196.29,47.21,0
2024-10-18,1.4,-4.8,8.0,6.9,10.8,0.0,0.0,68,964.8,30.0,190.0,12.8,16.6,1311.0,0.9781476007338056,0.20791169081775945,-0.9521140536681102,0.3057430764672831,1,0,806,6.53,9.54,8.88,29.72,242.83,39.0,1
2024-10-19,3.2,-2.3,9.0,6.6,10.6,0.0,0.0,70,962.3,20.0,144.0,11.3,14.8,950.4,0.8660254037844386,0.5000000000000001,-0.9467139181463862,0.3220757010206104,1,1,807,7.48,11.14,12.81,38.3,275.25,34.42,0
2024-10-20,3.8,-3.2,10.2,6.3,10.0,0.0,0.0,64,958.9,10.0,135.0,13.399999999999999,14.2,850.5,0.7071067811865476,-0.7071067811865475,-0.94103363474512,0.3383130181923067,1,1,808,10.96,15.83,17.44,32.96,325.67,36.38,1
2024-10-21,5.7,1.4,11.9,8.7,17.4,2.9,0.07,57,951.2,40.0,161.0,10.5,12.3,1400.6999999999998,-0.12186934340514731,-0.9925461516413221,-0.9350748843515574,0.3544502230989869,1,0,809,8.56,13.15,8.43,14.46,239.38,42.38,0
2024-10-22,5.9,3.1,9.9,14.0,20.8,0.0,0.0,76,948.8,130.0,412.0,6.800000000000001,12.1,5768.0,-0.7880107536067221,-0.6156614753256581,-0.9288394302558068,0.3704825404820963,1,0,810,10.78,17.94,4.61,9.58,182.04,44.0,0
2024-10-23,4.8,3.3,5.7,22.7,28.7,1.7,0.0,84,949.3,535.0,839.0,2.4000000000000004,13.2,19045.3,-0.8191520442889916,-0.5735764363510464,-0.9223291176290545,0.3864052261209853,1,0,811,7.63,12.06,3.23,6.89,169.62,38.62,0
2024-10-24,4.2,3.4,5.1,25.8,29.6,3.9,0.0,88,951.2,790.0,943.0,1.6999999999999997,13.8,24329.4,-0.7771459614569706,-0.6293203910498378,-0.9155458729775463,0.4022135682368045,1,0,812,2.53,3.82,2.85,6.42,173.71,44.83,0
2024-10-25,7.0,4.3,9.5,24.2,34.8,2.0,0.0,83,952.6,110.0,838.0,5.2,11.0,20279.6,-0.7193398003386512,-0.6946583704589973,-0.9084917035725082,0.41790288888678667,1,0,813,7.36,16.53,3.25,6.81,161.25,48.12,0
2024-10-26,6.1,2.5,8.9,12.0,22.8,0.9,0.0,87,953.4,45.0,384.0,6.4,11.9,4608.0,-0.5000000000000001,-0.8660254037844386,-0.9011686968561569,0.4334685453485363,1,1,814,10.07,21.18,5.42,10.44,250.54,37.92,0
2024-10-27,5.0,0.3,7.1,12.4,24.7,4.4,0.0,92,952.7,45.0,422.0,6.8,13.0,5232.8,-0.32556815445715676,-0.9455185755993167,-0.8935790198239949,0.4489059314938806,1,1,815,7.16,11.53,4.84,9.87,276.21,43.25,0
2024-10-28,2.3,0.3,7.0,30.4,44.4,8.7,0.56,93,945.7,600.0,1012.0,6.7,15.7,30764.8,-0.874619707139396,-0.48480962024633684,-0.8857249183835637,0.4642104791518923,1,0,816,1.41,2.1,2.33,5.09,178.08,48.21,0
2024-10-29,0.9,-0.8,2.8,14.0,19.9,0.6,0.42,81,957.5,95.0,581.0,3.5999999999999996,17.1,8134.0,-0.9659258262890683,-0.25881904510252063,-0.8776087166898388,0.47937765946069527,1,0,817,3.5,5.12,4.12,9.4,284.83,45.92,0
2024-10-30,0.7,-3.0,4.2,13.8,19.9,1.6,0.56,82,959.1,75.0,562.0,7.2,17.3,7755.6,-0.39073112848927355,-0.9205048534524404,-0.8692328164574787,0.4944029842076189,1,0,818,6.48,9.49,4.36,9.83,212.29,44.29,0
2024-10-31,2.3,-0.6,4.9,15.5,23.0,3.9,0.21,89,956.2,225.0,528.0,5.5,15.7,8184.0,-0.2079116908177595,-0.9781476007338056,-0.8605996962501181,0.5092820071573356,1,0,819,1.57,2.57,4.14,9.36,210.62,43.71,0
2024-11-01,1.7,-1.8,4.2,17.2,23.7,1.2,0.0,85,956.1,180.0,548.0,6.0,16.3,9425.6,-0.8660254037844384,-0.5000000000000004,-0.8517119107469189,0.5240103253675756,1,0,820,3.44,5.18,4.71,9.59,213.58,43.42,0
2024-11-02,3.8,-0.1,6.3,25.2,44.3,1.6,0.0,77,951.8,455.0,900.0,6.3999999999999995,14.2,22680.0,-0.6427876096865393,-0.766044443118978,-0.8425720899866032,0.5385835804920232,1,1,821,5.14,8.37,2.69,6.15,179.62,58.46,0
2024-11-03,8.7,2.8,13.0,27.5,33.3,0.1,0.0,73,951.5,585.0,813.0,10.2,9.3,22357.5,-0.43837114678907746,-0.8987940462991669,-0.8331829385891785,0.5529974600700271,1,1,822,6.67,14.17,2.48,6.15,175.83,63.75,0
2024-11-04,8.0,-1.1,13.8,25.5,35.3,0.4,0.0,65,945.0,420.0,726.0,14.9,10.0,18513.0,-0.6427876096865393,-0.766044443118978,-0.8235472349556007,0.5672476988027229,1,0,823,8.2,16.33,2.7,8.62,190.12,70.92,0
2024-11-05,-1.4,-5.1,3.1,9.7,16.1,0.0,0.0,78,953.0,75.0,321.0,8.2,19.4,3113.7,0.984807753012208,0.17364817766693041,-0.8136678304455991,0.5813300798152042,1,0,824,7.12,11.92,4.23,11.08,291.38,54.5,0
2024-11-06,3.9,-2.9,10.7,34.1,47.5,3.1,0.35,73,942.7,130.0,1290.0,13.6,14.1,43989.0,-0.5591929034707467,-0.8290375725550418,-0.8035476485339116,0.5952404359043674,1,0,825,5.25,9.77,2.4,5.06,175.21,56.88,0
2024-11-07,-3.9,-4.6,-2.9,46.4,57.7,2.7,1.96,59,951.1,1330.0,1689.0,1.6999999999999997,21.9,78369.59999999999,-0.8090169943749473,-0.5877852522924732,-0.7931896839451843,0.6089746507720486,1,0,826,1.38,2.31,1.5,3.75,165.17,58.62,0
2024-11-08,-4.4,-6.7,-2.5,17.4,31.8,0.5,0.35,61,958.2,735.0,969.0,4.2,22.4,16860.6,-0.9455185755993168,-0.32556815445715664,-0.7825970017677834,0.6225286602431057,1,0,827,2.64,4.35,3.19,8.71,182.04,54.96,0
2024-11-09,-6.4,-7.7,-5.2,24.2,30.0,0.4,0.28,63,959.1,835.0,1092.0,2.5,24.4,26426.399999999998,-0.848048096156426,-0.529919264233205,-0.7717727365467837,0.6358984534680745,1,1,828,2.14,3.25,2.5,6.73,184.04,56.83,0
2024-11-10,-2.8,-5.5,-1.3,37.9,43.7,6.7,4.55,87,947.6,945.0,1105.0,4.2,20.8,41879.5,-0.7771459614569706,-0.6293203910498378,-0.7607200913564104,0.6490800741100398,1,1,829,1.58,2.57,1.85,4.38,166.21,53.75,0
2024-11-11,-2.9,-10.2,-0.2,25.3,32.0,6.1,4.2,91,947.9,565.0,830.0,10.0,20.9,20999.0,-0.9455185755993168,-0.32556815445715664,-0.749442336852196,0.6620696215153808,1,0,830,2.35,3.42,3.0,5.73,188.42,54.08,0
2024-11-12,-11.0,-12.3,-10.0,12.3,16.0,0.0,0.0,81,958.6,260.0,571.0,2.3000000000000007,29.0,7023.3,-0.981627183447664,-0.1908089953765446,-0.7379428103031391,0.6748632518680396,1,0,831,3.55,4.53,3.95,8.98,201.92,61.08,0
2024-11-13,-11.6,-16.4,-6.5,15.3,22.9,1.0,0.7,84,954.7,220.0,466.0,9.899999999999999,29.6,7129.8,-0.7431448254773944,-0.6691306063588581,-0.7262249146041543,0.6874571793269664,1,0,832,5.91,6.93,3.87,9.09,205.12,64.75,0
2024-11-14,-6.1,-9.3,-3.2,20.5,26.3,2.4,1.68,87,960.1,695.0,875.0,6.1000000000000005,24.1,17937.5,-0.8090169943749473,-0.5877852522924732,-0.7142921172691039,0.6998476771464064,1,0,833,2.74,2.81,3.41,8.24,184.79,62.75,0
2024-11-15,-3.9,-5.7,-3.1,17.2,21.0,0.1,0.07,91,962.9,495.0,640.0,2.6,21.9,11008.0,-0.7313537016191703,-0.6819983600624986,-0.7021479494046973,0.7120310787787136,1,0,834,2.74,2.94,3.67,9.83,204.12,59.5,0
2024-11-16,-7.9,-10.9,-3.6,7.6,12.6,0.0,0.0,85,959.9,35.0,120.0,7.300000000000001,25.9,912.0,0.2756373558169992,-0.9612616959383189,-0.6897960046655887,0.7240037789593305,1,1,835,9.17,9.47,7.03,14.07,374.42,67.25,1
2024-11-17,-8.8,-12.6,-4.0,6.2,8.0,0.0,0.0,82,955.5,45.0,94.0,8.6,26.8,582.8000000000001,-0.22495105434386498,-0.9743700647852352,-0.6772399381909491,0.7357622347736525,1,1,836,13.47,13.91,7.26,13.02,401.67,79.17,1
2024-11-18,-9.3,-13.9,-4.6,5.1,7.2,0.0,0.0,85,957.0,20.0,45.0,9.3,27.3,229.49999999999997,0.7986355100472927,-0.6018150231520484,-0.6644834655228545,0.7473029667054303,1,0,837,31.8,33.32,11.42,28.69,475.0,78.67,1
2024-11-19,-5.8,-10.4,-1.0,6.1,9.9,0.0,0.0,82,956.8,25.0,45.0,9.4,23.8,274.5,0.8987940462991669,-0.4383711467890775,-0.6515303615068021,0.75862255966641,1,0,838,26.83,29.4,10.84,30.12,489.96,82.21,1
2024-11-20,-0.4,-3.5,2.1,9.4,14.4,4.3,2.94,84,951.3,45.0,155.0,5.6,18.4,1457.0,0.37460659341591224,-0.9271838545667873,-0.6383844591746636,0.7697176640069215,1,0,839,16.05,21.25,7.06,16.57,337.12,85.08,1
2024-11-21,-1.4,-2.8,-0.2,21.7,28.1,4.0,2.87,94,955.4,420.0,789.0,2.5999999999999996,19.4,17121.3,-0.9876883405951377,-0.15643446504023104,-0.625049648610437,0.7805849965070871,1,0,840,4.13,5.61,3.16,7.63,220.29,54.21,0
2024-11-22,-4.0,-6.6,-1.5,9.2,19.6,0.1,0.07,91,971.6,150.0,435.0,5.1,22.0,4001.9999999999995,-0.5150380749100545,0.8571673007021121,-0.6115298757991053,0.7912213413483807,1,0,841,5.86,6.03,7.6,19.62,309.38,50.79,1
2024-11-23,-8.8,-12.4,-5.7,6.3,10.6,0.0,0.0,86,978.3,40.0,111.0,6.7,26.8,699.3,0.9945218953682733,-0.10452846326765355,-0.5978291414589544,0.8016235510652425,1,1,842,19.77,20.37,14.9,49.58,415.83,47.67,1
2024-11-24,-4.7,-9.4,-0.8,15.1,19.4,0.0,0.0,69,975.7,65.0,182.0,8.6,22.7,2748.2,0.992546151641322,0.12186934340514749,-0.5839514998576998,0.8117885474764613,1,1,843,7.71,9.35,5.67,12.45,213.92,73.29,0
2024-11-25,-3.2,-4.9,-0.5,18.6,21.1,0.0,0.0,73,969.5,245.0,289.0,4.4,21.2,5375.400000000001,0.9612616959383189,0.27563735581699916,-0.5699010576127617,0.8217133225960594,1,0,844,7.89,10.28,7.57,18.06,197.12,73.92,0
2024-11-26,-4.1,-7.1,-0.2,12.3,17.3,0.0,0.0,75,964.4,65.0,147.0,6.8999999999999995,22.1,1808.1000000000001,1.0,6.123233995736766e-17,-0.5556819724760482,0.8313949395234063,1,0,845,9.78,11.42,4.35,9.25,270.04,79.83,0
2024-11-27,-5.3,-8.9,-1.0,9.2,11.5,0.0,0.0,78,960.5,40.0,72.0,7.9,23.3,662.4,0.9205048534524403,-0.39073112848927377,-0.5412984521036173,0.8408305333122887,1,0,846,17.29,17.97,8.02,21.53,346.71,83.88,1
2024-11-28,-5.5,-9.2,-0.3,6.5,10.6,0.0,0.0,77,953.0,30.0,51.0,8.899999999999999,23.5,331.5,0.8571673007021123,-0.5150380749100543,-0.5267547528105542,0.8500173118187018,1,0,847,17.28,17.94,8.99,24.99,440.29,80.67,1
2024-11-29,-0.5,-4.1,1.3,6.7,9.2,0.0,0.0,82,950.9,50.0,119.0,5.3999999999999995,18.5,797.3000000000001,-0.4067366430758002,-0.9135454576426009,-0.5120551783114639,0.8589525565270849,1,0,848,17.67,18.57,9.7,22.63,438.62,67.46,1
2024-11-30,-2.3,-5.0,-0.3,7.4,12.4,0.0,0.0,98,952.5,35.0,168.0,4.7,20.3,1243.2,-0.913545457642601,-0.4067366430758001,-0.4972040784469371,0.867633623354773,1,1,849,8.04,8.62,8.76,18.16,369.17,47.58,0
2024-12-01,-2.1,-8.3,-0.3,13.9,15.9,4.0,2.8,95,954.4,330.0,521.0,8.0,20.1,7241.900000000001,-0.874619707139396,-0.48480962024633684,-0.4822058478963534,0.8760579434344277,1,1,850,3.0,3.23,4.65,12.23,217.58,39.79,0
2024-12-02,-8.1,-9.7,-6.5,2.9,8.8,0.0,0.0,87,962.0,75.0,193.0,3.1999999999999993,26.1,559.6999999999999,-0.9135454576426011,0.40673664307579976,-0.46706492487743034,0.8842230238742036,1,0,851,12.78,13.11,14.16,36.44,766.58,54.62,0
2024-12-03,-10.0,-12.1,-7.8,3.1,6.7,0.0,0.0,86,966.5,20.0,168.0,4.3,28.0,520.8000000000001,-0.5446390350150271,-0.838670567945424,-0.451785789832884,0.8921264484954345,1,0,852,26.28,27.04,16.6,36.48,707.29,50.29,1
2024-12-04,-9.5,-14.9,-6.3,5.6,8.3,0.0,0.0,87,967.9,45.0,201.0,8.600000000000001,27.5,1125.6,-0.6156614753256582,-0.788010753606722,-0.4363729641045924,0.8997658785476209,1,0,853,19.48,19.92,10.78,22.43,480.21,59.88,1
2024-12-05,-7.4,-9.5,-5.5,6.4,10.8,0.0,0.0,87,964.1,40.0,211.0,4.0,25.4,1350.4,-0.13917310096006552,-0.9902680687415703,-0.42083100859565564,0.9071390534005044,1,0,854,11.21,11.5,9.31,20.67,589.17,69.67,1
2024-12-06,-7.0,-9.6,-5.4,7.9,11.0,1.0,0.7,89,961.3,85.0,268.0,4.199999999999999,25.0,2117.2000000000003,-0.6018150231520484,-0.7986355100472928,-0.4051645224207555,0.9142437912130228,1,0,855,12.72,13.51,7.4,14.67,359.0,70.88,1
2024-12-07,-7.3,-11.4,-4.3,8.0,12.7,2.0,1.47,89,961.3,150.0,324.0,7.1000000000000005,25.3,2592.0,-0.9702957262759965,-0.24192189559966779,-0.3893781415452015,0.9210779895789526,1,1,856,7.64,8.13,6.88,16.26,346.62,56.08,0
2024-12-08,-17.2,-22.3,-11.8,7.0,10.6,0.0,0.0,82,968.4,40.0,191.0,10.5,35.2,1337.0,-0.22495105434386534,0.9743700647852351,-0.3734765374130716,0.9276396261490464,1,1,857,7.15,7.77,4.95,9.4,477.17,64.54,0
2024-12-09,-20.2,-25.2,-17.0,7.6,11.3,0.0,0.0,79,974.1,50.0,132.0,8.2,38.2,1003.1999999999999,0.8746197071393957,0.4848096202463371,-0.3574644155648614,0.9339267592294762,1,0,858,10.5,11.05,7.87,16.44,386.75,55.58,0
2024-12-10,-25.6,-29.0,-22.4,8.2,13.6,0.0,0.0,77,970.5,35.0,74.0,6.600000000000001,43.6,606.8,0.20791169081775931,-0.9781476007338057,-0.341346514245037,0.9399375283564131,1,0,859,19.12,19.95,10.88,24.1,510.04,54.67,1
2024-12-11,-16.8,-23.0,-13.5,17.4,20.7,0.0,0.0,76,967.2,180.0,354.0,9.5,34.8,6159.599999999999,-0.587785252292473,-0.8090169943749475,-0.3251276029999093,0.9456701548465688,1,0,860,9.19,11.67,3.75,7.8,245.71,71.46,0
2024-12-12,-12.2,-14.2,-9.3,16.9,20.3,0.0,0.0,68,961.3,250.0,375.0,4.899999999999999,30.2,6337.499999999999,-0.35836794954530043,-0.9335804264972016,-0.30881248126625377,0.9511229423235357,1,0,861,13.14,16.42,3.71,8.75,252.71,78.79,0
2024-12-13,-8.6,-12.6,-5.0,17.5,26.7,0.0,0.0,61,953.2,185.0,335.0,7.6,26.6,5862.5,0.24192189559966773,-0.9702957262759965,-0.2924059769510765,0.9562942772197722,1,0,862,10.3,11.76,3.16,9.39,243.54,92.25,0
2024-12-14,-2.9,-6.6,1.8,17.0,25.7,2.3,1.61,76,947.2,300.0,438.0,8.4,20.9,7446.0,0.01745240643728344,-0.9998476951563913,-0.27591294500296043,0.9611826292540837,1,1,863,14.5,18.03,4.0,10.42,259.83,87.5,0
2024-12-15,-5.3,-11.3,0.4,18.4,22.5,3.5,2.45,84,950.8,495.0,753.0,11.700000000000001,23.3,13855.199999999999,-0.874619707139396,-0.48480962024633684,-0.2593382659754047,0.9657865518844576,1,1,864,5.55,6.92,3.45,9.62,223.17,68.08,0
2024-12-16,-13.6,-16.1,-11.1,19.3,25.1,0.4,0.28,80,971.9,265.0,705.0,5.000000000000002,31.6,13606.5,-0.6293203910498376,-0.7771459614569708,-0.2426868445825954,0.9701046827361175,1,0,865,4.71,5.62,3.37,8.79,204.83,65.62,0
2024-12-17,-13.4,-17.2,-10.3,12.5,14.1,0.0,0.0,66,962.1,230.0,329.0,6.899999999999999,31.4,4112.5,0.5591929034707469,-0.8290375725550416,-0.2259636082480182,0.9741357440046722,1,0,866,5.35,6.26,3.54,8.33,241.5,76.12,0
2024-12-18,-8.5,-12.5,-5.2,15.0,19.8,0.2,0.14,73,950.4,230.0,409.0,7.3,26.5,6135.0,-0.2079116908177595,-0.9781476007338056,-0.20917350564635637,0.9778785428342386,1,0,867,9.36,12.68,3.82,9.21,243.58,83.29,0
2024-12-19,-4.1,-7.4,-1.4,21.0,26.7,0.4,0.28,83,947.2,355.0,533.0,6.0,22.1,11193.0,0.13917310096006533,-0.9902680687415704,-0.19232150523909483,0.9813319716704275,1,0,868,6.37,7.65,3.01,8.5,219.42,82.54,0
2024-12-20,-6.3,-10.7,-2.2,18.0,26.9,2.1,1.47,86,949.2,565.0,808.0,8.5,24.3,14544.0,-0.43837114678907746,-0.8987940462991669,-0.17541259380427757,0.984495008588086,1,0,869,3.49,3.83,3.81,11.56,230.67,61.54,0
2024-12-21,-12.3,-13.7,-11.3,14.9,19.0,2.2,1.54,85,959.5,325.0,529.0,2.3999999999999986,30.3,7882.1,-0.9205048534524403,-0.3907311284892738,-0.1584517749608372,0.9873667175937014,1,1,870,4.27,4.27,4.13,9.84,255.75,50.54,0
2024-12-22,-12.7,-15.1,-9.7,16.5,19.0,3.5,2.45,84,964.3,305.0,503.0,5.4,30.7,8299.5,-0.7431448254773944,-0.6691306063588581,-0.14144406768794027,0.9899462489023783,1,1,871,4.73,4.76,3.9,8.83,242.46,60.38,0
2024-12-23,-7.6,-9.4,-6.8,10.1,18.0,1.8,1.26,91,965.7,185.0,339.0,2.6000000000000005,25.6,3423.9,-0.9396926207859084,-0.34202014332566855,-0.12439450483979998,0.9922328391893008,1,0,872,8.06,8.38,5.44,11.6,328.33,65.58,0
2024-12-24,-8.1,-9.6,-7.2,3.5,5.8,0.0,0.0,94,969.3,60.0,92.0,2.3999999999999995,26.1,322.0,-0.5591929034707467,-0.8290375725550418,-0.10730813165636247,0.9942258118156161,1,0,873,12.51,12.84,13.04,20.4,594.21,53.38,1
2024-12-25,-12.7,-17.7,-9.0,7.0,12.3,0.0,0.0,88,969.6,40.0,106.0,8.7,30.7,742.0,0.9902680687415704,-0.13917310096006535,-0.09019000427034513,0.9959245770286599,1,0,874,5.42,5.57,10.1,18.47,404.96,60.08,1
2024-12-26,-9.4,-15.3,-5.5,8.9,12.6,0.0,0.0,59,964.3,55.0,174.0,9.8,27.4,1548.6000000000001,0.6018150231520482,-0.7986355100472929,-0.07304518821104655,0.9973286321364753,1,0,875,12.51,13.38,5.69,13.6,329.12,86.42,0
2024-12-27,-12.4,-14.0,-10.4,15.7,19.6,0.0,0.0,83,958.9,230.0,386.0,3.5999999999999996,30.4,6060.2,-0.7071067811865475,-0.7071067811865477,-0.055878756905372244,0.9984375616565666,1,0,876,9.97,10.67,3.85,9.01,271.92,80.17,0
2024-12-28,-8.8,-14.1,-6.6,16.7,25.9,1.1,0.77,90,959.7,220.0,446.0,7.5,26.8,7448.2,-0.7313537016191703,-0.6819983600624986,-0.03869579017652778,0.999251037438848,1,1,877,2.9,2.99,3.98,9.06,273.83,64.08,0
2024-12-29,-9.1,-10.0,-8.1,11.6,18.2,0.2,0.14,88,956.7,215.0,370.0,1.9000000000000004,27.1,4292.0,-0.6691306063588582,-0.7431448254773942,-0.021501372740813793,0.999768818762748,1,1,878,4.01,4.11,5.38,12.25,278.29,63.38,0
2024-12-30,-7.2,-8.7,-5.9,9.2,13.2,1.7,1.19,89,954.8,90.0,210.0,2.799999999999999,25.2,1931.9999999999998,0.9205048534524404,0.3907311284892737,-0.004300592702981974,0.9999907524084426,1,0,879,4.14,4.31,5.48,10.14,356.38,59.29,0
2024-12-31,-6.5,-7.9,-4.8,7.1,10.7,0.4,0.28,91,955.8,95.0,200.0,3.1000000000000005,24.5,1420.0,0.981627183447664,-0.1908089953765448,0.012901459949419653,0.9999167727021953,1,0,880,6.98,7.4,7.44,13.24,422.38,63.58,0
2025-01-01,-7.7,-9.5,-4.9,14.7,24.6,0.0,0.0,89,955.1,290.0,542.0,4.6,25.7,7967.4,-0.5446390350150271,-0.838670567945424,0.017201575418260506,0.9998520419557735,1,0,881,3.94,4.11,5.06,12.56,278.79,70.08,0
2025-01-02,-5.9,-8.7,-3.7,24.0,31.2,3.6,2.52,88,952.9,605.0,991.0,4.999999999999999,23.9,23784.0,-0.7431448254773944,-0.6691306063588581,0.03439806061360801,0.9994082116062598,1,0,882,1.69,1.78,2.83,8.3,219.46,63.17,0
2025-01-03,-6.4,-8.8,-3.7,23.7,30.6,1.2,0.21,90,956.7,550.0,695.0,5.1000000000000005,24.4,16471.5,-0.6427876096865393,-0.766044443118978,0.05158436686940837,0.9986686402879997,1,0,883,2.29,2.47,2.88,7.1,219.12,63.42,0
2025-01-04,-5.3,-6.7,-3.7,14.8,23.5,0.0,0.0,94,959.3,365.0,507.0,3.0,23.3,7503.6,-0.754709580222772,-0.6560590289905073,0.06875540848113941,0.9976335468520451,1,1,884,2.72,2.77,4.55,12.54,239.46,65.33,0
2025-01-05,-9.2,-12.5,-6.9,6.6,9.7,0.0,0.0,92,959.6,155.0,308.0,5.6,27.2,2032.8,-0.587785252292473,-0.8090169943749475,0.08590610426133273,0.9963032375991965,1,1,885,4.94,5.02,8.8,22.39,290.75,66.79,0
2025-01-06,-11.7,-17.4,-8.6,8.4,11.0,0.0,0.0,87,961.2,110.0,189.0,8.799999999999999,29.7,1587.6000000000001,-0.15643446504023073,-0.9876883405951378,0.1030313790431788,0.9946781061893646,1,0,886,7.13,7.22,6.64,12.42,292.67,71.58,0
2025-01-07,-4.9,-8.3,-1.8,10.2,13.0,1.1,0.77,88,957.6,80.0,292.0,6.500000000000001,22.9,2978.3999999999996,0.4694715627858907,-0.882947592858927,0.12012616518235049,0.9927586335250793,1,0,887,6.88,7.25,6.05,12.56,264.92,67.92,0
2025-01-08,-10.4,-20.9,-3.9,12.0,26.5,3.3,2.31,85,964.4,65.0,318.0,17.0,28.4,3816.0,-0.7313537016191703,0.6819983600624987,0.13718540405660057,0.9905453876091833,1,0,888,7.89,8.89,5.6,9.8,344.58,66.04,0
2025-01-09,-12.1,-20.9,-8.2,14.4,19.4,0.0,0.0,74,976.1,85.0,289.0,12.7,30.1,4161.6,-0.6427876096865393,-0.766044443118978,0.1542040475626894,0.988039023376751,1,0,889,8.34,9.55,4.78,8.16,263.08,69.67,0
2025-01-10,-7.9,-9.6,-5.4,10.6,12.7,0.0,0.0,68,971.2,110.0,192.0,4.199999999999999,25.9,2035.1999999999998,-0.43837114678907746,-0.8987940462991669,0.17117705961019988,0.985240282501282,1,0,890,9.38,10.92,4.93,9.96,297.58,72.96,0
2025-01-11,-12.1,-16.0,-7.9,6.5,10.2,0.0,0.0,75,966.6,25.0,74.0,8.1,30.1,481.0,-0.6819983600624984,-0.7313537016191706,0.1880994176117976,0.9821499931752291,1,1,891,17.6,18.85,8.65,17.88,529.0,70.92,0
2025-01-12,-12.6,-16.3,-7.2,3.3,7.1,0.0,0.0,62,964.8,10.0,22.0,9.100000000000001,30.6,72.6,0.6560590289905073,-0.754709580222772,0.20496611396949535,0.9787690698649216,1,1,892,37.22,38.8,16.98,43.18,764.75,69.29,1
2025-01-13,-10.5,-14.2,-5.1,6.6,9.8,0.0,0.0,71,963.3,20.0,36.0,9.1,28.5,237.6,0.9563047559630355,-0.29237170472273666,0.22177215755648189,0.975098513039961,1,0,893,30.63,33.14,14.33,33.7,551.83,74.5,1
2025-01-14,-8.5,-12.2,-2.8,7.1,11.0,0.0,0.0,69,960.5,30.0,43.0,9.399999999999999,26.5,305.3,0.8290375725550417,-0.5591929034707467,0.23851257519407645,0.9711394088771653,1,0,894,26.02,27.76,10.9,28.02,485.75,81.46,1
2025-01-15,-8.9,-13.2,-5.1,12.5,19.3,0.0,0.0,71,953.8,80.0,244.0,8.1,26.9,3050.0,-0.29237170472273677,-0.9563047559630354,0.2551824131233728,0.9668929289391521,1,0,895,14.76,16.35,4.21,9.56,330.67,94.46,0
2025-01-16,-7.6,-8.5,-7.2,18.2,22.6,0.3,0.21,88,950.8,435.0,584.0,1.2999999999999998,25.6,10628.8,-0.6819983600624984,-0.7313537016191706,0.2717767384711357,0.9623603298276545,1,0,896,5.29,5.75,3.41,10.31,276.04,62.67,0
2025-01-17,-6.9,-7.4,-6.5,19.9,23.6,0.5,0.35,89,949.7,590.0,729.0,0.9000000000000004,24.9,14507.099999999999,-0.6427876096865393,-0.766044443118978,0.28829064070951776,0.9575429528116719,1,0,897,2.36,2.47,3.1,9.38,236.62,58.58,0
2025-01-18,-6.8,-8.6,-5.0,13.8,19.6,0.5,0.35,87,951.7,315.0,621.0,3.5999999999999996,24.8,8569.800000000001,-0.7313537016191703,-0.6819983600624986,0.3047192331091634,0.9524422234305676,1,1,898,2.89,2.92,4.25,11.89,263.54,53.42,0
2025-01-19,-3.8,-9.3,-1.3,14.9,20.5,1.4,1.12,91,952.6,250.0,554.0,8.0,21.8,8254.6,-0.6156614753256582,-0.788010753606722,0.32105765418527105,0.9470596510722283,1,1,899,3.67,3.73,4.4,11.06,251.67,60.54,0
2025-01-20,-2.3,-3.2,-1.5,20.1,26.8,2.1,1.47,90,948.5,530.0,641.0,1.7000000000000002,20.3,12884.1,-0.2079116908177595,-0.9781476007338056,0.33730106913618424,0.9413968285264122,1,0,900,2.13,2.19,3.03,9.68,216.71,76.0,0
2025-01-21,-2.7,-3.6,-0.9,29.0,39.4,3.9,2.73,89,938.5,935.0,1265.0,2.7,20.7,36685.0,-0.5735764363510462,-0.8191520442889918,0.35344467127408763,0.9354554315134165,1,0,901,1.55,1.67,2.19,7.37,195.54,64.92,0
2025-01-22,-12.3,-16.6,-2.9,27.4,37.4,2.7,1.89,80,941.0,950.0,1352.0,13.700000000000001,30.3,37044.799999999996,-0.8571673007021121,-0.5150380749100544,0.36948368344738314,0.9292372181882051,1,0,902,2.2,2.71,2.16,6.33,189.0,75.79,0
2025-01-23,-25.4,-29.4,-19.9,17.4,25.0,0.2,0.14,74,967.5,115.0,510.0,9.5,43.4,8874.0,-0.9902680687415703,-0.13917310096006583,0.38541335945432564,0.9227440286201427,1,0,903,4.62,5.24,3.22,5.56,228.83,72.42,0
2025-01-24,-27.1,-33.9,-20.7,8.6,11.6,0.0,0.0,70,982.6,35.0,91.0,13.2,45.1,782.6,0.40673664307580043,-0.9135454576426008,0.40122898544750096,0.9159777842484876,1,0,904,14.65,15.68,7.08,11.17,388.62,70.17,0
2025-01-25,-17.3,-22.3,-12.5,8.9,11.5,0.0,0.0,62,973.7,65.0,120.0,9.8,35.3,1068.0,0.8290375725550417,-0.5591929034707467,0.41692588132872865,0.908940487313808,1,1,905,10.34,11.22,6.24,14.65,340.04,78.25,0
2025-01-26,-12.9,-18.7,-6.7,10.2,11.6,0.0,0.0,62,963.3,40.0,61.0,12.0,30.9,622.1999999999999,0.9271838545667874,-0.37460659341591207,0.43249940213397886,0.9016342202654859,1,1,906,12.81,14.28,6.54,14.47,331.33,81.04,1
2025-01-27,-11.2,-15.5,-8.4,10.8,17.2,0.0,0.0,69,958.4,30.0,215.0,7.1,29.2,2322.0,-0.587785252292473,-0.8090169943749475,0.44794493940789115,0.8940611451454876,1,0,907,14.86,17.76,4.61,10.08,331.12,94.96,1
2025-01-28,-14.1,-18.3,-11.4,14.0,16.5,0.0,0.0,85,958.6,270.0,397.0,6.9,32.1,5558.0,-0.7880107536067221,-0.6156614753256581,0.46325792256749165,0.8862235029485801,1,0,908,6.62,8.27,3.68,9.49,247.96,76.08,0
2025-01-29,-9.7,-11.6,-6.8,19.1,22.0,4.2,2.94,87,953.6,395.0,475.0,4.8,27.7,9072.5,-0.6819983600624984,-0.7313537016191706,0.4784338202547012,0.8781236129591848,1,0,909,2.82,3.02,3.24,7.72,217.0,72.96,0
2025-01-30,-5.6,-10.4,-3.6,14.1,21.7,5.9,4.13,91,953.7,320.0,484.0,6.800000000000001,23.6,6824.4,-0.9993908270190958,0.03489949670250128,0.49346814167723735,0.8697638720650646,1,0,910,1.97,1.99,3.65,8.56,274.54,63.38,0
2025-01-31,-15.3,-18.3,-11.1,8.1,10.9,0.8,0.56,84,963.1,90.0,236.0,7.200000000000001,33.3,1911.6,-0.9816271834476639,0.1908089953765451,0.5083564379375123,0.8611467540480451,1,0,911,8.47,8.7,6.7,12.11,390.33,54.67,0
2025-02-01,-12.3,-17.4,-7.8,15.9,21.6,2.6,1.82,85,966.2,145.0,389.0,9.599999999999998,30.3,6185.1,-0.656059028990507,-0.7547095802227721,0.5230943033491326,0.8522748088519838,1,1,912,5.88,6.34,3.78,8.11,258.21,70.08,0
2025-02-02,-5.5,-7.6,-4.3,12.0,18.9,0.6,0.42,93,967.5,200.0,343.0,3.3,23.5,4116.0,-0.848048096156426,-0.529919264233205,0.5376773767406141,0.8431506618282,1,1,913,3.36,3.42,3.91,8.94,291.29,70.46,0
2025-02-03,-6.1,-9.7,-3.5,9.0,13.1,0.0,0.0,89,971.0,80.0,201.0,6.199999999999999,24.1,1809.0,0.8987940462991669,-0.4383711467890775,0.5521013427459208,0.8337770129585914,1,0,914,8.77,8.88,5.99,13.92,308.5,67.0,0
2025-02-04,-8.5,-11.4,-5.2,17.8,21.9,0.0,0.0,81,970.4,125.0,275.0,6.2,26.5,4895.0,0.9743700647852352,0.22495105434386492,0.5663619330814524,0.8241566360566663,1,0,915,2.18,2.24,1.68,4.31,242.25,74.58,0
2025-02-05,-7.3,-11.1,-5.1,23.0,25.7,0.0,0.0,88,971.7,315.0,574.0,6.0,25.3,13202.0,0.9205048534524404,0.3907311284892737,0.580454927809098,0.8142923779467267,1,0,916,1.62,1.67,2.17,4.92,231.46,72.46,0
2025-02-06,-12.8,-18.6,-7.5,20.3,21.6,0.0,0.0,83,968.8,360.0,509.0,11.100000000000001,30.8,10332.7,0.838670567945424,0.5446390350150271,0.5943761565849831,0.804187157621448,1,0,917,3.76,4.21,3.61,5.11,256.67,76.92,0
2025-02-07,-17.8,-20.7,-13.2,19.2,21.3,0.0,0.0,77,965.4,280.0,322.0,7.5,35.8,6182.4,0.9135454576426009,0.4067366430758002,0.6081214998935419,0.7938439653781019,1,0,918,4.97,5.33,2.05,3.31,249.0,82.96,0
2025-02-08,-16.9,-20.7,-10.6,16.4,20.1,0.0,0.0,75,965.2,95.0,242.0,10.1,34.9,3968.7999999999997,0.9271838545667874,0.37460659341591196,0.6216868902665479,0.7832658619336791,1,1,919,7.0,7.54,2.62,5.47,280.58,78.88,0
2025-02-09,-16.0,-24.9,-8.4,5.6,9.3,0.0,0.0,80,963.3,10.0,119.0,16.5,34.0,666.4,-0.08715574274765832,0.9961946980917455,0.6350683134867439,0.7724559775191742,1,1,920,12.37,13.2,5.72,14.22,543.38,77.79,0
2025-02-10,-12.1,-15.6,-8.0,6.5,13.1,0.0,0.0,87,967.7,35.0,157.0,7.6,30.1,1020.5,-0.8571673007021121,-0.5150380749100544,0.6482618097757123,0.7614175109532997,1,0,921,7.8,7.95,6.2,15.05,357.79,79.83,0
2025-02-11,-11.1,-13.0,-6.6,9.6,13.0,0.0,0.0,90,964.9,50.0,169.0,6.4,29.1,1622.3999999999999,-0.7071067811865475,-0.7071067811865477,0.6612634749656385,0.7501537286959042,1,0,922,5.0,5.06,4.75,10.17,335.71,83.96,0
2025-02-12,-12.6,-17.4,-8.1,12.3,19.4,0.0,0.0,87,959.2,65.0,227.0,9.299999999999999,30.6,2792.1000000000004,-0.7313537016191703,-0.6819983600624986,0.6740694616546162,0.7386679638813748,1,0,923,8.75,10.09,3.65,8.05,284.71,87.17,0
2025-02-13,-7.6,-14.1,-3.9,24.8,34.0,0.0,0.0,89,957.1,450.0,824.0,10.2,25.6,20435.2,-0.8191520442889916,-0.5735764363510464,0.6866759803451554,0.7269636153323079,1,0,924,1.97,2.24,2.08,5.98,228.83,82.79,0
2025-02-14,-4.9,-6.3,-3.8,13.3,24.4,0.4,0.07,90,959.5,60.0,663.0,2.5,22.9,8817.9,-0.90630778703665,-0.42261826174069916,0.6990793005655562,0.7150441465537444,1,0,925,3.3,3.85,3.4,9.62,280.17,85.25,0
2025-02-15,-8.5,-11.5,-5.4,5.8,13.1,0.2,0.14,88,955.6,20.0,211.0,6.1,26.5,1223.8,0.4694715627858907,-0.882947592858927,0.7112757519738152,0.7029130847082615,1,1,926,11.32,12.86,8.4,24.34,476.08,85.04,1
2025-02-16,-9.1,-12.2,-6.2,3.9,7.8,0.0,0.0,87,958.0,20.0,167.0,5.999999999999999,27.1,651.3,-0.6819983600624984,-0.7313537016191706,0.7232617254437389,0.6905740195722293,1,1,927,13.11,15.18,11.83,36.92,458.88,78.25,1
2025-02-17,-9.5,-13.0,-6.5,9.3,14.1,0.0,0.0,85,964.9,100.0,343.0,6.5,27.5,3189.9,-0.4226182617406993,-0.90630778703665,0.7350336741329413,0.6780306024735381,1,0,928,7.4,9.02,6.25,16.4,311.33,90.71,0
2025-02-18,-13.6,-19.0,-6.6,7.5,10.7,0.0,0.0,82,963.5,35.0,116.0,12.4,31.6,870.0,0.6819983600624986,-0.7313537016191705,0.7465881145324131,0.6652865452111115,1,0,929,12.63,18.64,6.25,15.48,368.5,96.79,0
2025-02-19,-11.0,-18.4,-3.5,6.1,11.0,0.0,0.0,79,959.2,15.0,57.0,14.899999999999999,29.0,347.7,0.9781476007338057,-0.20791169081775934,0.757921627497347,0.6523456189565258,1,0,930,16.19,20.71,6.72,17.53,501.42,93.58,1
2025-02-20,-9.4,-15.8,-3.4,5.0,11.4,0.0,0.0,82,959.5,10.0,74.0,12.4,27.4,370.0,0.7547095802227721,-0.6560590289905072,0.7690308592589181,0.6392116531380588,1,0,931,32.3,52.43,8.6,24.56,505.46,109.12,1
2025-02-21,-11.4,-17.2,-4.3,5.3,10.7,0.0,0.0,85,962.7,15.0,93.0,12.899999999999999,29.4,492.9,0.9986295347545738,0.052335956242943966,0.7799125224167178,0.6258885343075017,1,0,932,19.94,30.92,8.0,22.15,437.67,99.92,1
2025-02-22,-6.1,-12.9,2.0,9.9,13.0,0.0,0.0,73,961.4,50.0,110.0,14.9,24.1,1089.0,0.9396926207859084,-0.3420201433256687,0.7905633969115482,0.6123802049900648,1,1,933,25.08,41.55,4.48,10.3,371.5,112.12,0
2025-02-23,-4.1,-7.7,1.1,9.2,15.3,0.0,0.0,75,958.6,25.0,111.0,8.8,22.1,1021.1999999999999,0.9135454576426009,-0.40673664307580026,0.8009803309782905,0.5986906625177214,1,1,934,21.25,40.82,7.12,16.23,381.96,103.75,0
2025-02-24,-5.1,-12.2,1.1,10.1,13.0,0.0,0.0,81,954.4,40.0,88.0,13.299999999999999,23.1,888.8,0.9961946980917455,0.08715574274765814,0.8111602420785621,0.5848239578463323,1,0,935,14.28,25.47,3.29,6.34,365.29,98.25,0
2025-02-25,-4.6,-8.8,0.0,7.8,12.7,0.0,0.0,72,949.3,40.0,72.0,8.8,22.6,561.6,0.9702957262759965,-0.24192189559966779,0.821100117812889,0.5707841943569038,1,0,936,22.03,41.52,6.75,16.02,447.88,111.25,1
2025-02-26,-5.7,-10.4,-0.5,14.8,24.9,2.8,1.96,84,950.1,15.0,366.0,9.9,23.7,5416.8,-0.848048096156426,-0.529919264233205,0.8307970168121248,0.5565755266413303,1,0,937,13.81,24.07,4.49,11.44,321.21,96.21,0
2025-02-27,-11.7,-16.2,-8.7,9.8,21.4,0.0,0.0,85,961.3,15.0,392.0,7.5,29.7,3841.6000000000004,-0.9205048534524403,-0.3907311284892738,0.8402480696078469,0.5422021592729844,1,0,938,4.77,5.02,5.26,17.11,436.46,90.17,1
2025-02-28,-15.2,-21.9,-9.7,3.5,6.1,0.0,0.0,86,960.1,10.0,110.0,12.2,33.2,385.0,0.766044443118978,0.6427876096865394,0.8494504794814806,0.527668345562516,1,0,939,13.86,14.22,9.08,31.59,507.46,87.0,1
2025-03-01,-13.9,-19.3,-9.5,3.5,6.8,0.0,0.0,87,961.8,20.0,136.0,9.8,31.9,476.0,-0.374606593415912,-0.9271838545667874,0.8584015232918917,0.512978386299228,1,1,940,11.22,11.84,10.72,32.71,395.08,86.58,1
2025-03-02,-11.9,-21.1,-2.7,8.6,15.7,0.0,0.0,81,959.1,35.0,137.0,18.400000000000002,29.9,1178.2,0.9998476951563913,-0.017452406437283477,0.8670985522812081,0.4981366284784055,1,1,941,11.72,14.92,6.6,19.52,356.29,95.0,1
2025-03-03,-7.9,-14.4,-1.8,12.4,18.1,1.6,1.12,77,953.9,15.0,240.0,12.6,25.9,2976.0,0.90630778703665,-0.42261826174069933,0.8755389928586303,0.4831474640149685,1,0,942,21.83,26.53,7.28,11.34,407.67,102.46,0
2025-03-04,-10.2,-14.2,-7.5,14.9,23.3,1.7,1.19,83,959.5,275.0,618.0,6.699999999999999,28.2,9208.2,-0.6293203910498376,-0.7771459614569708,0.8837203473619977,0.4680153284438345,1,0,943,7.55,8.3,4.2,10.62,257.21,91.58,0
2025-03-05,-10.1,-14.7,-5.2,16.0,21.6,0.2,0.07,78,961.7,300.0,506.0,9.5,28.1,8096.0,-0.2419218955996675,-0.9702957262759965,0.8916401947968874,0.45274469960737107,1,0,944,7.95,9.75,3.27,9.04,263.21,97.29,0
2025-03-06,-3.4,-9.4,0.4,28.1,40.6,5.2,3.64,82,944.5,405.0,893.0,9.8,21.4,25093.300000000003,-0.29237170472273677,-0.9563047559630354,0.8992961915530253,0.4373400963303323,1,0,945,10.52,14.0,2.4,7.35,215.25,99.67,0
2025-03-07,-3.6,-6.4,-2.2,18.4,28.6,2.5,1.75,88,940.5,330.0,854.0,4.2,21.6,15713.599999999999,-0.882947592858927,-0.46947156278589075,0.9066860720977985,0.4218060770826634,1,0,946,2.92,2.93,2.82,8.13,226.5,80.04,0
2025-03-08,-3.9,-6.7,-1.0,16.3,22.5,3.6,2.52,89,940.7,310.0,581.0,5.7,21.9,9470.300000000001,-0.34202014332566866,-0.9396926207859084,0.9138076496466615,0.4061472386305789,1,1,947,4.6,4.64,3.67,11.14,233.46,82.88,0
2025-03-09,-6.2,-13.5,-2.0,17.3,24.2,2.6,1.82,90,942.6,400.0,556.0,11.5,24.2,9618.800000000001,-0.9986295347545738,0.052335956242943946,0.9206588168102429,0.39036821467630245,1,1,948,3.62,3.73,3.38,9.1,258.21,87.25,0
2025-03-10,-10.0,-15.0,-5.2,20.2,28.3,1.7,0.98,85,956.5,335.0,626.0,9.8,28.0,12645.199999999999,-0.7660444431189779,-0.6427876096865395,0.9272375462179537,0.374473674486883,1,0,949,5.56,5.97,2.74,6.85,258.29,97.5,0
2025-03-11,-4.6,-6.7,-2.5,15.6,21.5,2.8,1.82,92,957.9,195.0,506.0,4.2,22.6,7893.599999999999,-0.9205048534524403,-0.3907311284892738,0.9335418911179212,0.35846832151248087,1,0,950,4.59,4.68,3.66,7.92,244.17,87.75,0
2025-03-12,-5.3,-10.0,-2.8,7.0,11.1,0.2,0.0,86,967.7,55.0,252.0,7.2,23.3,1764.0,0.9455185755993168,-0.32556815445715664,0.9395699859530622,0.342356891994542,1,0,951,10.55,10.65,6.57,16.13,355.92,86.71,0
2025-03-13,-8.3,-13.7,-1.6,9.0,11.2,0.0,0.0,69,966.9,70.0,170.0,12.1,26.3,1530.0,0.45399049973954686,-0.8910065241883678,0.945320046913132,0.3261441535642696,1,0,952,15.53,17.44,4.53,9.62,302.88,104.38,0
2025-03-14,-7.2,-14.3,0.8,7.5,11.2,0.0,0.0,64,961.7,35.0,135.0,15.100000000000001,25.2,1012.5,0.20791169081775931,-0.9781476007338057,0.9507903724625832,0.3098349038318025,1,0,953,21.4,25.16,4.65,10.28,318.67,105.38,0
2025-03-15,-6.9,-11.9,0.1,3.4,7.7,0.0,0.0,78,959.5,10.0,48.0,12.0,24.9,163.2,0.8829475928589269,-0.4694715627858909,0.9559793438440766,0.2934339689665273,1,1,954,39.88,52.13,10.14,30.92,631.08,111.38,0
2025-03-16,-5.6,-15.5,1.3,7.4,11.6,0.0,0.0,80,959.1,15.0,147.0,16.8,23.6,1087.8,-0.13917310096006552,-0.9902680687415703,0.9608854255574977,0.27694620226893646,1,1,955,38.57,51.15,7.52,20.46,354.71,104.29,0
2025-03-17,0.7,-3.8,3.8,12.8,15.8,0.0,0.0,72,957.8,140.0,259.0,7.6,17.3,3315.2000000000003,-0.22495105434386498,-0.9743700647852352,0.9655071658143364,0.2603764827344579,1,0,956,18.4,34.28,3.26,7.48,273.79,104.21,0
2025-03-18,2.8,0.9,5.3,10.7,13.4,0.0,0.0,73,958.2,100.0,164.0,4.3999999999999995,15.2,1754.8,-0.017452406437283637,-0.9998476951563913,0.969843196967294,0.24372971360968387,1,0,957,16.24,34.5,3.42,7.91,270.71,107.67,0
2025-03-19,2.8,0.8,5.8,10.9,12.3,0.0,0.0,69,956.3,135.0,176.0,5.0,15.2,1918.4,0.37460659341591224,-0.9271838545667873,0.9738922359149924,0.22701082094141847,1,0,958,20.79,53.7,3.98,8.05,267.33,125.58,0
2025-03-20,3.3,-1.3,7.6,12.2,15.6,0.0,0.0,65,951.1,85.0,201.0,8.9,14.7,2452.2,-0.017452406437283637,-0.9998476951563913,0.9776530844816641,0.21022475211898378,1,0,959,20.57,55.48,3.87,7.66,256.58,118.54,0
2025-03-21,2.5,-3.0,6.0,14.0,24.7,0.6,0.0,81,951.0,90.0,425.0,9.0,15.5,5950.0,-0.882947592858927,-0.46947156278589075,0.9811246297717121,0.19337647441020564,1,0,960,12.4,27.2,3.55,8.32,259.62,89.62,0
2025-03-22,-1.3,-3.9,2.1,10.2,15.6,0.0,0.0,80,960.5,80.0,461.0,6.0,19.3,4702.2,0.9563047559630354,0.29237170472273677,0.984305844499033,0.17647097349152166,1,1,961,10.66,12.9,3.16,9.3,225.96,80.5,0
2025-03-23,-2.0,-5.7,2.6,7.0,11.9,0.0,0.0,75,955.1,15.0,368.0,8.3,20.0,2576.0,-0.2588190451025207,0.9659258262890683,0.9871957872910085,0.15951325197263633,1,1,962,11.84,13.67,3.78,11.19,283.46,80.42,0
2025-03-24,-4.3,-7.8,-0.5,14.2,21.6,0.0,0.0,80,955.4,175.0,608.0,7.3,22.3,8633.6,-0.8829475928589271,0.4694715627858904,0.9897936029670716,0.14250832791617088,1,0,963,6.61,8.71,2.9,7.7,224.42,86.92,0
2025-03-25,-6.0,-12.6,0.0,7.3,11.8,0.0,0.0,64,967.0,125.0,473.0,12.6,24.0,3452.9,0.0697564737441253,0.9975640502598242,0.992098522791769,0.1254612333527367,1,0,964,8.58,11.37,2.79,6.98,272.0,82.58,0
2025-03-26,-4.1,-11.3,2.3,7.0,12.8,0.0,0.0,68,970.5,20.0,383.0,13.600000000000001,22.1,2681.0,0.9781476007338056,0.20791169081775945,0.9941098647022418,0.10837701279187609,1,0,965,14.3,18.9,4.37,10.81,317.08,77.83,0
2025-03-27,-0.9,-6.4,5.8,16.4,18.8,0.0,0.0,56,964.9,200.0,452.0,12.2,18.9,7412.799999999999,0.9271838545667874,0.37460659341591196,0.9958270335100595,0.09126072172931188,1,0,966,7.9,9.85,1.77,5.51,201.21,85.21,0
2025-03-28,0.7,-4.1,6.9,15.1,18.9,0.0,0.0,51,962.4,175.0,430.0,11.0,17.3,6493.0,0.984807753012208,0.17364817766693041,0.9972495210773451,0.07411742515094415,1,0,967,9.86,12.35,1.85,5.93,200.96,85.54,0
2025-03-29,1.3,-3.8,8.7,8.9,13.5,0.0,0.0,56,962.8,35.0,368.0,12.5,16.7,3275.2000000000003,1.0,6.123233995736766e-17,0.998376906467142,0.05695219603403953,1,1,968,8.96,10.59,2.72,6.73,259.83,80.5,0
2025-03-30,2.7,-5.1,10.7,4.8,8.3,0.0,0.0,62,963.8,10.0,346.0,15.799999999999999,15.3,1660.8,0.9945218953682733,0.10452846326765346,0.9992088560679753,0.03977011384605594,1,1,969,18.75,24.02,7.63,23.15,345.83,71.42,0
2025-03-31,4.5,-2.5,11.5,5.6,11.1,0.0,0.0,66,961.9,10.0,497.0,14.0,13.5,2783.2,-0.5446390350150271,-0.838670567945424,0.9997451236925734,0.022576263041545485,1,0,970,29.84,46.99,8.88,29.46,395.42,64.25,1
2025-04-01,5.0,1.6,10.2,11.8,17.8,0.8,0.0,73,956.9,30.0,584.0,8.6,13.0,6891.200000000001,-0.9335804264972017,0.3583679495453004,0.9999855506507186,0.005375731557583884,0,0,971,14.07,20.92,3.55,8.6,250.38,76.38,0
2025-04-02,4.2,-1.6,10.8,3.7,9.4,0.0,0.0,70,959.1,10.0,556.0,12.4,13.8,2057.2000000000003,0.8987940462991669,0.43837114678907746,0.9999300657962057,-0.011826390691832589,0,0,972,14.54,15.85,6.12,14.43,391.62,72.58,0
2025-04-03,6.7,-0.3,13.5,14.5,21.6,0.0,0.0,57,952.1,50.0,593.0,13.8,11.3,8598.5,-0.15643446504023073,-0.9876883405951378,0.9995786855478958,-0.029025013321975237,0,0,973,11.33,12.36,4.03,11.83,218.29,81.46,1
2025-04-04,9.5,1.8,19.5,24.5,41.0,3.3,0.0,64,937.6,340.0,998.0,17.7,8.5,24451.0,-0.5591929034707467,-0.8290375725550418,0.9989315138848577,-0.046215046983708576,0,0,974,6.28,11.22,2.33,7.35,179.29,85.42,0
2025-04-05,4.1,-1.1,9.6,12.8,17.0,0.0,0.0,69,951.5,125.0,687.0,10.7,13.9,8793.6,-0.882947592858927,-0.46947156278589075,0.9979887423155984,-0.06339140486951038,0,1,975,8.41,8.67,3.33,11.17,226.08,75.08,0
2025-04-06,7.6,1.1,14.5,9.5,14.3,0.0,0.0,65,953.0,10.0,532.0,13.4,10.4,5054.0,-0.6691306063588582,-0.7431448254773942,0.9967506498213929,-0.0805490042187419,0,1,976,6.99,7.26,5.38,15.46,284.83,74.5,1
2025-04-07,8.5,3.0,15.3,14.9,23.2,6.6,0.0,71,948.3,65.0,413.0,12.3,9.5,6153.7,0.529919264233205,-0.848048096156426,0.9952176027737294,-0.09768276782171598,0,0,977,12.62,19.98,5.39,13.1,203.88,69.92,0
2025-04-08,10.5,6.0,15.3,15.0,21.1,7.9,0.0,88,945.7,25.0,550.0,9.3,7.5,8250.0,-0.8910065241883678,-0.45399049973954697,0.9933900548258936,-0.11478762552212723,0,0,978,9.07,15.57,3.82,10.01,234.29,70.0,0
2025-04-09,10.0,2.2,18.1,6.3,10.7,0.3,0.0,77,955.8,25.0,500.0,15.900000000000002,8.0,3150.0,-0.2588190451025208,-0.9659258262890683,0.9912685467787256,-0.1318585157173914,0,0,979,17.48,20.6,7.26,21.82,364.17,61.5,0
2025-04-10,12.8,4.8,20.5,9.5,16.1,0.0,0.0,62,957.2,35.0,704.0,15.7,5.199999999999999,6688.0,0.17364817766693028,-0.984807753012208,0.9888537064205885,-0.1488903868564546,0,0,980,14.88,18.91,4.78,15.05,214.58,72.67,0
2025-04-11,14.5,7.7,21.9,13.7,17.1,0.0,0.0,49,952.9,100.0,538.0,14.2,3.5,7370.599999999999,0.3090169943749475,-0.9510565162951535,0.986146248341595,-0.16587819893463143,0,0,981,5.88,8.42,3.57,11.0,175.96,85.54,0
2025-04-12,16.4,9.3,24.4,11.3,17.3,0.0,0.0,47,947.3,35.0,555.0,15.099999999999998,1.6000000000000014,6271.5,-0.12186934340514731,-0.9925461516413221,0.9831469737221499,-0.1828169249850199,0,1,982,6.2,12.22,4.42,11.92,218.5,87.54,0
2025-04-13,12.8,6.9,20.2,13.9,24.0,0.2,0.0,68,945.7,35.0,275.0,13.299999999999999,5.199999999999999,3822.5,0.6156614753256583,0.7880107536067219,0.9798567700958665,-0.1997015525660638,0,1,983,7.92,16.38,4.59,12.59,200.46,59.46,0
2025-04-14,7.6,3.5,12.4,11.1,20.9,2.6,0.0,73,953.6,115.0,641.0,8.9,10.4,7115.099999999999,0.0,1.0,0.9762766110869321,-0.2165270852448146,0,0,984,7.4,10.53,4.34,11.47,201.83,83.62,0
2025-04-15,8.3,3.9,13.6,11.7,17.8,2.7,0.0,71,954.2,80.0,775.0,9.7,9.7,9067.5,-0.9510565162951536,0.30901699437494723,0.9724075561219969,-0.233288544075455,0,0,985,15.72,20.35,3.03,7.31,191.83,84.29,0
2025-04-16,7.5,2.9,12.5,13.6,16.2,0.0,0.0,68,956.3,155.0,825.0,9.6,10.5,11220.0,-0.6018150231520483,0.7986355100472928,0.9682507501166718,-0.2499809690726523,0,0,986,9.92,10.78,3.11,11.03,194.96,83.92,0
2025-04-17,6.1,1.0,12.1,18.9,29.8,0.0,0.0,61,950.5,170.0,1096.0,11.1,11.9,20714.399999999998,-0.9961946980917455,0.08715574274765789,0.9638074231367307,-0.26659942067929354,0,0,987,5.93,6.56,2.15,5.88,181.5,80.71,0
2025-04-18,1.8,-3.3,5.8,15.3,28.0,1.3,0.77,54,952.6,60.0,1080.0,9.1,16.2,16524.0,-0.945518575599317,0.3255681544571563,0.9590788900341131,-0.28313898122818354,0,0,988,10.95,14.0,2.74,7.75,192.21,80.62,0
2025-04-19,-0.2,-5.3,4.4,7.0,14.2,0.0,0.0,52,956.2,35.0,674.0,9.7,18.2,4718.0,0.6293203910498374,0.7771459614569709,0.9540665500578386,-0.2995947563972604,0,1,989,10.61,13.65,4.86,14.29,233.29,82.12,0
2025-04-20,10.1,-1.5,18.1,18.7,32.6,0.0,0.0,50,955.1,60.0,876.0,19.6,7.9,16381.199999999999,-0.7660444431189779,-0.6427876096865395,0.9487718864399474,-0.3159618766579027,0,1,990,9.23,10.83,4.08,11.15,186.12,83.71,0
2025-04-21,14.6,9.3,20.7,14.9,19.6,0.0,0.0,64,956.0,55.0,692.0,11.399999999999999,3.4000000000000004,10310.800000000001,-0.9455185755993168,-0.32556815445715664,0.9431964659565865,-0.3322354987159046,0,0,991,11.12,14.2,3.05,7.19,193.88,81.46,0
2025-04-22,13.6,5.5,20.7,6.4,13.1,0.6,0.0,74,957.4,20.0,482.0,15.2,4.4,3084.8,-0.5591929034707466,0.8290375725550418,0.9373419384643773,-0.3484108069446806,0,0,992,13.7,18.0,4.79,10.0,243.38,73.42,0
2025-04-23,14.2,7.8,21.3,8.5,15.2,0.5,0.0,66,955.7,10.0,626.0,13.5,3.8000000000000007,5321.0,-0.8910065241883678,-0.45399049973954697,0.9312100364121947,-0.3644830148102912,0,0,993,11.81,13.16,5.13,10.03,206.38,77.96,0
2025-04-24,12.8,6.6,18.9,10.8,15.2,0.0,0.0,65,957.6,10.0,501.0,12.299999999999999,5.199999999999999,5410.8,0.8090169943749475,0.5877852522924731,0.9248025743285089,-0.38044736628785186,0,0,994,11.04,14.27,4.38,9.86,205.75,71.62,0
2025-04-25,14.6,7.6,21.3,9.2,12.9,0.2,0.0,57,955.8,75.0,700.0,13.700000000000001,3.4000000000000004,6439.999999999999,0.5150380749100544,-0.8571673007021122,0.9181214482844365,-0.39629913726891797,0,0,995,9.1,15.64,4.33,12.63,182.12,76.58,0
2025-04-26,16.8,9.6,23.0,13.7,20.1,0.0,0.0,42,951.0,55.0,865.0,13.4,1.1999999999999993,11850.5,0.12186934340514755,-0.992546151641322,0.9111686353326631,-0.41203363695942635,0,1,996,5.46,8.08,3.5,8.57,165.33,84.25,0
2025-04-27,20.0,14.5,27.8,21.5,34.8,0.1,0.0,37,944.8,320.0,1226.0,13.3,0.0,26359.0,-0.5591929034707467,-0.8290375725550418,0.9039461929224011,-0.42764620926777464,0,1,997,7.49,19.93,2.58,7.31,153.29,92.46,0
2025-04-28,18.2,11.1,24.1,15.1,22.0,0.2,0.0,59,947.7,130.0,645.0,13.000000000000002,0.0,9739.5,-0.6819983600624984,-0.7313537016191706,0.8964562582905575,-0.44313223418263453,0,0,998,7.86,16.47,3.0,9.52,162.25,85.83,0
2025-04-29,11.0,5.0,14.7,17.6,27.2,0.0,0.0,51,951.8,190.0,1013.0,9.7,7.0,17828.800000000003,-0.9925461516413221,-0.12186934340514717,0.8887010478292913,-0.45848712914008805,0,0,999,5.74,7.91,2.3,6.74,162.92,85.83,0
2025-04-30,6.0,1.3,10.6,10.2,17.1,0.0,0.0,48,962.3,175.0,894.0,9.299999999999999,12.0,9118.8,-0.9510565162951536,0.30901699437494723,0.8806828564301475,-0.47370635037968,0,0,1000,5.3,5.77,2.85,7.26,189.33,81.92,0
2025-05-01,8.4,0.1,15.8,7.7,12.1,0.0,0.0,49,959.3,50.0,453.0,15.700000000000001,9.6,3488.1,0.9902680687415704,0.13917310096006547,0.8724040568049614,-0.48878539428899226,0,0,1001,5.55,5.83,3.57,8.46,205.04,68.08,0
2025-05-02,11.3,4.6,17.9,8.5,20.6,0.0,0.0,45,956.9,15.0,927.0,13.299999999999999,6.699999999999999,7879.5,-0.5591929034707466,0.8290375725550418,0.8638670987837349,-0.503719798736334,0,0,1002,5.99,7.37,3.65,6.46,197.79,75.38,0
2025-05-03,12.6,5.3,18.8,8.0,15.1,0.0,0.0,48,961.7,30.0,666.0,13.5,5.4,5328.0,0.9135454576426009,-0.40673664307580026,0.8550745085896932,-0.518505144391157,0,1,1003,5.45,5.86,3.75,8.97,206.42,71.79,0
2025-05-04,17.2,10.3,23.4,17.0,26.6,0.7,0.0,35,950.0,170.0,726.0,13.099999999999998,0.8000000000000007,12342.0,-0.48480962024633695,-0.8746197071393959,0.8460288880917337,-0.5331370560318094,0,1,1004,3.0,7.95,3.23,8.24,162.96,84.67,0
2025-05-05,15.1,9.2,20.0,10.4,17.1,0.0,0.0,44,952.2,30.0,895.0,10.8,2.9000000000000004,9308.0,-0.4848096202463369,0.8746197071393959,0.8367329140344921,-0.5476112038402312,0,0,1005,4.03,4.57,3.58,6.89,192.92,82.04,0
2025-05-06,16.6,8.2,23.4,5.6,10.1,0.0,0.0,45,955.5,15.0,681.0,15.2,1.3999999999999986,3813.6,-0.6018150231520484,-0.7986355100472928,0.8271893372462497,-0.5619233046832195,0,0,1006,7.64,7.84,5.5,15.19,229.88,89.46,0
2025-05-07,18.6,10.3,25.4,5.3,10.7,0.0,0.0,45,950.1,10.0,687.0,15.099999999999998,0.0,3641.1,0.6691306063588585,-0.743144825477394,0.8174009818249192,-0.5760691233798755,0,0,1007,14.22,15.0,8.23,22.35,221.42,84.75,0
2025-05-08,21.0,11.8,28.9,10.4,16.4,0.0,0.0,37,946.0,25.0,709.0,17.099999999999998,0.0,7373.6,0.7431448254773942,-0.6691306063588582,0.8073707443023492,-0.5900444739548627,0,0,1008,8.62,11.28,5.91,12.52,179.96,84.04,0
2025-05-09,20.2,15.0,26.3,11.4,22.7,0.0,0.0,39,943.6,35.0,501.0,11.3,0.0,5711.400000000001,-0.39073112848927355,-0.9205048534524404,0.7971015927871941,-0.6038452208771039,0,0,1009,11.17,22.9,5.53,11.61,169.21,77.33,0
2025-05-10,17.1,12.7,22.8,16.9,27.0,3.0,0.0,64,948.3,205.0,809.0,10.100000000000001,0.8999999999999986,13672.099999999999,-0.9205048534524403,-0.3907311284892738,0.7865965660866021,-0.6174672802835514,0,1,1010,7.33,10.41,2.95,6.76,158.67,80.46,0
2025-05-11,15.3,10.9,19.6,13.2,22.0,0.0,0.0,67,952.7,100.0,789.0,8.700000000000001,2.6999999999999993,10414.8,-0.9271838545667874,0.37460659341591196,0.7758587728069828,-0.6309066211876704,0,1,1011,8.58,9.16,3.02,5.86,171.25,69.5,0
2025-05-12,16.7,9.0,22.7,4.8,10.3,0.0,0.0,60,956.6,10.0,575.0,13.7,1.3000000000000007,2760.0,0.45399049973954686,-0.8910065241883678,0.7648913904341226,-0.6441592666722685,0,0,1012,15.84,16.71,5.62,21.39,199.08,75.29,0
2025-05-13,21.6,13.3,28.7,9.9,14.8,0.0,0.0,41,952.7,25.0,728.0,15.399999999999999,0.0,7207.2,-0.34202014332566866,-0.9396926207859084,0.753697664392914,-0.6572212950663319,0,0,1013,6.94,6.98,5.5,12.35,179.29,85.25,0
2025-05-14,23.8,15.8,30.8,9.8,12.7,0.0,0.0,33,950.7,15.0,824.0,15.0,0.0,8075.200000000001,-0.5591929034707467,-0.8290375725550418,0.742280907086982,-0.6700888411055113,0,0,1014,5.05,6.17,5.14,9.35,166.12,82.42,0
2025-05-15,25.7,16.1,33.4,7.6,11.1,0.0,0.0,30,952.9,20.0,771.0,17.299999999999997,0.0,5859.599999999999,-0.2588190451025208,-0.9659258262890683,0.7306444969184914,-0.6827580970759151,0,0,1015,6.39,7.65,5.7,9.93,161.96,82.88,0
2025-05-16,27.5,19.2,34.7,10.2,15.5,0.0,0.0,24,951.5,25.0,752.0,15.500000000000004,0.0,7670.4,-0.5591929034707467,-0.8290375725550418,0.7187918772884229,-0.6952253139408725,0,0,1016,3.87,4.08,4.71,8.24,155.79,88.04,0
2025-05-17,27.9,21.1,35.1,16.3,24.8,0.0,0.0,27,943.0,75.0,1221.0,14.0,0.0,19902.3,-0.5735764363510462,-0.8191520442889918,0.7067265555776159,-0.7074868024503348,0,1,1017,2.5,4.02,2.89,6.38,144.88,90.17,0
2025-05-18,16.2,9.1,19.8,18.4,36.6,17.2,0.0,70,938.6,195.0,966.0,10.700000000000001,1.8000000000000007,17774.399999999998,-0.9816271834476639,0.1908089953765451,0.6944521021088763,-0.719538934232584,0,1,1018,6.76,12.32,3.43,9.21,150.58,85.62,0
2025-05-19,13.1,9.4,16.9,11.0,21.8,0.7,0.0,62,954.9,40.0,1103.0,7.499999999999998,4.9,12133.0,-0.37460659341591235,0.9271838545667873,0.6819721490904626,-0.7313781428679257,0,0,1019,10.19,10.79,3.37,5.09,204.12,76.62,0
2025-05-20,14.9,7.6,20.7,8.4,11.4,0.0,0.0,59,956.4,35.0,744.0,13.1,3.0999999999999996,6249.6,0.3255681544571566,-0.9455185755993168,0.6692903895412567,-0.7430009249440493,0,0,1020,13.82,14.67,6.72,14.83,178.96,81.83,0
2025-05-21,18.2,11.8,23.7,11.5,17.7,0.0,0.0,49,952.8,10.0,841.0,11.899999999999999,0.0,9671.5,-0.5150380749100542,-0.8571673007021123,0.6564105761979381,-0.7544038410927472,0,0,1021,5.47,7.95,3.32,7.26,190.62,89.75,0
2025-05-22,20.5,11.8,26.9,12.7,21.5,0.1,0.0,44,948.6,40.0,920.0,15.099999999999998,0.0,11684.0,0.5591929034707469,-0.8290375725550416,0.6433365204044917,-0.765583517007675,0,0,1022,4.19,6.42,4.11,7.28,169.38,86.33,0
2025-05-23,18.3,13.4,22.4,19.9,29.3,0.0,0.0,46,944.1,305.0,1371.0,8.999999999999998,0.0,27282.899999999998,-0.90630778703665,-0.42261826174069916,0.630072090984369,-0.7765366444428653,0,0,1023,5.34,8.9,2.15,5.69,148.92,97.04,0
2025-05-24,14.6,11.0,18.8,13.6,19.1,7.6,0.0,63,949.0,150.0,977.0,7.800000000000001,3.4000000000000004,13287.199999999999,-0.9993908270190958,0.03489949670250128,0.6166212130956382,-0.7872599821916922,0,1,1024,9.83,10.2,2.63,5.75,159.62,89.29,0
2025-05-25,12.9,8.6,17.4,9.2,13.6,1.7,0.0,64,948.3,95.0,597.0,8.799999999999999,5.1,5492.4,0.3090169943749474,0.9510565162951535,0.6029878670694714,-0.7977503570459932,0,1,1025,14.1,14.49,5.75,13.89,188.62,76.25,0
2025-05-26,10.4,5.6,14.7,15.2,20.7,0.0,0.0,58,953.5,105.0,1138.0,9.1,7.6,17297.6,0.15643446504023087,0.9876883405951378,0.5891760872322963,-0.8080046647350754,0,0,1026,9.08,9.45,3.89,10.68,150.17,76.67,0
2025-05-27,11.5,8.4,15.2,9.2,13.5,0.0,0.0,46,959.9,15.0,798.0,6.799999999999999,6.5,7341.599999999999,-0.05233595624294437,0.9986295347545738,0.5751899607119779,-0.8180198708443172,0,0,1027,8.33,8.92,2.88,5.29,161.96,84.46,0
2025-05-28,16.8,8.6,24.1,15.4,22.3,0.2,0.0,43,955.5,150.0,946.0,15.500000000000002,1.1999999999999993,14568.4,-0.7771459614569708,0.6293203910498375,0.5610336262283677,-0.8277930117131022,0,0,1028,6.73,7.15,2.56,5.57,156.79,85.5,0
2025-05-29,16.2,9.2,21.7,12.5,15.8,0.0,0.0,47,956.7,130.0,749.0,12.5,1.8000000000000007,9362.5,0.6427876096865393,0.766044443118978,0.5467112728685936,-0.8373211953118124,0,0,1029,5.62,5.93,3.11,8.2,159.62,79.62,0
2025-05-30,18.7,11.9,23.8,13.4,22.7,0.0,0.0,47,953.7,25.0,1119.0,11.9,0.0,14994.6,0.374606593415912,0.9271838545667874,0.5322271388474397,-0.8466016020976267,0,0,1030,6.96,8.05,3.78,4.38,175.54,80.29,0
2025-05-31,19.8,11.6,26.7,7.6,18.6,0.0,0.0,40,956.1,30.0,1041.0,15.1,0.0,7911.599999999999,0.42261826174069944,0.9063077870366499,0.5175855102531889,-0.8556314858488706,0,1,1031,6.05,7.89,3.65,6.0,177.92,83.88,0
2025-06-01,20.2,13.3,27.4,4.9,18.4,1.6,0.0,50,955.2,20.0,738.0,14.099999999999998,0.0,3616.2000000000003,0.6560590289905073,-0.754709580222772,0.5027907197793039,-0.864408174477665,0,1,1032,14.53,18.71,5.18,10.91,186.08,94.75,0
2025-06-02,19.3,12.7,26.2,4.6,16.6,0.2,0.0,58,950.8,15.0,643.0,13.5,0.0,2957.7999999999997,0.9335804264972017,-0.35836794954530027,0.4878471454423119,-0.8729290708206411,0,0,1033,17.01,18.9,5.95,15.73,193.83,100.54,0
2025-06-03,21.2,12.8,28.0,7.9,14.4,0.0,0.0,49,947.4,25.0,872.0,15.2,0.0,6888.8,-0.32556815445715676,-0.9455185755993167,0.47275920928627757,-0.881191653407483,0,0,1034,11.8,13.59,6.1,11.65,177.29,93.0,0
2025-06-04,23.6,16.5,29.9,13.7,26.2,0.2,0.0,39,944.7,15.0,952.0,13.399999999999999,0.0,13042.4,-0.4226182617406993,-0.90630778703665,0.4575313760742512,-0.8891934772070711,0,0,1035,11.1,29.44,4.65,9.24,153.67,89.5,0
2025-06-05,21.8,16.8,24.7,13.4,29.5,0.0,0.0,38,945.8,100.0,1064.0,7.899999999999999,0.0,14257.6,-0.9993908270190958,0.03489949670250128,0.44216815196707204,-0.8969321743510065,0,0,1036,8.61,13.38,3.19,7.25,161.25,97.25,0
2025-06-06,23.4,14.5,29.9,10.0,19.0,0.0,0.0,36,949.0,30.0,852.0,15.399999999999999,0.0,8520.0,0.992546151641322,0.12186934340514749,0.42667408318992467,-0.9044054548343001,0,0,1037,6.15,6.22,5.92,9.05,172.08,91.08,0
2025-06-07,22.2,18.1,26.1,10.1,18.0,0.7,0.0,48,947.8,110.0,374.0,8.0,0.0,3777.4,0.788010753606722,-0.6156614753256583,0.41105375468703553,-0.9116111071930236,0,1,1038,20.95,41.43,5.27,11.88,171.33,86.75,0
2025-06-08,19.8,14.5,26.6,15.1,24.0,3.0,0.0,67,949.4,135.0,790.0,12.100000000000001,0.0,11929.0,-0.9902680687415703,-0.13917310096006583,0.3953117887649151,-0.9185469991587165,0,1,1039,18.43,27.56,3.25,5.9,161.5,78.33,0
2025-06-09,17.0,14.0,21.1,17.7,20.5,0.2,0.0,71,953.7,405.0,702.0,7.100000000000001,1.0,12425.4,0.788010753606722,0.6156614753256583,0.37945284372454396,-0.9252110782893581,0,0,1040,21.53,23.35,3.78,14.13,146.04,79.33,0
2025-06-10,19.5,13.3,25.1,15.8,20.7,0.0,0.0,53,953.3,260.0,708.0,11.8,0.0,11186.4,0.9612616959383189,0.27563735581699916,0.36348161248290634,-0.9316013725767187,0,0,1041,17.24,19.54,2.09,4.65,154.92,83.21,0
2025-06-11,23.6,15.7,30.4,9.4,15.2,0.0,0.0,40,952.5,105.0,951.0,14.7,0.0,8939.4,0.9396926207859084,-0.3420201433256687,0.3474028211842774,-0.9377159910299093,0,0,1042,11.45,14.09,2.82,6.16,176.29,85.33,0
2025-06-12,23.3,17.0,28.4,8.0,12.3,0.0,0.0,43,953.0,60.0,640.0,11.399999999999999,0.0,5120.0,-0.06975647374412527,-0.9975640502598242,0.33122122780168606,-0.9435531242349545,0,0,1043,22.64,32.17,5.62,14.72,174.08,89.0,0
2025-06-13,22.8,18.0,27.8,6.3,9.3,0.2,0.0,51,951.9,65.0,460.0,9.8,0.0,2898.0,-0.5000000000000001,-0.8660254037844386,0.3149416207289515,-0.9491110448902285,0,0,1044,19.46,26.42,6.28,14.27,206.33,92.33,0
2025-06-14,22.3,16.5,27.2,7.3,18.8,1.9,0.0,56,949.0,75.0,616.0,10.7,0.0,4496.8,-0.981627183447664,-0.1908089953765446,0.2985688173637198,-0.9543881083175909,0,1,1045,13.2,16.47,4.16,9.5,194.21,91.88,0
2025-06-15,21.9,17.1,26.8,7.6,15.7,2.2,0.0,61,947.1,20.0,717.0,9.7,0.0,5449.2,-0.6427876096865396,0.7660444431189778,0.2821076626819194,-0.9593827529490743,0,1,1046,12.46,14.53,3.85,7.33,194.33,85.29,0
2025-06-16,23.9,17.4,28.7,6.4,14.0,0.0,0.0,54,948.0,15.0,935.0,11.3,0.0,5984.0,0.25881904510252074,0.9659258262890683,0.2655630278040555,-0.9640935007889756,0,0,1047,9.57,10.86,3.12,4.29,223.88,79.54,0
2025-06-17,25.9,18.5,31.9,8.2,11.9,0.3,0.0,44,946.2,55.0,970.0,13.399999999999999,0.0,7953.999999999999,0.788010753606722,-0.6156614753256583,0.248939808553767,-0.9685189578512203,0,0,1048,13.45,14.58,3.43,9.67,170.46,92.75,0
2025-06-18,28.3,20.2,34.9,9.2,22.9,0.0,0.0,33,943.2,55.0,1048.0,14.7,0.0,9641.599999999999,-0.754709580222772,-0.6560590289905073,0.23224292400907015,-0.9726578145718654,0,0,1049,9.12,13.54,4.58,10.17,173.46,94.92,0
2025-06-19,26.5,21.7,30.7,15.8,26.2,0.3,0.0,36,940.2,85.0,1257.0,9.0,0.0,19860.600000000002,-0.6691306063588582,-0.7431448254773942,0.21547731504673012,-0.976508846196619,0,0,1050,10.7,17.87,3.94,8.23,173.12,92.88,0
2025-06-20,22.5,17.3,28.7,15.7,26.4,0.0,0.0,43,943.3,35.0,1282.0,11.399999999999999,0.0,20127.399999999998,-0.6293203910498376,-0.7771459614569708,0.19864794288017112,-0.9800709131432666,0,0,1051,12.9,26.77,4.9,10.28,204.96,91.83,0
2025-06-21,21.5,15.8,27.1,20.4,30.8,0.4,0.0,45,946.0,25.0,1506.0,11.3,0.0,30722.399999999998,-0.90630778703665,-0.42261826174069916,0.18175978759137534,-0.9833429613388902,0,1,1052,11.35,13.67,2.82,6.22,194.38,91.04,0
2025-06-22,23.7,17.2,30.2,12.9,20.8,0.4,0.0,43,945.9,30.0,1045.0,13.0,0.0,13480.5,-0.874619707139396,-0.48480962024633684,0.16481784665719793,-0.9863240225317866,0,1,1053,8.21,8.8,4.6,7.38,200.67,78.79,0
2025-06-23,20.5,16.2,25.3,13.5,22.0,0.5,0.0,50,942.7,65.0,804.0,9.100000000000001,0.0,10854.0,-0.981627183447664,-0.1908089953765446,0.14782713347053003,-0.9890132145779884,0,0,1054,9.0,16.48,4.68,8.52,194.21,82.67,0
2025-06-24,19.2,13.3,23.6,9.8,14.4,0.3,0.0,54,944.8,80.0,930.0,10.3,0.0,9114.0,-0.9781476007338056,-0.2079116908177598,0.13079267585675877,-0.9914097417023039,0,0,1055,12.22,12.44,3.59,7.61,205.54,82.46,0
2025-06-25,17.4,13.9,20.9,13.2,18.5,2.0,0.0,73,944.5,45.0,665.0,6.999999999999998,0.6000000000000014,8778.0,0.7313537016191705,0.6819983600624985,0.11371951458594924,-0.9935128947338007,0,0,1056,11.05,11.22,3.17,9.5,202.12,81.08,0
2025-06-26,16.1,13.7,20.1,16.7,24.7,21.7,0.0,83,942.4,275.0,585.0,6.400000000000002,1.8999999999999986,9769.5,0.984807753012208,0.17364817766693041,0.0966127018812031,-0.9953220513156602,0,0,1057,9.18,9.72,2.42,3.97,190.58,73.54,0
2025-06-27,15.8,12.7,19.2,12.4,18.4,7.1,0.0,80,945.4,40.0,569.0,6.5,2.1999999999999993,7055.6,-0.40673664307580015,0.9135454576426009,0.07947729992362142,-0.9968366760893435,0,0,1058,10.78,11.4,4.43,8.63,210.33,72.46,0
2025-06-28,19.2,12.1,24.8,10.3,20.9,0.0,0.0,62,942.8,60.0,670.0,12.700000000000001,0.0,6901.000000000001,0.2923717047227366,-0.9563047559630355,0.062318379354325076,-0.998056320853012,0,1,1059,13.44,13.87,5.41,13.36,183.58,80.0,0
2025-06-29,17.3,13.7,21.6,12.2,19.4,6.4,0.0,73,936.9,40.0,737.0,7.900000000000002,0.6999999999999993,8991.4,-0.7313537016191703,-0.6819983600624986,0.04514101777397193,-0.9989806246941579,0,1,1060,10.77,16.7,3.43,8.75,166.21,82.17,0
2025-06-30,16.3,12.4,20.2,10.8,14.5,1.9,0.0,77,937.3,80.0,680.0,7.799999999999999,1.6999999999999993,7344.000000000001,-0.9781476007338056,-0.2079116908177598,0.027950298240209875,-0.9996093140964041,0,0,1061,9.78,10.42,3.63,7.87,180.04,75.75,0
2025-07-01,19.3,13.1,24.3,7.3,11.5,0.3,0.0,69,944.3,30.0,624.0,11.200000000000001,0.0,4555.2,-0.992546151641322,0.12186934340514768,0.01075130776352193,-0.9999422030204416,0,0,1062,8.3,9.9,4.4,7.42,192.88,75.46,0
2025-07-02,21.6,14.6,26.6,5.1,8.2,0.0,0.0,64,949.5,15.0,639.0,12.000000000000002,0.0,3258.8999999999996,-0.544639035015027,0.838670567945424,-0.00645086419810515,-0.9999791929590823,0,0,1063,9.77,12.01,6.35,8.54,239.29,79.33,0
2025-07-03,23.7,16.4,29.1,5.2,13.6,0.0,0.0,57,950.4,30.0,686.0,12.700000000000003,0.0,3567.2000000000003,0.9743700647852352,-0.22495105434386503,-0.023651127245231586,-0.9997202729664083,0,0,1064,7.68,8.55,5.88,10.64,211.42,87.83,0
2025-07-04,26.3,18.9,33.4,12.8,18.4,0.0,0.0,41,944.2,130.0,755.0,14.5,0.0,9664.0,0.45399049973954686,-0.8910065241883678,-0.040844391543296554,-0.9991655196610109,0,0,1065,6.7,8.17,3.4,7.88,161.5,93.88,0
2025-07-05,20.1,17.1,25.1,15.8,24.6,1.5,0.0,60,940.1,190.0,964.0,8.0,0.0,15231.2,-0.9135454576426011,0.40673664307579976,-0.05802556932878035,-0.9983150972033183,0,1,1066,10.3,12.49,2.66,5.37,160.0,86.04,0
2025-07-06,20.1,14.7,24.9,11.6,19.6,0.0,0.0,57,944.3,60.0,995.0,10.2,0.0,11542.0,-0.9396926207859083,0.342020143325669,-0.07518957641475855,-0.9971692572470178,0,1,1067,9.41,9.49,3.36,6.15,174.04,81.92,0
2025-07-07,20.5,15.7,25.6,9.9,23.0,3.8,0.0,63,943.9,45.0,616.0,9.900000000000002,0.0,6098.400000000001,-0.9205048534524405,0.3907311284892735,-0.09233133369539166,-0.9957283388645872,0,0,1068,9.1,9.66,4.28,7.17,185.04,78.25,0
2025-07-08,19.6,14.5,23.7,12.0,18.9,0.0,0.0,54,947.9,285.0,904.0,9.2,0.0,10848.0,0.573576436351046,0.8191520442889918,-0.10944576864891511,-0.9939927684469582,0,0,1069,13.67,13.9,2.68,3.59,165.58,70.79,0
2025-07-09,18.2,15.2,22.2,13.7,18.8,1.2,0.0,55,948.2,340.0,831.0,7.0,0.0,11384.699999999999,0.848048096156426,0.5299192642332049,-0.12652781683868314,-0.9919630595773397,0,0,1070,14.64,14.92,4.26,12.65,159.88,70.08,0
2025-07-10,19.7,14.9,24.0,11.3,17.9,0.0,0.0,47,948.5,35.0,1141.0,9.1,0.0,12893.300000000001,0.6427876096865393,0.766044443118978,-0.14357242341181176,-0.9896398128792412,0,0,1071,14.5,14.85,3.88,9.08,163.46,75.83,0
2025-07-11,20.9,13.5,26.8,9.2,18.5,0.4,0.0,56,949.4,35.0,959.0,13.3,0.0,8822.8,-0.9986295347545738,-0.052335956242944306,-0.1605745445949942,-0.9870237158387382,0,0,1072,14.49,14.99,4.71,7.22,184.46,79.21,0
2025-07-12,20.9,16.7,25.5,12.9,18.0,0.0,0.0,55,948.6,55.0,984.0,8.8,0.0,12693.6,-0.945518575599317,0.3255681544571563,-0.17752914918703497,-0.984115542601034,0,1,1073,11.21,11.38,3.74,7.31,167.92,77.71,0
2025-07-13,20.1,13.6,26.0,11.8,19.6,0.0,0.0,46,946.8,70.0,1050.0,12.4,0.0,12390.0,-0.9998476951563913,0.01745240643728313,-0.19443122004766195,-0.9809161537413774,0,1,1074,12.29,12.44,5.17,10.72,162.46,80.04,0
2025-07-14,19.7,13.6,24.8,9.9,15.2,0.0,0.0,45,945.3,100.0,1262.0,11.200000000000001,0.0,12493.800000000001,-0.6691306063588581,0.7431448254773944,-0.21127575558218015,-0.9774264960104053,0,0,1075,13.08,13.3,3.43,5.84,161.04,69.08,0
2025-07-15,21.2,14.4,26.7,6.7,12.3,0.0,0.0,44,945.0,30.0,1090.0,12.299999999999999,0.0,7303.0,-0.8829475928589271,0.4694715627858904,-0.22805777122152024,-0.9736476020539838,0,0,1076,15.18,15.45,5.85,9.35,184.54,65.33,0
2025-07-16,23.9,15.7,30.1,7.8,14.9,0.0,0.0,38,945.5,50.0,1047.0,14.400000000000002,0.0,8166.599999999999,-0.13917310096006588,0.9902680687415703,-0.24477230089725957,-0.9695805901076308,0,0,1077,10.25,10.41,4.89,8.34,184.88,76.83,0
2025-07-17,26.8,20.8,33.2,14.2,21.4,0.0,0.0,31,944.9,95.0,1182.0,12.400000000000002,0.0,16784.399999999998,-0.8571673007021121,-0.5150380749100544,-0.2614143985111566,-0.9652266636656129,0,0,1078,4.19,5.28,3.39,6.44,168.12,89.96,0
2025-07-18,27.0,19.4,33.0,9.2,16.0,0.2,0.0,35,946.2,115.0,1095.0,13.600000000000001,0.0,10074.0,0.2756373558169992,-0.9612616959383189,-0.2779791393987797,-0.960587111124813,0,0,1079,5.97,6.43,4.15,10.25,167.58,91.96,0
2025-07-19,22.5,17.3,26.2,14.3,19.3,0.2,0.0,51,944.5,55.0,1060.0,8.899999999999999,0.0,15158.0,-0.5000000000000004,0.8660254037844384,-0.2944616217868008,-0.9556633054034706,0,1,1080,9.56,11.88,2.76,5.27,172.12,89.25,0
2025-07-20,18.9,13.0,24.2,12.6,15.2,0.0,0.0,46,953.0,145.0,882.0,11.2,0.0,11113.199999999999,0.5877852522924731,0.8090169943749475,-0.31085696824350406,-0.9504567035349148,0,1,1081,10.85,11.14,2.31,3.45,166.96,71.17,0
2025-07-21,21.9,14.1,27.8,8.1,13.5,0.0,0.0,39,953.6,35.0,904.0,13.700000000000001,0.0,7322.4,0.20791169081775934,0.9781476007338057,-0.3271603271220951,-0.9449688462364056,0,0,1082,4.27,4.33,4.41,5.91,168.04,76.0,0
2025-07-22,23.9,16.4,29.9,8.9,17.8,0.0,0.0,33,953.0,95.0,1078.0,13.5,0.0,9594.2,0.992546151641322,0.12186934340514749,-0.34336687399638804,-0.939201357453208,0,0,1083,7.35,7.43,3.33,9.96,170.12,86.83,0
2025-07-23,25.1,19.3,29.4,8.3,16.0,0.0,0.0,27,946.1,190.0,691.0,10.099999999999998,0.0,5735.3,0.90630778703665,-0.42261826174069933,-0.3594718130884232,-0.9331559438780432,0,0,1084,7.04,7.25,3.73,12.19,152.5,81.21,0
2025-07-24,26.0,21.0,31.4,12.8,23.2,0.0,0.0,28,940.5,155.0,1040.0,10.399999999999999,0.0,13312.0,-0.017452406437283637,-0.9998476951563913,-0.37547037868762057,-0.9268343944460492,0,0,1085,5.35,7.06,2.71,6.53,158.67,90.88,0
2025-07-25,26.6,20.4,34.3,11.6,26.0,0.1,0.0,32,937.3,40.0,890.0,13.899999999999999,0.0,10324.0,-0.7431448254773944,-0.6691306063588581,-0.39135783656102635,-0.9202385798054074,0,0,1086,8.28,9.73,4.4,9.3,162.12,90.0,0
2025-07-26,24.4,20.1,30.4,12.0,23.8,0.3,0.0,49,937.9,55.0,793.0,10.299999999999997,0.0,9516.0,-0.6293203910498376,-0.7771459614569708,-0.4071294853542516,-0.9133704517637858,0,1,1087,12.81,14.35,4.71,10.4,182.58,88.04,0
2025-07-27,23.0,18.2,27.8,17.4,33.5,1.1,0.0,51,938.3,125.0,1113.0,9.600000000000001,0.0,19366.199999999997,-0.5150380749100542,-0.8571673007021123,-0.4227806579826777,-0.9062320427107696,0,1,1088,9.93,29.53,3.63,8.4,175.17,88.58,0
2025-07-28,22.5,15.5,29.0,11.1,22.0,0.0,0.0,50,942.3,75.0,1154.0,13.5,0.0,12809.4,-0.4539904997395467,-0.8910065241883679,-0.43830672301251883,-0.8988254650164442,0,0,1089,9.48,16.45,3.94,9.15,169.96,86.21,0
2025-07-29,19.6,16.6,24.0,12.1,21.7,6.1,0.0,67,940.3,35.0,869.0,7.399999999999999,0.0,10514.9,-0.4067366430758002,-0.9135454576426009,-0.45370308603134385,-0.8911529104063091,0,0,1090,11.62,15.17,3.82,9.43,175.42,86.17,0
2025-07-30,18.3,15.2,22.2,7.0,12.0,4.5,0.0,68,938.4,40.0,576.0,7.0,0.0,4032.0,-0.882947592858927,-0.46947156278589075,-0.46896519100763223,-0.8832166493127125,0,0,1091,13.91,23.82,5.58,13.73,192.96,78.12,0
2025-07-31,18.9,14.7,23.0,8.4,17.6,1.5,0.0,70,939.2,20.0,638.0,8.3,0.0,5359.2,-0.7313537016191703,-0.6819983600624986,-0.48408852163897625,-0.8750190302029953,0,0,1092,11.05,11.71,5.88,10.24,205.79,68.33,0
2025-08-01,17.9,13.8,22.5,8.7,17.1,1.8,0.0,77,940.4,25.0,468.0,8.7,0.10000000000000142,4071.5999999999995,-0.8660254037844384,-0.5000000000000004,-0.49906860268853154,-0.8665624788845387,0,0,1093,9.24,9.53,5.32,9.64,196.79,70.17,0
2025-08-02,18.5,13.3,23.3,8.3,15.4,1.6,0.0,77,943.2,10.0,626.0,10.0,0.0,5195.8,-0.3907311284892739,0.9205048534524403,-0.5139010013093103,-0.8578494977869301,0,1,1094,9.82,10.17,4.59,5.95,188.38,70.04,0
2025-08-03,17.4,13.3,21.9,12.7,19.3,0.3,0.0,67,950.2,240.0,846.0,8.599999999999998,0.6000000000000014,10744.199999999999,0.10452846326765347,0.9945218953682733,-0.5285813283559295,-0.8488826652214551,0,1,1095,8.49,8.69,2.4,2.91,182.25,62.42,0
2025-08-04,14.1,9.8,18.4,10.2,14.6,0.0,0.0,55,955.4,95.0,898.0,8.599999999999998,3.9000000000000004,9159.599999999999,0.24192189559966773,0.9702957262759965,-0.5431052396834317,-0.8396646346181327,0,0,1096,9.74,9.87,2.86,3.64,180.83,61.88,0
2025-08-05,15.1,8.5,21.0,5.0,11.4,0.0,0.0,54,955.6,15.0,846.0,12.5,2.9000000000000004,4230.0,-0.8090169943749476,0.5877852522924729,-0.5574684374327892,-0.8301981337405212,0,0,1097,13.78,13.98,5.79,7.48,202.46,64.5,0
2025-08-06,17.8,11.8,24.1,15.2,22.8,2.2,0.0,54,949.9,50.0,796.0,12.3,0.1999999999999993,12099.199999999999,-0.9993908270190958,-0.03489949670250076,-0.5716666713027055,-0.8204859638785325,0,0,1098,10.04,11.01,3.91,8.25,175.58,78.71,0
2025-08-07,18.2,10.9,24.9,9.0,13.6,0.3,0.0,55,947.8,75.0,532.0,13.999999999999998,0.0,4788.0,0.9702957262759965,0.24192189559966767,-0.5856957398073511,-0.8105309990194821,0,0,1099,8.75,8.94,4.88,14.39,184.5,73.88,0
2025-08-08,18.8,13.2,24.6,9.8,18.6,14.9,0.0,69,945.1,45.0,651.0,11.400000000000002,0.0,6379.8,0.17364817766693033,0.984807753012208,-0.5995514915196486,-0.8003361849976326,0,0,1100,8.72,12.57,3.95,7.65,175.04,78.38,0
2025-08-09,15.8,12.4,19.9,12.7,16.3,0.2,0.0,63,949.6,65.0,797.0,7.499999999999998,2.1999999999999993,10121.9,0.6018150231520483,0.7986355100472928,-0.6132298262997502,-0.7899045386224707,0,1,1101,8.83,9.06,2.93,7.33,165.29,63.88,0
2025-08-10,16.1,10.5,20.8,5.4,8.8,0.0,0.0,66,953.2,25.0,586.0,10.3,1.8999999999999986,3164.4,0.48480962024633706,0.8746197071393957,-0.6267266965083305,-0.7792391467859883,0,1,1102,10.76,11.1,4.18,4.07,196.33,56.79,0
2025-08-11,18.6,11.8,24.7,8.3,16.8,0.0,0.0,54,951.2,45.0,704.0,12.899999999999999,0.0,5843.200000000001,0.9205048534524403,-0.39073112848927377,-0.6400381082043503,-0.7683431655492202,0,0,1103,10.6,10.87,5.92,9.51,177.75,74.83,0
2025-08-12,18.4,14.6,21.2,21.6,32.5,1.7,0.0,58,943.8,205.0,1120.0,6.6,0.0,24192.0,-0.961261695938319,-0.2756373558169989,-0.6531601223269297,-0.757219819208313,0,0,1104,7.23,7.51,2.24,6.15,162.83,88.42,0
2025-08-13,17.7,11.4,23.6,8.4,11.4,0.0,0.0,65,947.6,15.0,644.0,12.200000000000001,0.3000000000000007,5409.6,-0.7193398003386512,-0.6946583704589973,-0.6660888558609774,-0.7458723993404061,0,0,1105,11.83,11.97,4.67,10.06,200.21,78.54,0
2025-08-14,19.4,14.7,24.4,18.7,26.9,3.2,0.0,54,940.4,105.0,1125.0,9.7,0.0,21037.5,-0.6819983600624984,-0.7313537016191706,-0.6788204829862357,-0.734304263829602,0,0,1106,6.72,9.3,3.4,6.36,192.71,87.79,0
2025-08-15,16.7,13.1,21.3,16.5,24.4,3.1,0.0,72,941.1,250.0,864.0,8.200000000000001,1.3000000000000007,14256.0,-0.8290375725550418,-0.5591929034707466,-0.6913512362094071,-0.722518835873311,0,0,1107,8.34,8.48,3.24,7.64,208.5,85.04,0
2025-08-16,16.0,12.4,20.3,10.9,19.6,3.5,0.0,76,941.2,65.0,578.0,7.9,2.0,6300.2,-0.6293203910498376,-0.7771459614569708,-0.7036774074790131,-0.7105196029692742,0,1,1108,9.62,10.42,3.88,9.35,207.58,81.67,0
2025-08-17,15.6,11.9,20.4,13.9,23.4,3.3,0.0,75,942.4,70.0,658.0,8.499999999999998,2.4000000000000004,9146.2,-0.7880107536067221,-0.6156614753256581,-0.7157953492826645,-0.6983101158835581,0,1,1109,8.12,9.4,3.64,7.33,189.0,75.21,0
2025-08-18,15.4,12.1,19.7,11.4,20.1,8.4,0.0,72,948.0,55.0,590.0,7.6,2.5999999999999996,6726.0,-0.9563047559630353,-0.2923717047227371,-0.7277014757264233,-0.6858939875998227,0,0,1110,9.77,9.88,3.75,6.12,183.79,71.83,0
2025-08-19,16.5,10.9,22.5,8.3,15.1,0.7,0.0,68,950.0,30.0,453.0,11.6,1.5,3759.9000000000005,-0.9702957262759965,-0.24192189559966779,-0.7393922635959241,-0.673274892250183,0,0,1111,9.99,10.67,5.33,8.14,234.54,71.46,0
2025-08-20,19.2,12.7,25.1,5.9,10.8,0.0,0.0,63,946.1,10.0,646.0,12.400000000000002,0.0,3811.4,0.06975647374412552,-0.9975640502598242,-0.7508642533989489,-0.6604565640279754,0,0,1112,13.85,15.31,9.97,16.22,214.88,72.29,0
2025-08-21,20.1,15.3,25.0,9.8,15.0,0.1,0.0,51,942.9,35.0,666.0,9.7,0.0,6526.8,-0.9702957262759965,-0.24192189559966779,-0.7621140503891487,-0.6474427960827475,0,0,1113,4.99,6.94,3.94,7.17,193.71,77.96,0
2025-08-22,16.0,11.6,19.5,11.9,24.0,0.0,0.0,64,944.1,50.0,796.0,7.9,2.0,9472.4,-0.992546151641322,0.12186934340514768,-0.7731383255706027,-0.6342374393978054,0,0,1114,6.31,6.6,3.73,6.18,219.75,71.67,0
2025-08-23,16.8,10.8,21.8,9.8,14.9,1.1,0.0,68,946.9,55.0,548.0,11.0,1.1999999999999993,5370.400000000001,-0.8386705679454243,0.5446390350150266,-0.7839338166829206,-0.6208444016506462,0,1,1115,9.79,11.14,4.33,6.73,223.88,72.75,0
2025-08-24,18.8,12.6,24.2,6.1,14.2,0.2,0.0,64,954.0,10.0,649.0,11.6,0.0,3958.8999999999996,0.08715574274765817,0.9961946980917455,-0.7944973291665992,-0.6072676460566135,0,1,1116,11.56,13.7,4.27,5.16,234.79,72.08,0
2025-08-25,19.1,12.4,24.7,10.0,13.3,0.0,0.0,51,957.2,100.0,567.0,12.299999999999999,0.0,5670.0,0.848048096156426,0.5299192642332049,-0.8048257371083452,-0.593511190196115,0,0,1117,5.86,5.91,3.71,8.95,188.79,72.79,0
2025-08-26,19.9,12.9,26.0,9.9,12.1,0.0,0.0,49,957.8,120.0,624.0,13.1,0.0,6177.6,0.9743700647852352,0.22495105434386492,-0.8149159841660797,-0.5795791048257605,0,0,1118,4.14,4.18,5.26,13.79,181.04,75.12,0
2025-08-27,21.4,13.5,28.6,7.1,11.3,0.0,0.0,42,957.7,10.0,656.0,15.100000000000001,0.0,4657.599999999999,0.90630778703665,-0.42261826174069933,-0.8247650844733614,-0.5654755126737576,0,0,1119,5.0,5.01,4.09,9.64,182.33,84.38,0
2025-08-28,23.8,15.7,30.2,8.4,11.2,0.0,0.0,33,954.8,60.0,543.0,14.5,0.0,4561.2,-0.2079116908177595,-0.9781476007338056,-0.8343701235229537,-0.5512045872199277,0,0,1120,4.98,5.16,4.43,9.93,198.71,87.21,0
2025-08-29,22.7,18.4,26.4,8.9,15.9,0.2,0.0,41,951.0,55.0,648.0,8.0,0.0,5767.2,-0.10452846326765342,0.9945218953682733,-0.8437282590292712,-0.5367705514607103,0,0,1121,6.71,10.17,4.08,7.52,185.04,81.62,0
2025-08-30,16.6,9.9,21.3,14.0,28.7,3.1,0.0,61,945.8,110.0,979.0,11.4,1.3999999999999986,13706.0,-0.5877852522924734,0.8090169943749473,-0.8528367217694589,-0.5221776766595088,0,1,1122,7.8,9.49,4.13,14.04,169.96,82.54,0
2025-08-31,12.3,8.5,15.9,17.5,23.2,0.5,0.0,61,952.1,255.0,1175.0,7.4,5.699999999999999,20562.5,-0.8910065241883679,0.45399049973954664,-0.8616928164028521,-0.5074302810827518,0,1,1123,9.23,9.43,2.66,5.64,166.17,66.21,0
2025-09-01,12.3,9.0,15.8,12.4,19.2,2.1,0.0,77,946.9,245.0,676.0,6.800000000000001,5.699999999999999,8382.4,-0.9876883405951378,0.15643446504023067,-0.8702939222685674,-0.49253272872205434,0,0,1124,8.58,9.46,4.11,8.46,178.67,57.79,0
2025-09-02,11.3,6.4,15.5,12.0,18.5,0.2,0.0,71,950.9,145.0,768.0,9.1,6.699999999999999,9216.0,-0.5000000000000004,0.8660254037844384,-0.8786374941610001,-0.4774894280028391,0,0,1125,7.4,7.6,2.3,3.83,196.12,63.79,0
2025-09-03,13.3,8.3,18.1,5.5,10.5,0.0,0.0,68,956.9,20.0,616.0,9.8,4.699999999999999,3388.0,-0.5591929034707466,0.8290375725550418,-0.886721063082993,-0.46230483047981086,0,0,1126,9.5,10.06,5.89,9.6,226.38,58.71,0
2025-09-04,16.2,10.4,22.0,5.7,9.5,0.0,0.0,62,956.8,25.0,389.0,11.6,1.8000000000000007,2217.3,-0.5735764363510462,-0.8191520442889918,-0.8945422369764496,-0.4469834295196742,0,0,1127,14.05,17.0,6.75,13.99,245.88,64.38,0
2025-09-05,18.0,10.5,24.2,8.4,17.2,0.0,0.0,60,953.2,10.0,538.0,13.7,0.0,4519.2,0.7986355100472928,0.6018150231520483,-0.9020987014301841,-0.43152975897147067,0,0,1128,7.26,14.86,5.26,6.63,275.17,64.71,0
2025-09-06,18.3,12.3,24.0,13.5,19.6,0.0,0.0,53,950.6,190.0,647.0,11.7,0.0,8734.5,0.9961946980917455,-0.08715574274765824,-0.9093882203647925,-0.4159483918249421,0,1,1129,2.82,3.09,2.3,4.92,164.88,76.79,0
2025-09-07,19.1,13.8,25.3,9.6,17.3,0.2,0.0,48,945.7,20.0,696.0,11.5,0.0,6681.599999999999,0.7313537016191706,-0.6819983600624984,-0.9164086366943458,-0.4002439388573056,0,1,1130,5.74,11.92,4.11,9.1,185.5,73.29,0
2025-09-08,14.6,11.2,19.0,10.7,21.3,7.5,0.0,72,940.9,25.0,426.0,7.800000000000001,3.4000000000000004,4558.2,-0.9998476951563913,-0.017452406437283498,-0.9231578729647039,-0.38442104726885545,0,0,1131,9.65,11.73,5.44,9.09,190.17,61.54,0
2025-09-09,13.5,8.8,17.4,8.2,17.6,0.3,0.0,68,949.4,40.0,778.0,8.599999999999998,4.5,6379.599999999999,-0.6691306063588581,0.7431448254773944,-0.9296339319682695,-0.3684843993077793,0,0,1132,9.76,11.38,4.31,8.91,191.75,74.21,0
2025-09-10,13.5,9.8,19.4,10.2,18.2,6.1,0.0,66,948.6,65.0,653.0,9.599999999999998,4.5,6660.599999999999,-0.6018150231520484,-0.7986355100472928,-0.9358348973349941,-0.35243871088460327,0,0,1133,12.53,13.56,6.44,12.14,171.5,66.0,0
2025-09-11,11.2,7.6,14.9,11.5,17.6,0.5,0.0,76,949.5,55.0,678.0,7.300000000000001,6.800000000000001,7797.0,-0.9902680687415704,0.13917310096006547,-0.9417589340994614,-0.3362887301766837,0,0,1134,8.38,8.55,4.09,7.95,176.75,54.92,0
2025-09-12,11.1,7.6,15.5,7.3,13.3,1.3,0.0,83,955.5,30.0,472.0,7.9,6.9,3445.6,0.374606593415912,0.9271838545667874,-0.9474042892438849,-0.32003923622313774,0,0,1135,7.32,7.45,3.81,5.51,195.46,53.21,0
2025-09-13,9.2,5.6,12.6,15.4,19.8,1.7,0.0,71,958.1,255.0,834.0,7.0,8.8,12843.6,0.5877852522924731,0.8090169943749475,-0.9527692922168511,-0.30369503751065885,0,1,1136,6.72,7.19,4.0,10.65,161.25,50.75,0
2025-09-14,7.8,2.2,12.8,11.5,19.0,0.0,0.0,66,964.1,75.0,695.0,10.600000000000001,10.2,7992.5,0.8829475928589269,0.46947156278589086,-0.9578523554276669,-0.28726097055059635,0,1,1137,7.51,7.75,3.64,6.23,173.38,54.08,0
2025-09-15,10.1,3.8,15.9,17.5,23.8,0.0,0.0,62,960.3,220.0,636.0,12.100000000000001,7.9,11130.0,0.992546151641322,0.12186934340514749,-0.9626519747161489,-0.27074189844776336,0,0,1138,6.39,6.59,2.35,3.99,159.38,58.62,0
2025-09-16,11.7,6.1,17.3,11.8,19.0,0.3,0.0,62,951.9,100.0,436.0,11.200000000000001,6.300000000000001,5144.8,0.9743700647852352,-0.22495105434386503,-0.9671667297977312,-0.2541427094613622,0,0,1139,5.49,6.51,4.22,8.55,185.29,64.21,0
2025-09-17,11.0,5.8,14.9,5.8,10.6,0.3,0.0,73,951.8,60.0,476.0,9.100000000000001,7.0,2760.7999999999997,-0.8290375725550418,-0.5591929034707466,-0.97139528468375,-0.23746831555846842,0,0,1140,12.38,15.01,7.99,20.35,185.46,53.08,0
2025-09-18,10.3,6.8,14.2,5.1,10.5,1.3,0.0,84,952.1,40.0,349.0,7.3999999999999995,7.699999999999999,1779.8999999999999,-0.8746197071393956,0.4848096202463373,-0.9753363880767839,-0.22072365096050134,0,0,1141,14.13,16.58,8.55,15.93,230.5,51.71,0
2025-09-19,9.8,6.8,14.2,7.6,15.4,7.2,0.0,84,953.4,45.0,424.0,7.3999999999999995,8.2,3222.3999999999996,-0.7193398003386512,0.6946583704589973,-0.9789888737409319,-0.20391367068311472,0,0,1142,9.5,10.72,4.46,5.85,222.21,64.17,0
2025-09-20,10.8,7.9,14.4,8.9,13.0,0.4,0.0,79,954.9,85.0,465.0,6.5,7.199999999999999,4138.5,0.4694715627858908,0.882947592858927,-0.9823516608469235,-0.18704334906991746,0,1,1143,10.54,11.29,4.83,14.37,201.08,60.08,0
2025-09-21,12.2,5.7,19.0,8.8,12.6,0.0,0.0,68,955.9,75.0,519.0,13.3,5.800000000000001,4567.200000000001,0.9781476007338057,-0.20791169081775934,-0.9854237542919524,-0.17011767832049052,0,1,1144,13.06,14.03,5.26,10.47,189.04,59.75,0
2025-09-22,14.0,9.1,20.6,9.2,13.3,0.2,0.0,62,947.5,50.0,454.0,11.500000000000002,4.0,4176.799999999999,0.4694715627858907,-0.882947592858927,-0.9882042449941422,-0.15314166701312007,0,0,1145,5.48,6.32,4.83,11.32,209.67,70.96,0
2025-09-23,11.5,8.8,14.6,11.8,20.3,4.7,0.0,77,949.0,105.0,561.0,5.799999999999999,6.5,6619.8,-0.8386705679454243,0.5446390350150266,-0.9906923101615609,-0.13612033862266704,0,0,1146,7.85,9.33,3.61,6.8,191.33,64.33,0
2025-09-24,13.6,7.3,20.5,13.6,21.0,0.0,0.0,67,956.6,105.0,438.0,13.2,4.4,5956.8,-0.7986355100472928,-0.6018150231520483,-0.9928872135356962,-0.11905873003404988,0,0,1147,3.87,3.91,4.15,9.06,192.29,59.67,0
2025-09-25,15.8,9.4,22.3,5.9,9.8,0.0,0.0,67,954.2,25.0,224.0,12.9,2.1999999999999993,1321.6000000000001,-0.5299192642332048,-0.8480480961564261,-0.994788305609327,-0.10196189005174576,0,0,1148,7.41,7.47,8.77,22.41,329.38,56.46,0
2025-09-26,15.9,9.7,22.8,5.4,8.4,0.0,0.0,68,949.0,30.0,306.0,13.100000000000001,2.0999999999999996,1652.4,0.10452846326765373,-0.9945218953682733,-0.9963950238187232,-0.0848348779057645,0,0,1149,10.57,10.58,11.62,31.34,316.96,55.12,0
2025-09-27,15.5,9.2,22.5,7.8,15.1,0.0,0.0,59,949.2,65.0,526.0,13.3,2.5,4102.8,-0.48480962024633695,-0.8746197071393959,-0.9977068927101169,-0.06768276175455074,0,1,1150,5.5,5.92,5.67,11.9,212.08,64.5,0
2025-09-28,11.6,6.4,15.0,12.6,16.8,2.1,0.0,75,953.1,90.0,441.0,8.6,6.4,5556.599999999999,-0.9702957262759966,0.24192189559966745,-0.9987235240803973,-0.050510617185222,0,1,1151,5.91,7.24,4.2,7.62,173.96,52.75,0
2025-09-29,4.5,2.3,6.2,16.7,18.3,0.1,0.0,75,957.4,480.0,624.0,3.9000000000000004,13.5,10420.8,0.7313537016191705,0.6819983600624985,-0.9994446170919858,-0.033323525711630456,0,0,1152,9.87,10.09,4.75,14.27,156.92,43.12,0
2025-09-30,1.8,0.3,3.1,16.1,18.6,0.4,0.0,80,952.7,545.0,609.0,2.8000000000000003,16.2,9804.900000000001,0.6691306063588582,0.7431448254773942,-0.9998699583618592,-0.016126573270657762,0,0,1153,5.83,6.12,9.12,26.5,165.88,40.5,0
2025-10-01,2.1,-2.9,5.6,12.4,16.3,0.0,0.0,65,953.2,590.0,897.0,8.5,15.9,11122.800000000001,-0.6560590289905074,0.7547095802227719,-0.9999994220246925,0.001075151282798226,1,0,1154,8.51,9.0,6.7,16.98,179.5,50.67,0
2025-10-02,4.0,2.3,5.8,17.9,24.8,1.3,0.07,71,954.4,430.0,789.0,3.5,14.0,14123.099999999999,-0.9743700647852351,-0.22495105434386525,-0.999832969770105,0.01827655768169211,1,0,1155,6.63,6.75,3.42,7.17,170.04,54.75,0
2025-10-03,2.4,-1.1,5.3,6.2,9.8,0.2,0.0,76,963.7,20.0,603.0,6.4,15.6,3738.6,-0.6018150231520483,0.7986355100472928,-0.9993706508539969,0.03547255575312556,1,0,1156,7.29,7.57,5.53,12.12,225.92,48.67,0
2025-10-04,0.9,-2.6,6.6,11.5,20.2,0.0,0.0,72,963.2,35.0,780.0,9.2,17.1,8970.0,-0.8090169943749476,0.5877852522924729,-0.9986126020839734,0.05265805692461312,1,1,1157,7.71,8.15,5.12,9.75,214.33,50.12,0
2025-10-05,-0.9,-5.7,3.2,4.5,7.4,0.0,0.0,66,970.2,70.0,562.0,8.9,18.9,2529.0,0.7431448254773942,0.6691306063588582,-0.9975590477788613,0.06982797572987177,1,1,1158,11.51,13.17,7.35,14.52,349.5,47.54,0
2025-10-06,1.0,-5.7,7.2,4.8,7.5,0.0,0.0,60,965.2,30.0,244.0,12.9,17.0,1171.2,-0.4067366430758002,-0.9135454576426009,-0.9962102997023297,0.0869772313136861,1,0,1159,18.93,20.72,8.99,17.62,279.17,52.79,1
2025-10-07,2.4,-2.5,8.2,6.6,15.1,0.0,0.0,64,961.9,10.0,370.0,10.7,15.6,2442.0,0.4539904997395468,0.8910065241883679,-0.9945667569706337,0.1041007489354256,1,0,1160,15.62,16.85,7.38,13.65,296.08,52.62,1
2025-10-08,1.0,-4.4,6.6,6.7,10.0,0.0,0.0,74,961.9,35.0,247.0,11.0,17.0,1654.9,0.9063077870366499,0.42261826174069944,-0.9926289059345094,0.12119346147073688,1,0,1161,15.92,16.45,10.92,21.83,312.88,40.83,1
2025-10-09,3.1,-4.9,11.1,5.3,13.2,0.0,0.0,65,960.3,10.0,290.0,16.0,14.9,1537.0,0.0697564737441253,0.9975640502598242,-0.9903973200352558,0.13825031091098192,1,0,1162,20.65,20.97,10.4,21.22,380.38,49.04,1
2025-10-10,3.7,-0.9,9.5,8.3,10.7,0.0,0.0,72,961.0,60.0,282.0,10.4,14.3,2340.6000000000004,0.9510565162951535,0.30901699437494745,-0.9878726596350431,0.15526624985999474,1,0,1163,8.73,8.84,7.1,18.23,261.21,45.88,0
2025-10-11,3.3,-1.0,10.3,9.0,19.9,0.0,0.0,70,955.4,25.0,278.0,11.3,14.7,2502.0,0.6560590289905073,0.754709580222772,-0.9850556718215013,0.172236243027682,1,1,1164,10.59,10.79,7.08,17.38,294.42,45.83,0
2025-10-12,-0.1,-1.3,1.7,17.9,20.6,1.4,0.91,80,956.2,445.0,589.0,3.0,18.1,10543.099999999999,0.9205048534524404,0.3907311284892737,-0.981947190186646,0.18915526872004093,1,1,1165,3.95,4.09,3.88,9.74,164.42,54.92,0
2025-10-13,0.3,-3.9,5.0,13.2,15.8,0.0,0.0,70,960.9,160.0,431.0,8.9,17.7,5689.2,0.9455185755993167,0.32556815445715676,-0.9785481345802033,0.20601832032516998,1,0,1166,6.61,6.88,2.39,5.24,185.38,65.08,0
2025-10-14,-3.1,-6.5,2.1,14.8,18.4,0.0,0.0,63,967.4,195.0,406.0,8.6,21.1,6008.8,0.8829475928589269,0.46947156278589086,-0.9748595108374125,0.22282040779479959,1,0,1167,7.78,8.08,2.37,6.46,191.83,60.25,0
2025-10-15,-2.7,-8.4,4.4,16.1,18.9,0.0,0.0,58,971.3,310.0,424.0,12.8,20.7,6826.400000000001,0.9993908270190958,-0.034899496702500955,-0.9708824104813836,0.2395565591209271,1,0,1168,2.87,3.02,2.15,5.07,197.29,61.21,0
2025-10-16,-0.6,-6.8,6.5,16.9,20.9,0.0,0.0,47,966.5,225.0,375.0,13.3,18.6,6337.499999999999,0.9998476951563913,-0.017452406437283477,-0.9666180104000972,0.2562218218071163,1,0,1169,3.94,4.13,2.32,4.1,183.08,67.79,0
2025-10-17,1.6,-4.5,9.2,12.7,17.2,0.0,0.0,44,959.6,80.0,277.0,13.7,16.4,3517.8999999999996,0.9702957262759965,-0.24192189559966779,-0.9620675724981452,0.27281126433401914,1,0,1170,4.01,4.3,3.54,6.87,213.58,62.92,0
2025-10-18,3.4,-0.9,8.6,10.4,12.4,0.0,0.0,52,956.3,60.0,334.0,9.5,14.6,3473.6,-0.7313537016191703,-0.6819983600624986,-0.957232443323312,0.2893199776186952,1,1,1171,7.62,8.97,5.3,13.03,259.83,51.62,0
2025-10-19,0.5,-4.8,5.9,5.2,10.8,0.0,0.0,74,961.0,25.0,330.0,10.7,17.5,1716.0,-0.9205048534524405,0.3907311284892735,-0.9521140536681102,0.3057430764672831,1,1,1172,19.62,21.55,10.18,20.82,407.79,39.67,1
2025-10-20,1.2,-5.0,7.7,8.2,12.5,0.0,0.0,63,962.5,30.0,297.0,12.7,16.8,2435.3999999999996,0.9135454576426009,0.4067366430758002,-0.9467139181463862,0.3220757010206104,1,0,1173,20.27,21.62,10.55,24.65,317.71,43.29,1
2025-10-21,2.6,-2.8,9.1,14.0,18.1,0.0,0.0,63,963.2,110.0,351.0,11.899999999999999,15.4,4914.0,0.8987940462991669,0.43837114678907746,-0.94103363474512,0.3383130181923067,1,0,1174,11.5,12.85,2.82,9.56,218.29,51.29,0
2025-10-22,3.5,-1.3,9.8,15.8,17.5,0.0,0.0,61,965.9,225.0,340.0,11.100000000000001,14.5,5372.0,0.9945218953682733,0.10452846326765346,-0.9350748843515574,0.3544502230989869,1,0,1175,9.17,9.75,2.35,8.54,206.96,57.04,0
2025-10-23,4.2,-1.7,12.0,11.5,15.4,0.0,0.0,53,964.9,95.0,198.0,13.7,13.8,2277.0,0.9902680687415704,-0.13917310096006535,-0.9288394302558068,0.3704825404820963,1,0,1176,5.13,5.55,4.1,7.92,228.17,60.75,0
2025-10-24,5.3,-0.7,12.6,9.3,11.9,0.0,0.0,49,959.4,60.0,133.0,13.299999999999999,12.7,1236.9,0.9563047559630355,-0.29237170472273666,-0.9223291176290545,0.3864052261209853,1,0,1177,11.31,12.04,7.6,14.67,255.88,53.83,0
2025-10-25,5.5,1.3,9.6,7.1,11.2,1.7,0.0,65,950.8,10.0,61.0,8.299999999999999,12.5,433.09999999999997,0.9925461516413221,-0.12186934340514737,-0.9155458729775463,0.4022135682368045,1,1,1178,26.33,32.29,11.79,17.92,438.62,41.33,0
2025-10-26,4.4,3.2,6.4,14.6,16.9,0.0,0.0,80,952.0,70.0,371.0,3.2,13.6,5416.599999999999,0.573576436351046,0.8191520442889918,-0.9084917035725082,0.41790288888678667,1,1,1179,12.5,15.27,5.57,11.38,239.17,38.54,0
2025-10-27,2.7,-0.7,5.5,11.7,12.9,0.0,0.0,75,957.9,115.0,395.0,6.2,15.3,4621.5,0.6427876096865393,0.766044443118978,-0.9011686968561569,0.4334685453485363,1,0,1180,5.97,6.37,8.55,22.87,242.25,39.46,0
2025-10-28,2.9,-2.0,9.3,10.8,13.1,0.0,0.0,67,960.0,95.0,239.0,11.3,15.1,2581.2000000000003,0.9510565162951535,0.30901699437494745,-0.8935790198239949,0.4489059314938806,1,0,1181,8.03,8.84,5.03,16.1,245.12,48.75,0
2025-10-29,3.2,-2.7,10.4,5.6,9.8,0.0,0.0,63,960.2,15.0,79.0,13.100000000000001,14.8,442.4,0.9993908270190958,-0.034899496702500955,-0.8857249183835637,0.4642104791518923,1,0,1182,23.61,26.74,14.38,36.07,471.08,46.17,1
2025-10-30,3.3,-2.3,11.1,6.7,10.3,0.0,0.0,64,959.2,30.0,79.0,13.399999999999999,14.7,529.3000000000001,0.777145961456971,-0.6293203910498373,-0.8776087166898388,0.47937765946069527,1,0,1183,17.6,18.58,11.05,26.29,342.58,52.0,1
2025-10-31,7.0,0.8,14.1,13.3,20.1,0.0,0.0,61,951.0,70.0,344.0,13.299999999999999,11.0,4575.2,0.2249510543438652,-0.9743700647852351,-0.8692328164574787,0.4944029842076189,1,0,1184,6.98,7.77,4.67,12.0,232.42,61.46,0
2025-11-01,4.5,1.8,8.2,22.8,32.2,11.0,0.0,87,952.8,280.0,913.0,6.3999999999999995,13.5,20816.4,-0.8987940462991668,-0.43837114678907774,-0.8605996962501181,0.5092820071573356,1,1,1185,6.2,6.48,3.34,8.4,199.0,48.21,0
2025-11-02,4.0,2.0,6.8,11.5,17.0,0.0,0.0,76,955.1,230.0,551.0,4.8,14.0,6336.5,-0.19080899537654472,-0.981627183447664,-0.8517119107469189,0.5240103253675756,1,1,1186,11.39,11.72,5.32,14.58,217.71,47.42,0
2025-11-03,3.7,1.5,6.0,17.5,22.7,2.7,0.35,85,944.8,495.0,738.0,4.5,14.3,12915.0,-0.6819983600624984,-0.7313537016191706,-0.8425720899866032,0.5385835804920232,1,0,1187,5.33,6.9,3.88,10.24,185.88,46.88,0
2025-11-04,-5.9,-14.5,1.2,14.5,19.4,2.6,1.82,79,954.8,380.0,629.0,15.7,23.9,9120.5,-0.7986355100472932,0.6018150231520479,-0.8331829385891785,0.5529974600700271,1,0,1188,3.5,3.96,2.64,5.88,226.04,57.58,0
2025-11-05,-11.8,-16.4,-8.8,10.8,15.9,0.0,0.0,72,967.6,315.0,716.0,7.599999999999998,29.8,7732.8,-0.9063077870366498,0.4226182617406996,-0.8235472349556007,0.5672476988027229,1,0,1189,6.55,7.02,3.64,8.53,216.5,65.17,0
2025-11-06,-6.9,-10.4,-3.7,20.1,27.3,3.0,2.1,82,964.0,470.0,674.0,6.7,24.9,13547.400000000001,-0.7313537016191703,-0.6819983600624986,-0.8136678304455991,0.5813300798152042,1,0,1190,6.38,7.09,3.28,7.68,199.25,58.58,0
2025-11-07,-3.7,-6.8,-0.9,21.2,22.3,0.2,0.14,68,958.7,480.0,588.0,5.8999999999999995,21.7,12465.6,-0.754709580222772,-0.6560590289905073,-0.8035476485339116,0.5952404359043674,1,0,1191,3.67,4.22,2.93,7.17,190.96,64.67,0
2025-11-08,-0.3,-2.7,1.5,22.8,27.4,0.0,0.0,54,954.3,470.0,731.0,4.2,18.3,16666.8,-0.7880107536067221,-0.6156614753256581,-0.7931896839451843,0.6089746507720486,1,1,1192,3.69,4.09,2.77,7.26,165.25,67.96,0
2025-11-09,1.0,-0.1,2.4,23.4,28.5,6.4,4.48,71,947.7,585.0,808.0,2.5,17.0,18907.199999999997,-0.6946583704589974,-0.7193398003386511,-0.7825970017677834,0.6225286602431057,1,1,1193,6.57,7.4,3.29,7.97,165.54,67.5,0
2025-11-10,-1.7,-3.8,0.9,18.0,28.5,0.6,0.14,89,952.2,540.0,767.0,4.7,19.7,13806.0,-0.9993908270190958,-0.03489949670250076,-0.7717727365467837,0.6358984534680745,1,0,1194,2.22,2.32,3.67,8.78,216.67,44.54,0
2025-11-11,-0.5,-2.9,1.4,20.8,26.4,0.1,0.07,87,958.7,640.0,780.0,4.3,18.5,16224.0,-0.6691306063588582,-0.7431448254773942,-0.7607200913564104,0.6490800741100398,1,0,1195,6.14,6.36,3.04,8.86,190.5,51.29,0
2025-11-12,1.5,0.3,2.6,20.3,24.8,4.5,0.07,95,953.6,400.0,599.0,2.3000000000000003,16.5,12159.7,-0.7771459614569706,-0.6293203910498378,-0.749442336852196,0.6620696215153808,1,0,1196,3.62,4.22,3.55,7.67,185.92,55.12,0
2025-11-13,-2.9,-5.1,0.8,8.9,15.4,0.0,0.0,83,963.8,350.0,533.0,5.8999999999999995,20.9,4743.7,-0.7547095802227722,0.656059028990507,-0.7379428103031391,0.6748632518680396,1,0,1197,4.85,5.35,6.36,16.97,241.08,49.0,0
2025-11-14,-3.0,-6.6,2.2,7.2,10.3,0.0,0.0,64,968.1,65.0,184.0,8.8,21.0,1324.8,0.7071067811865476,-0.7071067811865475,-0.7262249146041543,0.6874571793269664,1,0,1198,15.72,17.35,12.9,36.03,323.08,41.71,1
2025-11-15,0.3,-2.9,5.7,7.3,9.7,0.0,0.0,52,965.5,60.0,144.0,8.6,17.7,1051.2,0.4226182617406995,-0.9063077870366499,-0.7142921172691039,0.6998476771464064,1,1,1199,9.76,10.37,7.58,16.44,289.58,51.42,0
2025-11-16,1.4,-1.7,7.1,7.6,10.1,0.0,0.0,47,962.1,55.0,136.0,8.799999999999999,16.6,1033.6,0.7193398003386511,-0.6946583704589974,-0.7021479494046973,0.7120310787787136,1,1,1200,7.83,8.42,6.23,14.25,290.17,63.75,0
2025-11-17,1.5,-1.9,6.8,10.7,13.4,0.0,0.0,57,962.6,45.0,207.0,8.7,16.5,2214.8999999999996,-0.5591929034707467,-0.8290375725550418,-0.6897960046655887,0.7240037789593305,1,0,1201,10.18,12.83,6.24,14.95,286.12,55.88,1
2025-11-18,1.1,-2.7,7.5,6.7,9.0,0.0,0.0,66,964.2,30.0,53.0,10.2,16.9,355.1,0.9271838545667874,-0.37460659341591207,-0.6772399381909491,0.7357622347736525,1,0,1202,24.29,28.97,13.71,31.88,450.33,37.83,1
2025-11-19,1.5,-1.4,8.0,7.2,10.1,0.0,0.0,55,960.3,40.0,87.0,9.4,16.5,626.4,0.5877852522924732,-0.8090169943749473,-0.6644834655228545,0.7473029667054303,1,0,1203,16.48,17.67,10.96,24.99,407.5,48.25,1
2025-11-20,1.3,-3.2,5.7,12.3,16.0,0.0,0.0,68,962.3,75.0,242.0,8.9,16.7,2976.6000000000004,-0.6691306063588582,-0.7431448254773942,-0.6515303615068021,0.75862255966641,1,0,1204,6.88,9.11,5.4,12.84,270.12,45.08,0
2025-11-21,3.1,-0.1,4.5,13.3,17.4,6.5,0.0,94,964.2,165.0,309.0,4.6,14.9,4109.7,-0.8987940462991668,-0.43837114678907774,-0.6383844591746636,0.7697176640069215,1,0,1205,6.8,10.7,5.38,11.21,319.21,40.0,0
2025-11-22,-2.4,-5.4,0.1,10.7,15.4,0.0,0.0,75,972.4,175.0,330.0,5.5,20.4,3530.9999999999995,0.9998476951563913,0.0174524064372836,-0.625049648610437,0.7805849965070871,1,1,1206,5.79,6.73,4.01,10.97,227.46,48.92,0
2025-11-23,0.3,-2.2,2.3,18.0,22.3,0.0,0.0,75,965.4,385.0,461.0,4.5,17.7,8298.0,-0.587785252292473,-0.8090169943749475,-0.6115298757991053,0.7912213413483807,1,1,1207,10.56,15.0,4.26,13.56,194.83,51.17,0
2025-11-24,1.5,0.7,2.4,14.8,22.8,4.7,0.0,98,960.8,65.0,352.0,1.7,16.5,5209.6,-0.8660254037844384,-0.5000000000000004,-0.5978291414589544,0.8016235510652425,1,0,1208,7.38,10.98,5.89,11.37,395.62,46.54,0
2025-11-25,2.2,-0.3,5.5,12.1,18.7,0.0,0.0,92,964.5,30.0,289.0,5.8,15.8,3496.9,-0.5446390350150271,-0.838670567945424,-0.5839514998576998,0.8117885474764613,1,0,1209,10.32,12.84,6.06,13.07,315.0,43.67,0
2025-11-26,2.9,0.7,6.7,13.2,18.3,0.0,0.0,76,956.3,145.0,318.0,6.0,15.1,4197.599999999999,-0.656059028990507,-0.7547095802227721,-0.5699010576127617,0.8217133225960594,1,0,1210,5.68,7.79,4.21,10.46,246.92,62.0,0
2025-11-27,-0.2,-2.0,1.9,10.5,13.2,0.1,0.07,89,955.4,205.0,342.0,3.9,18.2,3591.0,-0.9998476951563913,0.01745240643728313,-0.5556819724760482,0.8313949395234063,1,0,1211,5.81,7.54,5.19,12.18,252.04,41.21,0
2025-11-28,-2.5,-4.0,-1.6,5.6,7.2,0.0,0.0,69,964.7,195.0,545.0,2.4,20.5,3052.0,0.5446390350150271,0.838670567945424,-0.5412984521036173,0.8408305333122887,1,0,1212,4.15,4.43,5.37,15.08,280.79,60.46,0
2025-11-29,-3.2,-6.7,1.0,10.6,12.4,0.0,0.0,68,963.8,155.0,381.0,7.7,21.2,4038.6,0.10452846326765373,-0.9945218953682733,-0.5267547528105542,0.8500173118187018,1,1,1213,6.75,7.34,5.0,13.72,248.42,50.75,0
2025-11-30,-2.0,-4.7,-0.4,8.2,11.3,0.0,0.0,84,961.6,230.0,269.0,4.3,20.0,2205.7999999999997,-0.8660254037844384,-0.5000000000000004,-0.5120551783114639,0.8589525565270849,1,1,1214,12.52,14.02,7.91,19.43,276.62,33.33,0
2025-12-01,-0.1,-1.2,1.2,4.3,7.3,0.0,0.0,80,963.7,10.0,142.0,2.4,18.1,610.6,-0.656059028990507,-0.7547095802227721,-0.4972040784469371,0.867633623354773,1,0,1215,17.62,18.79,9.38,19.08,582.46,29.96,0
2025-12-02,-1.2,-4.9,1.4,4.2,8.0,0.0,0.0,84,961.7,10.0,147.0,6.300000000000001,19.2,617.4,0.7986355100472928,0.6018150231520483,-0.4822058478963534,0.8760579434344277,1,0,1216,15.32,16.47,8.92,18.95,595.46,25.67,1
2025-12-03,-1.6,-2.4,-0.5,5.0,7.6,1.2,0.84,88,958.0,150.0,266.0,1.9,19.6,1330.0,0.9659258262890683,-0.25881904510252085,-0.46706492487743034,0.8842230238742036,1,0,1217,11.72,12.23,12.75,31.68,351.25,23.88,0
2025-12-04,-2.3,-2.9,-1.3,12.4,17.3,0.1,0.07,88,958.0,240.0,451.0,1.5999999999999999,20.3,5592.400000000001,-0.8987940462991668,-0.43837114678907774,-0.451785789832884,0.8921264484954345,1,0,1218,8.52,9.25,5.77,16.0,229.17,53.46,0
2025-12-05,-2.4,-3.6,-1.9,11.9,17.0,0.0,0.0,85,961.3,290.0,502.0,1.7000000000000002,20.4,5973.8,-0.961261695938319,-0.2756373558169989,-0.4363729641045924,0.8997658785476209,1,0,1219,7.4,7.76,5.21,14.65,224.17,56.71,0
2025-12-06,-2.3,-3.7,-0.4,11.1,18.3,0.0,0.0,85,963.8,245.0,477.0,3.3000000000000003,20.3,5294.7,-0.6156614753256582,-0.788010753606722,-0.42083100859565564,0.9071390534005044,1,1,1220,15.17,17.88,7.56,20.99,243.62,51.0,0
2025-12-07,-1.8,-3.1,-0.7,8.1,15.0,1.8,0.14,94,960.2,175.0,362.0,2.4000000000000004,19.8,2932.2,-0.8660254037844384,-0.5000000000000004,-0.4051645224207555,0.9142437912130228,1,1,1221,7.84,9.71,6.96,21.13,322.29,55.46,0
2025-12-08,-1.2,-2.1,-0.5,11.4,16.7,3.1,1.82,91,955.8,245.0,462.0,1.6,19.2,5266.8,-0.5000000000000001,-0.8660254037844386,-0.3893781415452015,0.9210779895789526,1,0,1222,9.64,11.63,7.48,17.84,263.62,58.17,0
2025-12-09,-11.2,-22.5,-3.0,16.0,19.6,3.0,2.1,81,955.1,400.0,650.0,19.5,29.2,10400.0,-0.9998476951563913,-0.017452406437283498,-0.3734765374130716,0.9276396261490464,1,0,1223,4.19,4.48,3.31,9.51,221.33,42.08,0
2025-12-10,-22.8,-25.6,-20.0,8.7,17.9,0.0,0.0,73,970.6,10.0,361.0,5.600000000000001,40.8,3140.7,-0.5000000000000004,0.8660254037844384,-0.3574644155648614,0.9339267592294762,1,0,1224,9.33,12.03,4.53,12.14,509.96,66.38,1
2025-12-11,-16.4,-26.2,-9.8,10.7,14.0,0.0,0.0,65,972.5,65.0,153.0,16.4,34.4,1637.1,0.838670567945424,-0.5446390350150272,-0.341346514245037,0.9399375283564131,1,0,1225,12.62,14.9,7.01,17.7,303.62,67.96,1
2025-12-12,-5.3,-10.3,-2.2,11.9,16.9,0.0,0.0,59,951.4,95.0,345.0,8.100000000000001,23.3,4105.5,0.3255681544571566,-0.9455185755993168,-0.3251276029999093,0.9456701548465688,1,0,1226,7.61,9.4,4.42,11.44,254.25,80.71,0
2025-12-13,-3.0,-5.9,-0.8,18.3,22.5,3.4,2.31,92,945.2,515.0,682.0,5.1000000000000005,21.0,12480.6,-0.6691306063588582,-0.7431448254773942,-0.30881248126625377,0.9511229423235357,1,1,1227,4.35,5.29,4.08,11.45,230.5,51.42,0
2025-12-14,-2.2,-5.9,2.7,15.4,25.6,0.2,0.0,90,945.1,340.0,554.0,8.600000000000001,20.2,8531.6,-0.13917310096006552,-0.9902680687415703,-0.2924059769510765,0.9562942772197722,1,1,1228,3.11,3.2,4.61,12.69,237.17,60.0,0
2025-12-15,-7.3,-9.9,2.8,27.8,37.4,5.3,2.8,81,948.8,870.0,1487.0,12.7,25.3,41338.6,-0.7071067811865475,-0.7071067811865477,-0.27591294500296043,0.9611826292540837,1,0,1229,2.57,3.22,2.3,7.96,185.42,61.88,0
2025-12-16,-8.0,-10.1,-5.3,25.0,32.1,1.4,0.91,82,953.8,1100.0,1391.0,4.8,26.0,34775.0,-0.656059028990507,-0.7547095802227721,-0.2593382659754047,0.9657865518844576,1,0,1230,3.45,4.31,2.65,8.39,180.12,67.21,0
2025-12-17,-14.2,-16.2,-11.0,16.6,22.4,0.0,0.0,80,956.0,510.0,661.0,5.199999999999999,32.2,10972.6,-0.882947592858927,-0.46947156278589075,-0.2426868445825954,0.9701046827361175,1,0,1231,4.37,5.13,3.81,11.03,223.5,57.42,0
2025-12-18,-13.9,-16.5,-10.6,13.3,14.7,0.1,0.07,84,961.6,340.0,417.0,5.9,31.9,5546.1,-0.8191520442889916,-0.5735764363510464,-0.2259636082480182,0.9741357440046722,1,0,1232,8.95,10.0,4.9,10.68,272.75,48.33,0
2025-12-19,-8.8,-10.9,-7.3,16.6,20.2,0.4,0.35,84,963.3,420.0,507.0,3.6000000000000005,26.8,8416.2,-0.5735764363510462,-0.8191520442889918,-0.20917350564635637,0.9778785428342386,1,0,1233,11.2,12.12,3.96,10.12,244.33,54.08,0
2025-12-20,-8.0,-9.3,-6.7,17.7,22.1,2.7,1.89,84,949.3,430.0,630.0,2.6000000000000005,26.0,11151.0,-0.5150380749100542,-0.8571673007021123,-0.19232150523909483,0.9813319716704275,1,1,1234,5.74,6.17,3.61,9.67,218.62,59.75,0
2025-12-21,-13.1,-20.1,-7.7,8.6,15.0,0.7,0.49,85,955.9,125.0,332.0,12.400000000000002,31.1,2855.2,-0.9961946980917455,-0.08715574274765825,-0.17541259380427757,0.984495008588086,1,1,1235,7.88,8.14,7.93,16.9,389.96,42.33,0
2025-12-22,-13.2,-19.6,-6.6,16.1,20.2,0.0,0.0,85,964.0,240.0,428.0,13.000000000000002,31.2,6890.8,-0.656059028990507,-0.7547095802227721,-0.1584517749608372,0.9873667175937014,1,0,1236,4.71,4.73,4.19,9.7,251.38,49.25,0
2025-12-23,-4.1,-7.9,-2.6,14.0,16.9,0.2,0.07,90,961.6,315.0,456.0,5.300000000000001,22.1,6384.0,-0.43837114678907746,-0.8987940462991669,-0.14144406768794027,0.9899462489023783,1,0,1237,4.25,4.36,4.25,10.77,228.29,59.17,0
2025-12-24,-5.8,-8.7,-3.7,16.5,19.1,1.3,0.91,85,957.1,315.0,509.0,4.999999999999999,23.8,8398.5,-0.39073112848927355,-0.9205048534524404,-0.12439450483979998,0.9922328391893008,1,0,1238,7.7,8.64,3.7,10.13,222.54,67.29,0
2025-12-25,-4.7,-7.6,-3.3,18.9,23.4,3.6,2.45,91,950.9,325.0,647.0,4.3,22.7,12228.3,-0.6427876096865393,-0.766044443118978,-0.10730813165636247,0.9942258118156161,1,0,1239,3.95,4.39,3.56,9.78,224.25,58.92,0
2025-12-26,-15.4,-26.6,-6.9,12.9,20.2,3.3,2.31,83,950.0,140.0,394.0,19.700000000000003,33.4,5082.6,-0.9335804264972015,-0.3583679495453007,-0.09019000427034513,0.9959245770286599,1,0,1240,5.07,5.34,4.27,9.79,272.67,57.88,0
2025-12-27,-22.7,-26.0,-18.4,7.3,11.5,0.0,0.0,78,957.6,30.0,109.0,7.600000000000001,40.7,795.6999999999999,-0.35836794954530043,-0.9335804264972016,-0.07304518821104655,0.9973286321364753,1,1,1241,16.48,17.0,8.59,16.95,474.42,52.83,0
2025-12-28,-18.0,-24.5,-11.7,9.1,12.2,0.0,0.0,73,953.5,35.0,86.0,12.8,36.0,782.6,0.8660254037844387,-0.49999999999999983,-0.055878756905372244,0.9984375616565666,1,1,1242,13.57,14.6,7.7,18.38,367.42,68.38,1
2025-12-29,-5.5,-9.1,-2.8,12.3,17.3,0.1,0.07,78,946.9,85.0,209.0,6.3,23.5,2570.7000000000003,0.4226182617406995,-0.9063077870366499,-0.03869579017652778,0.999251037438848,1,0,1243,11.38,16.46,4.12,10.1,271.33,83.71,1
2025-12-30,1.0,-2.6,2.6,16.4,25.2,0.7,0.0,86,941.0,210.0,440.0,5.2,17.0,7215.999999999999,-0.06975647374412527,-0.9975640502598242,-0.021501372740813793,0.999768818762748,1,0,1244,12.58,18.82,4.21,10.7,240.17,85.5,0
2025-12-31,0.4,-3.0,2.2,13.8,26.6,4.4,1.68,95,944.7,55.0,410.0,5.2,17.6,5658.0,-0.19080899537654472,-0.981627183447664,-0.004300592702981974,0.9999907524084426,1,0,1245,5.6,7.27,4.42,9.42,294.04,68.04,0
2026-01-01,-7.4,-10.5,-3.6,12.4,23.5,0.1,0.07,88,961.1,145.0,411.0,6.9,25.4,5096.400000000001,-0.754709580222772,-0.6560590289905073,0.017201575418260506,0.9998520419557735,1,0,1246,3.44,3.58,6.2,18.53,263.0,65.62,0
2026-01-02,-7.9,-12.2,-4.2,8.3,12.7,0.0,0.0,86,959.1,60.0,151.0,7.999999999999999,25.9,1253.3000000000002,0.9396926207859084,-0.3420201433256687,0.03439806061360801,0.9994082116062598,1,0,1247,7.27,7.62,6.6,19.44,316.83,69.12,0
2026-01-03,-6.4,-10.9,-4.5,7.6,11.7,0.0,0.0,87,956.1,45.0,214.0,6.4,24.4,1626.3999999999999,0.24192189559966773,-0.9702957262759965,0.05158436686940837,0.9986686402879997,1,1,1248,14.04,16.68,9.03,22.26,373.75,66.75,0
2026-01-04,-5.6,-11.2,-2.9,13.4,17.2,3.7,2.59,89,958.9,80.0,473.0,8.299999999999999,23.6,6338.2,-0.4067366430758002,-0.9135454576426009,0.06875540848113941,0.9976335468520451,1,1,1249,8.87,11.61,4.75,12.38,264.96,55.88,0
2026-01-05,-8.6,-10.4,-7.1,17.4,20.8,0.6,0.42,88,967.7,420.0,522.0,3.3000000000000007,26.6,9082.8,-0.7313537016191703,-0.6819983600624986,0.08590610426133273,0.9963032375991965,1,0,1250,2.53,2.61,4.15,10.57,222.54,66.04,0
2026-01-06,-6.5,-9.8,-5.2,22.8,29.4,1.3,0.91,84,963.6,445.0,634.0,4.6000000000000005,24.5,14455.2,-0.7193398003386512,-0.6946583704589973,0.1030313790431788,0.9946781061893646,1,0,1251,5.59,6.97,2.47,7.27,204.79,71.04,0
2026-01-07,-9.4,-11.2,-7.5,13.6,15.8,0.0,0.0,90,967.0,450.0,490.0,3.6999999999999993,27.4,6664.0,-0.9396926207859084,-0.34202014332566855,0.12012616518235049,0.9927586335250793,1,0,1252,2.31,2.55,3.56,10.63,227.79,74.71,0
2026-01-08,-12.8,-15.3,-11.2,7.7,13.3,0.0,0.0,86,970.4,70.0,272.0,4.100000000000001,30.8,2094.4,-0.8386705679454242,-0.544639035015027,0.13718540405660057,0.9905453876091833,1,0,1253,11.1,11.86,10.74,28.42,376.96,67.29,0
2026-01-09,-11.1,-15.4,-6.7,8.9,11.4,0.0,0.0,68,963.3,60.0,98.0,8.7,29.1,872.2,0.8290375725550417,-0.5591929034707467,0.1542040475626894,0.988039023376751,1,0,1254,12.15,13.43,7.32,15.9,352.67,71.29,0
2026-01-10,-7.2,-12.1,-3.0,8.7,14.2,0.0,0.0,65,953.3,50.0,173.0,9.1,25.2,1505.1,-0.08715574274765794,-0.9961946980917455,0.17117705961019988,0.985240282501282,1,1,1255,11.64,14.28,5.05,10.72,325.67,82.92,0
2026-01-11,-1.8,-6.8,1.9,11.2,19.2,0.0,0.0,74,948.5,50.0,222.0,8.7,19.8,2486.3999999999996,-0.06975647374412527,-0.9975640502598242,0.1880994176117976,0.9821499931752291,1,1,1256,15.92,20.52,5.33,11.36,329.5,85.38,0
2026-01-12,-4.5,-10.0,0.9,25.2,30.2,7.9,5.18,91,949.6,550.0,765.0,10.9,22.5,19278.0,-0.848048096156426,-0.529919264233205,0.20496611396949535,0.9787690698649216,1,0,1257,3.3,4.73,2.8,7.88,235.08,60.67,0
2026-01-13,-12.9,-16.9,-10.2,10.8,21.9,0.1,0.07,83,964.5,195.0,377.0,6.699999999999999,30.9,4071.6000000000004,-0.898794046299167,0.4383711467890774,0.22177215755648189,0.975098513039961,1,0,1258,5.72,6.07,6.03,13.67,302.71,58.83,0
2026-01-14,-19.4,-22.9,-17.2,19.9,22.3,0.0,0.0,76,967.3,275.0,360.0,5.699999999999999,37.4,7163.999999999999,0.9205048534524404,0.3907311284892737,0.23851257519407645,0.9711394088771653,1,0,1259,3.62,3.71,3.74,9.57,227.0,54.54,0
2026-01-15,-20.9,-23.6,-17.1,20.1,23.6,0.0,0.0,73,970.4,275.0,354.0,6.5,38.9,7115.400000000001,0.9510565162951535,0.30901699437494745,0.2551824131233728,0.9668929289391521,1,0,1260,2.69,2.9,3.94,6.26,212.25,67.25,0
2026-01-16,-23.1,-27.2,-19.3,18.3,20.8,0.0,0.0,73,971.3,245.0,349.0,7.899999999999999,41.1,6386.7,0.838670567945424,0.5446390350150271,0.2717767384711357,0.9623603298276545,1,0,1261,3.72,3.92,6.62,9.03,224.08,61.79,0
2026-01-17,-25.6,-28.5,-21.7,13.4,16.3,0.0,0.0,69,975.4,130.0,228.0,6.800000000000001,43.6,3055.2000000000003,0.9396926207859083,0.3420201433256688,0.28829064070951776,0.9575429528116719,1,1,1262,3.93,4.17,4.02,5.87,250.83,65.17,0
2026-01-18,-23.1,-26.1,-18.5,6.0,11.4,0.0,0.0,65,969.8,20.0,63.0,7.600000000000001,41.1,378.0,0.9271838545667874,-0.37460659341591207,0.3047192331091634,0.9524422234305676,1,1,1263,15.83,17.1,9.02,18.72,467.92,64.92,0
2026-01-19,-19.5,-24.6,-14.1,7.9,12.8,0.0,0.0,67,962.4,50.0,139.0,10.500000000000002,37.5,1098.1000000000001,-0.17364817766693047,-0.984807753012208,0.32105765418527105,0.9470596510722283,1,0,1264,17.88,20.4,5.82,9.82,354.58,73.92,0
2026-01-20,-16.0,-19.0,-12.4,13.3,15.3,0.0,0.0,72,958.4,210.0,336.0,6.6,34.0,4468.8,-0.4539904997395467,-0.8910065241883679,0.33730106913618424,0.9413968285264122,1,0,1265,21.2,26.1,4.23,8.81,269.0,72.04,0
2026-01-21,-16.8,-21.6,-12.9,7.5,12.6,0.0,0.0,78,958.0,20.0,154.0,8.700000000000001,34.8,1155.0,-0.275637355816999,-0.9612616959383189,0.35344467127408763,0.9354554315134165,1,0,1266,27.72,31.33,9.92,24.07,429.17,58.71,0
2026-01-22,-18.2,-22.2,-13.9,11.9,15.7,0.0,0.0,79,955.4,30.0,190.0,8.299999999999999,36.2,2261.0,0.8660254037844386,0.5000000000000001,0.36948368344738314,0.9292372181882051,1,0,1267,16.24,17.64,5.76,10.51,290.33,60.54,0
2026-01-23,-17.0,-22.5,-14.2,10.2,14.7,2.7,1.89,80,955.3,15.0,213.0,8.3,35.0,2172.6,0.766044443118978,0.6427876096865394,0.38541335945432564,0.9227440286201427,1,0,1268,9.96,11.16,10.97,12.92,321.12,48.42,0
2026-01-24,-19.4,-27.1,-13.5,5.1,8.0,0.2,0.14,82,957.6,25.0,104.0,13.600000000000001,37.4,530.4,0.0871557427476582,-0.9961946980917455,0.40122898544750096,0.9159777842484876,1,1,1269,22.57,24.22,13.87,31.33,583.75,47.71,0
2026-01-25,-13.3,-18.4,-9.0,6.9,9.7,0.8,0.56,81,955.3,45.0,107.0,9.399999999999999,31.3,738.3000000000001,0.838670567945424,-0.5446390350150272,0.41692588132872865,0.908940487313808,1,1,1270,17.56,24.66,6.68,15.1,414.88,73.08,0
2026-01-26,-11.5,-16.0,-8.7,5.1,8.5,0.9,0.63,88,956.6,20.0,157.0,7.300000000000001,29.5,800.6999999999999,-0.7193398003386512,-0.6946583704589973,0.43249940213397886,0.9016342202654859,1,0,1271,16.57,19.54,9.65,26.87,550.58,68.21,0
2026-01-27,-11.5,-16.3,-6.9,8.4,13.7,0.5,0.35,85,958.4,40.0,161.0,9.4,29.5,1352.4,0.9135454576426009,0.4067366430758002,0.44794493940789115,0.8940611451454876,1,0,1272,9.31,10.01,5.88,12.03,489.62,65.46,0
2026-01-28,-12.2,-17.0,-10.1,6.9,12.1,0.8,0.56,86,960.0,75.0,118.0,6.9,30.2,814.2,0.6691306063588582,0.7431448254773942,0.46325792256749165,0.8862235029485801,1,0,1273,10.01,11.35,6.27,10.76,555.79,63.21,0
2026-01-29,-14.7,-19.7,-10.0,4.8,7.3,0.0,0.0,88,967.3,20.0,115.0,9.7,32.7,552.0,-0.2419218955996675,-0.9702957262759965,0.4784338202547012,0.8781236129591848,1,0,1274,15.33,15.71,11.45,26.61,551.17,70.21,0
2026-01-30,-17.2,-25.8,-9.1,8.2,11.8,0.0,0.0,71,961.3,20.0,38.0,16.700000000000003,35.2,311.59999999999997,0.9781476007338057,-0.20791169081775934,0.49346814167723735,0.8697638720650646,1,0,1275,21.9,24.8,12.58,34.36,471.38,72.33,0
2026-01-31,-11.8,-16.7,-4.4,9.1,11.7,0.0,0.0,71,956.0,25.0,43.0,12.299999999999999,29.8,391.3,0.9612616959383189,-0.27563735581699905,0.5083564379375123,0.8611467540480451,1,1,1276,21.6,28.53,9.22,23.46,446.67,76.42,0
2026-02-01,-9.4,-12.9,-3.8,9.6,12.5,0.0,0.0,77,955.6,40.0,56.0,9.100000000000001,27.4,537.6,0.9612616959383189,-0.27563735581699905,0.5230943033491326,0.8522748088519838,1,1,1277,25.46,34.73,6.8,17.8,446.83,94.29,0
2026-02-02,-5.5,-11.4,0.3,9.1,11.5,0.7,0.49,85,952.7,40.0,167.0,11.700000000000001,23.5,1519.7,0.6018150231520482,-0.7986355100472929,0.5376773767406141,0.8431506618282,1,0,1278,24.58,37.18,5.81,14.91,392.75,94.38,0
2026-02-03,-9.0,-16.2,-2.0,8.0,10.6,0.6,0.28,89,955.9,125.0,189.0,14.2,27.0,1512.0,0.1908089953765448,0.981627183447664,0.5521013427459208,0.8337770129585914,1,0,1279,11.96,17.31,7.81,13.42,353.75,69.17,0
2026-02-04,-11.1,-17.7,-5.7,8.9,12.5,0.0,0.0,85,959.9,85.0,168.0,12.0,29.1,1495.2,0.838670567945424,-0.5446390350150272,0.5663619330814524,0.8241566360566663,1,0,1280,6.48,8.25,6.66,11.57,322.83,74.62,0
2026-02-05,-4.6,-8.8,-1.0,13.4,18.7,0.0,0.0,77,950.2,165.0,298.0,7.800000000000001,22.6,3993.2000000000003,0.37460659341591224,-0.9271838545667873,0.580454927809098,0.8142923779467267,1,0,1281,7.22,11.85,3.17,7.33,272.38,99.54,0
2026-02-06,-2.7,-9.9,0.7,24.5,28.4,2.1,0.63,86,947.2,385.0,786.0,10.6,20.7,19257.0,-0.4539904997395467,-0.8910065241883679,0.5943761565849831,0.804187157621448,1,0,1282,4.22,9.39,2.88,8.25,215.67,72.46,0
2026-02-07,-12.0,-14.7,-10.4,15.2,22.7,1.9,1.33,85,960.7,375.0,462.0,4.299999999999999,30.0,7022.4,-0.874619707139396,-0.48480962024633684,0.6081214998935419,0.7938439653781019,1,1,1283,6.61,6.95,4.05,10.19,265.46,65.83,0
2026-02-08,-12.4,-17.8,-7.8,12.4,18.6,0.0,0.0,77,959.8,180.0,283.0,10.0,30.4,3509.2000000000003,0.10452846326765373,-0.9945218953682733,0.6216868902665479,0.7832658619336791,1,1,1284,6.61,7.4,3.84,8.97,256.0,80.75,0
2026-02-09,-2.6,-7.6,2.0,16.3,19.4,1.5,1.05,72,939.3,380.0,502.0,9.6,20.6,8182.6,0.03489949670250114,-0.9993908270190958,0.6350683134867439,0.7724559775191742,1,0,1285,9.5,18.81,3.05,8.06,214.67,93.38,0
2026-02-10,0.4,-0.7,3.0,21.9,30.7,5.9,2.24,92,935.7,365.0,722.0,3.7,17.6,15811.8,-0.5150380749100542,-0.8571673007021123,0.6482618097757123,0.7614175109532997,1,0,1286,4.79,8.46,3.01,7.73,200.83,77.38,0
2026-02-11,-10.7,-16.3,0.2,25.0,30.3,5.6,3.99,82,946.0,775.0,903.0,16.5,28.7,22575.0,-0.882947592858927,-0.46947156278589075,0.6612634749656385,0.7501537286959042,1,0,1287,2.54,3.12,2.0,7.02,205.83,78.33,0
2026-02-12,-18.3,-22.0,-15.5,9.0,19.1,0.2,0.14,80,961.9,35.0,240.0,6.5,36.3,2160.0,-0.6946583704589974,-0.7193398003386511,0.6740694616546162,0.7386679638813748,1,0,1288,12.48,13.4,7.36,18.71,362.54,73.92,0
2026-02-13,-17.4,-22.7,-10.5,10.0,12.6,0.0,0.0,74,960.3,35.0,63.0,12.2,35.4,630.0,0.9876883405951378,-0.1564344650402308,0.6866759803451554,0.7269636153323079,1,0,1289,11.25,12.52,5.89,14.29,382.08,73.04,0
2026-02-14,-15.7,-20.0,-9.3,8.0,11.5,0.0,0.0,66,958.5,25.0,43.0,10.7,33.7,344.0,0.9335804264972017,-0.35836794954530027,0.6990793005655562,0.7150441465537444,1,1,1290,18.89,20.32,9.32,27.65,470.29,85.5,0
2026-02-15,-11.1,-18.7,-3.5,10.6,12.9,0.0,0.0,76,957.9,30.0,94.0,15.2,29.1,996.4,0.8829475928589269,-0.4694715627858909,0.7112757519738152,0.7029130847082615,1,1,1291,15.82,18.86,6.92,18.63,309.67,91.79,0
2026-02-16,-3.0,-8.2,1.1,13.4,14.9,0.0,0.0,82,952.2,95.0,250.0,9.299999999999999,21.0,3350.0,0.05233595624294381,-0.9986295347545738,0.7232617254437389,0.6905740195722293,1,0,1292,13.54,20.89,3.52,8.37,247.92,106.5,0
2026-02-17,-0.5,-3.5,1.4,13.8,19.3,0.0,0.0,92,954.7,120.0,351.0,4.9,18.5,4843.8,-0.6156614753256582,-0.788010753606722,0.7350336741329413,0.6780306024735381,1,0,1293,17.24,31.76,3.88,9.58,256.58,89.04,0
2026-02-18,1.5,0.6,2.5,20.7,25.9,2.7,0.49,98,949.1,190.0,581.0,1.9,16.5,12026.699999999999,-0.6819983600624984,-0.7313537016191706,0.7465881145324131,0.6652865452111115,1,0,1294,6.4,13.54,2.93,7.01,226.88,69.54,0
2026-02-19,-6.8,-16.1,0.3,15.3,19.6,13.8,9.59,90,952.1,85.0,308.0,16.400000000000002,24.8,4712.400000000001,0.6018150231520483,0.7986355100472928,0.757921627497347,0.6523456189565258,1,0,1295,1.75,2.0,3.45,7.41,257.92,72.0,0
2026-02-20,-14.4,-19.1,-9.9,13.2,21.8,0.0,0.0,77,964.6,60.0,193.0,9.200000000000001,32.4,2547.6,0.9876883405951378,0.15643446504023092,0.7690308592589181,0.6392116531380588,1,0,1296,6.23,7.88,5.34,12.33,280.29,76.5,0
2026-02-21,-8.2,-12.8,-5.0,17.0,23.9,5.3,3.71,78,955.0,135.0,526.0,7.800000000000001,26.2,8942.0,0.06975647374412552,-0.9975640502598242,0.7799125224167178,0.6258885343075017,1,1,1297,4.23,5.5,3.04,7.14,226.29,87.62,0
2026-02-22,-5.9,-8.9,-2.8,14.4,25.4,1.7,1.19,89,952.1,200.0,673.0,6.1000000000000005,23.9,9691.2,-0.6018150231520484,-0.7986355100472928,0.7905633969115482,0.6123802049900648,1,1,1298,3.01,3.21,3.45,10.97,251.5,79.0,0
2026-02-23,-15.2,-21.0,-3.5,22.4,33.2,2.8,1.96,80,949.1,65.0,644.0,17.5,33.2,14425.599999999999,-0.9702957262759965,-0.24192189559966779,0.8009803309782905,0.5986906625177214,1,0,1299,5.03,5.71,3.07,7.03,255.88,81.83,0
2026-02-24,-21.8,-27.3,-16.7,5.4,10.7,0.0,0.0,78,964.9,10.0,62.0,10.600000000000001,39.8,334.8,0.8571673007021123,0.5150380749100542,0.8111602420785621,0.5848239578463323,1,0,1300,16.04,17.47,7.31,21.27,495.96,77.92,0
2026-02-25,-18.2,-22.8,-12.8,12.1,16.4,0.0,0.0,70,965.4,50.0,154.0,10.0,36.2,1863.3999999999999,0.9563047559630354,0.29237170472273677,0.821100117812889,0.5707841943569038,1,0,1301,12.26,13.68,3.59,8.02,273.83,82.83,0
2026-02-26,-20.6,-25.2,-17.5,17.8,20.6,0.0,0.0,72,961.3,190.0,308.0,7.699999999999999,38.6,5482.400000000001,0.8660254037844386,0.5000000000000001,0.8307970168121248,0.5565755266413303,1,0,1302,9.87,11.31,3.19,8.84,238.42,72.21,0
2026-02-27,-25.8,-29.2,-21.1,10.9,16.3,0.0,0.0,72,963.3,25.0,172.0,8.099999999999998,43.8,1874.8,0.838670567945424,0.5446390350150271,0.8402480696078469,0.5422021592729844,1,0,1303,11.14,11.94,9.48,20.72,347.83,59.67,0
2026-02-28,-26.0,-31.7,-19.9,2.2,4.7,0.0,0.0,77,962.5,10.0,60.0,11.8,44.0,132.0,-0.4226182617406993,-0.90630778703665,0.8494504794814806,0.527668345562516,1,1,1304,20.56,22.78,11.45,33.54,761.67,67.79,0
2026-03-01,-20.6,-28.5,-13.0,8.0,11.1,0.0,0.0,75,962.6,25.0,105.0,15.5,38.6,840.0,0.8829475928589269,-0.4694715627858909,0.8584015232918917,0.512978386299228,1,1,1305,20.27,23.31,9.75,27.45,442.88,74.83,0
2026-03-02,-13.4,-16.8,-9.6,10.6,15.1,0.0,0.0,80,958.1,120.0,239.0,7.200000000000001,31.4,2533.4,-0.4539904997395467,-0.8910065241883679,0.8670985522812081,0.4981366284784055,1,0,1306,16.22,22.65,4.66,10.6,293.83,90.58,0
2026-03-03,-7.9,-11.1,-5.6,15.9,20.0,1.8,1.26,86,957.1,105.0,464.0,5.5,25.9,7377.6,-0.7193398003386512,-0.6946583704589973,0.8755389928586303,0.4831474640149685,1,0,1307,11.1,16.78,3.32,8.92,249.17,87.75,0
2026-03-04,-6.2,-11.0,-1.1,9.0,13.3,0.0,0.0,82,955.9,55.0,207.0,9.9,24.2,1863.0,-0.0348994967025009,-0.9993908270190958,0.8837203473619977,0.4680153284438345,1,0,1308,16.77,25.31,4.49,9.74,278.88,92.88,0
2026-03-05,-4.5,-7.8,-2.6,14.9,17.4,1.1,0.77,92,953.4,165.0,443.0,5.199999999999999,22.5,6600.7,-0.6293203910498376,-0.7771459614569708,0.8916401947968874,0.45274469960737107,1,0,1309,6.53,9.26,3.54,8.42,226.25,90.71,0
2026-03-06,-2.7,-4.2,-1.5,13.1,20.5,1.0,0.7,91,957.1,115.0,499.0,2.7,20.7,6536.9,-0.7771459614569706,-0.6293203910498378,0.8992961915530253,0.4373400963303323,1,0,1310,4.62,4.95,5.37,13.81,247.96,81.25,0
2026-03-07,-2.1,-4.3,0.1,19.5,26.8,0.1,0.07,90,956.2,425.0,634.0,4.3999999999999995,20.1,12363.0,-0.39073112848927355,-0.9205048534524404,0.9066860720977985,0.4218060770826634,1,1,1311,3.62,4.83,3.09,8.72,197.21,95.58,0
2026-03-08,-1.5,-4.9,1.7,20.4,29.4,2.5,1.19,89,950.4,405.0,808.0,6.6000000000000005,19.5,16483.199999999997,-0.587785252292473,-0.8090169943749475,0.9138076496466615,0.4061472386305789,1,1,1312,3.73,5.58,2.68,7.66,201.75,92.04,0
2026-03-09,-3.4,-6.4,0.2,14.2,24.6,2.0,1.33,89,947.0,280.0,666.0,6.6000000000000005,21.4,9457.199999999999,-0.7313537016191703,-0.6819983600624986,0.9206588168102429,0.39036821467630245,1,0,1313,4.63,5.5,3.6,10.42,244.71,82.62,0
2026-03-10,-12.0,-23.8,-3.3,25.3,40.8,0.6,0.49,81,949.1,265.0,913.0,20.5,30.0,23098.9,-0.7986355100472928,-0.6018150231520483,0.9272375462179537,0.374473674486883,1,0,1314,6.77,8.95,2.97,7.38,225.33,79.0,0
2026-03-11,-20.7,-25.6,-15.7,21.2,28.5,0.0,0.0,74,973.6,365.0,578.0,9.900000000000002,38.7,12253.6,-0.7431448254773944,-0.6691306063588581,0.9335418911179212,0.35846832151248087,1,0,1315,9.91,13.38,2.26,6.75,231.67,84.33,0
2026-03-12,-10.1,-15.2,-5.9,25.4,30.4,2.8,1.96,82,970.4,600.0,685.0,9.299999999999999,28.1,17399.0,-0.6946583704589974,-0.7193398003386511,0.9395699859530622,0.342356891994542,1,0,1316,18.58,24.87,2.29,6.82,233.25,82.58,0
2026-03-13,-4.4,-6.0,-2.1,19.8,23.8,0.0,0.0,87,967.8,415.0,563.0,3.9,22.4,11147.4,-0.7660444431189779,-0.6427876096865395,0.945320046913132,0.3261441535642696,1,0,1317,14.4,22.95,3.01,8.35,229.25,82.88,0
2026-03-14,-2.2,-5.7,-0.1,13.6,17.9,0.0,0.0,88,965.8,205.0,445.0,5.6000000000000005,20.2,6052.0,-0.8571673007021121,-0.5150380749100544,0.9507903724625832,0.3098349038318025,1,1,1318,20.0,42.33,3.56,10.06,246.62,87.62,0
2026-03-15,-4.2,-6.2,-2.2,9.2,14.3,1.3,0.91,91,964.5,90.0,233.0,4.0,22.2,2143.6,-0.9335804264972015,-0.3583679495453007,0.9559793438440766,0.2934339689665273,1,1,1319,6.86,9.71,4.84,10.3,445.21,91.71,0
2026-03-16,-1.9,-4.3,0.6,9.9,14.6,0.0,0.0,87,967.7,100.0,337.0,4.8999999999999995,19.9,3336.3,0.984807753012208,-0.1736481776669303,0.9608854255574977,0.27694620226893646,1,0,1320,5.08,5.23,4.05,10.16,376.42,90.42,0
2026-03-17,-5.0,-9.2,0.1,9.4,12.3,0.0,0.0,87,960.9,35.0,161.0,9.299999999999999,23.0,1513.4,0.984807753012208,0.17364817766693041,0.9655071658143364,0.2603764827344579,1,0,1321,8.85,9.92,3.9,12.68,328.29,89.29,0
2026-03-18,-6.3,-11.8,-1.8,4.8,8.3,0.0,0.0,95,957.1,20.0,112.0,10.0,24.3,537.6,0.08715574274765817,0.9961946980917455,0.969843196967294,0.24372971360968387,1,0,1322,5.87,6.42,5.47,13.62,425.17,86.54,0
2026-03-19,-5.2,-8.2,-2.2,4.5,10.9,0.0,0.0,96,958.2,10.0,163.0,5.999999999999999,23.2,733.5,-0.9743700647852352,0.22495105434386492,0.9738922359149924,0.22701082094141847,1,0,1323,5.35,7.02,5.45,13.67,399.5,104.08,0
2026-03-20,-4.8,-7.7,-0.1,4.1,8.5,0.0,0.0,94,959.0,30.0,96.0,7.6000000000000005,22.8,393.59999999999997,0.9135454576426009,0.4067366430758002,0.9776530844816641,0.21022475211898378,1,0,1324,10.62,13.85,10.01,30.96,457.46,105.29,0
2026-03-21,-3.6,-9.6,3.2,5.6,10.9,0.0,0.0,81,952.4,10.0,38.0,12.8,21.6,212.79999999999998,0.9998476951563913,-0.017452406437283477,0.9811246297717121,0.19337647441020564,1,1,1325,25.08,35.74,12.1,42.51,572.75,109.46,0
2026-03-22,-1.2,-7.8,4.5,5.3,7.8,0.0,0.0,76,950.3,25.0,119.0,12.3,19.2,630.6999999999999,-0.9975640502598243,0.06975647374412522,0.984305844499033,0.17647097349152166,1,1,1326,31.17,41.34,7.51,20.88,474.58,95.75,0
2026-03-23,-0.5,-5.4,4.2,5.7,10.7,0.0,0.0,87,952.2,30.0,212.0,9.600000000000001,18.5,1208.4,-0.35836794954530077,0.9335804264972015,0.9871957872910085,0.15951325197263633,1,0,1327,18.33,25.97,5.15,13.79,383.29,86.42,0
2026-03-24,-2.1,-4.1,1.8,6.5,9.6,0.0,0.0,92,960.7,30.0,226.0,5.8999999999999995,20.1,1469.0,-0.9986295347545738,0.052335956242943946,0.9897936029670716,0.14250832791617088,1,0,1328,11.39,13.09,7.99,25.89,336.04,94.79,0
2026-03-25,1.5,-4.3,7.6,5.4,9.6,0.0,0.0,74,961.1,30.0,259.0,11.899999999999999,16.5,1398.6000000000001,0.8480480961564261,-0.5299192642332048,0.992098522791769,0.1254612333527367,1,0,1329,18.05,20.54,8.37,28.95,334.67,80.04,0
2026-03-26,5.3,-0.9,14.1,9.5,13.3,0.0,0.0,62,958.2,55.0,205.0,15.0,12.7,1947.5,0.9945218953682733,0.10452846326765346,0.9941098647022418,0.10837701279187609,1,0,1330,13.1,16.68,4.12,10.84,250.96,70.83,0
2026-03-27,6.3,0.4,13.5,14.1,17.7,0.0,0.0,62,959.4,70.0,380.0,13.1,11.7,5358.0,0.9876883405951378,0.15643446504023092,0.9958270335100595,0.09126072172931188,1,0,1331,7.84,20.2,2.33,6.99,212.54,74.58,0
2026-03-28,6.7,1.6,14.4,15.1,16.6,0.0,0.0,77,956.3,170.0,410.0,12.8,11.3,6191.0,0.981627183447664,0.19080899537654492,0.9972495210773451,0.07411742515094415,1,1,1332,18.63,48.2,2.36,12.95,208.04,74.54,0
2026-03-29,7.2,-0.1,16.6,10.7,14.2,0.0,0.0,66,952.8,75.0,246.0,16.700000000000003,10.8,2632.2,0.9902680687415704,0.13917310096006547,0.998376906467142,0.05695219603403953,1,1,1333,9.02,12.83,2.85,7.73,211.12,71.54,0
2026-03-30,8.5,1.2,17.5,12.1,15.4,0.0,0.0,55,951.4,90.0,320.0,16.3,9.5,3872.0,1.0,6.123233995736766e-17,0.9992088560679753,0.03977011384605594,1,0,1334,4.86,6.52,2.75,7.48,180.83,70.46,0
2026-03-31,9.4,1.6,18.9,7.6,12.0,0.0,0.0,59,949.1,40.0,221.0,17.299999999999997,8.6,1679.6,0.992546151641322,0.12186934340514749,0.9997451236925734,0.022576263041545485,1,0,1335,5.43,9.78,4.17,11.41,273.12,64.58,0
2026-04-01,9.3,1.7,17.3,9.3,16.8,0.0,0.0,63,949.8,10.0,276.0,15.600000000000001,8.7,2566.8,0.8191520442889918,0.573576436351046,0.9999855506507186,0.005375731557583884,0,0,1336,8.88,13.62,3.93,13.02,256.83,62.88,0
2026-04-02,10.3,1.8,20.1,8.7,16.2,0.0,0.0,66,952.4,30.0,293.0,18.3,7.699999999999999,2549.1,0.9945218953682733,-0.10452846326765355,0.9999300657962057,-0.011826390691832589,0,0,1337,8.38,9.74,6.52,25.68,289.12,67.12,0
2026-04-03,11.9,3.7,21.2,8.0,14.8,0.0,0.0,59,950.2,15.0,338.0,17.5,6.1,2704.0,0.981627183447664,0.19080899537654492,0.9995786855478958,-0.029025013321975237,0,0,1338,6.78,8.04,4.04,11.23,253.54,69.12,0
2026-04-04,12.3,3.6,21.4,10.1,14.7,0.3,0.0,52,944.5,45.0,334.0,17.799999999999997,5.699999999999999,3373.4,0.5150380749100544,-0.8571673007021122,0.9989315138848577,-0.046215046983708576,0,1,1339,3.6,4.53,4.42,11.75,216.92,72.25,0
2026-04-05,10.9,7.4,13.9,13.8,23.4,0.2,0.0,78,944.1,45.0,538.0,6.5,7.1,7424.400000000001,-0.9335804264972015,-0.3583679495453007,0.9979887423155984,-0.06339140486951038,0,1,1340,11.67,14.51,3.76,10.27,225.5,73.83,0
2026-04-06,9.4,1.6,15.9,4.5,12.1,0.0,0.0,74,947.6,10.0,563.0,14.3,8.6,2533.5,0.7771459614569709,0.6293203910498374,0.9967506498213929,-0.0805490042187419,0,0,1341,17.88,20.19,7.25,19.02,331.21,71.21,0
2026-04-07,11.9,5.3,19.5,9.5,12.7,0.0,0.0,65,946.1,25.0,693.0,14.2,6.1,6583.5,0.788010753606722,-0.6156614753256583,0.9952176027737294,-0.09768276782171598,0,0,1342,11.04,13.51,3.4,10.75,244.79,77.46,0
2026-04-08,10.2,7.5,12.4,11.7,19.6,1.1,0.0,73,946.7,20.0,363.0,4.9,7.800000000000001,4247.099999999999,0.6946583704589973,0.7193398003386512,0.9933900548258936,-0.11478762552212723,0,0,1343,14.02,15.83,2.93,6.7,236.04,70.92,0
2026-04-09,9.0,5.9,13.9,13.9,21.2,8.1,0.0,83,948.4,60.0,368.0,8.0,9.0,5115.2,0.777145961456971,-0.6293203910498373,0.9912685467787256,-0.1318585157173914,0,0,1344,10.21,17.28,4.36,13.37,198.08,70.58,0
2026-04-10,7.9,4.7,10.6,13.6,17.9,2.2,0.0,90,953.7,325.0,444.0,5.8999999999999995,10.1,6038.4,-1.0,-1.8369701987210297e-16,0.9888537064205885,-0.1488903868564546,0,0,1345,8.99,11.36,3.75,9.24,216.75,52.25,0
2026-04-11,8.3,3.1,13.9,7.3,12.5,0.0,0.0,78,961.3,30.0,461.0,10.8,9.7,3365.2999999999997,0.43837114678907746,0.898794046299167,0.986146248341595,-0.16587819893463143,0,1,1346,12.75,16.68,4.1,12.68,227.92,63.88,0
2026-04-12,8.9,2.0,15.4,5.6,10.6,0.0,0.0,68,961.5,20.0,433.0,13.4,9.1,2424.7999999999997,0.9998476951563913,0.0174524064372836,0.9831469737221499,-0.1828169249850199,0,1,1347,11.1,13.47,4.52,13.76,265.33,67.42,0
2026-04-13,9.8,3.1,16.9,9.3,17.9,0.5,0.0,73,958.6,10.0,537.0,13.799999999999999,8.2,4994.1,-0.1736481776669304,0.984807753012208,0.9798567700958665,-0.1997015525660638,0,0,1348,7.57,8.9,4.11,8.97,225.42,70.88,0
2026-04-14,7.3,1.1,13.5,7.8,15.4,0.0,0.0,65,958.3,10.0,449.0,12.4,10.7,3502.2,0.9396926207859083,0.3420201433256688,0.9762766110869321,-0.2165270852448146,0,0,1349,5.51,5.82,6.6,21.7,263.25,73.62,0
2026-04-15,7.1,2.3,13.5,11.6,22.0,4.5,1.05,74,949.7,20.0,393.0,11.2,10.9,4558.8,0.5299192642332049,0.848048096156426,0.9724075561219969,-0.233288544075455,0,0,1350,10.72,13.97,5.2,11.98,207.88,70.88,0
2026-04-16,-1.5,-3.7,1.7,19.5,23.6,7.3,4.55,87,948.8,480.0,584.0,5.4,19.5,11388.0,0.754709580222772,0.6560590289905073,0.9682507501166718,-0.2499809690726523,0,0,1351,10.02,11.92,5.1,14.15,189.96,75.5,0
2026-04-17,-1.2,-5.5,4.0,15.4,21.6,0.0,0.0,61,955.8,45.0,838.0,9.5,19.2,12905.2,0.4694715627858908,0.882947592858927,0.9638074231367307,-0.26659942067929354,0,0,1352,7.4,9.02,3.89,10.67,212.33,83.96,0
2026-04-18,3.4,-2.6,10.2,9.3,11.2,0.0,0.0,59,964.0,50.0,513.0,12.799999999999999,14.6,4770.900000000001,-0.7313537016191703,-0.6819983600624986,0.9590788900341131,-0.28313898122818354,0,1,1353,13.03,14.65,4.47,13.46,203.5,91.71,0
2026-04-19,6.4,-1.3,13.7,6.1,10.2,0.0,0.0,55,957.2,35.0,534.0,15.0,11.6,3257.3999999999996,0.9510565162951535,0.30901699437494745,0.9540665500578386,-0.2995947563972604,0,1,1354,26.37,29.58,6.57,21.86,200.38,97.25,0
2026-04-20,9.1,-0.3,17.0,4.8,8.5,0.0,0.0,54,953.9,15.0,490.0,17.3,8.9,2352.0,0.8660254037844387,-0.49999999999999983,0.9487718864399474,-0.3159618766579027,0,0,1355,15.6,16.75,7.7,22.35,222.29,80.04,0
2026-04-21,12.9,6.3,19.9,9.2,14.5,0.4,0.0,54,948.1,70.0,698.0,13.599999999999998,5.1,6421.599999999999,0.15643446504023098,-0.9876883405951377,0.9431964659565865,-0.3322354987159046,0,0,1356,5.17,9.99,4.37,9.72,189.58,83.25,0
2026-04-22,15.2,8.7,21.9,13.0,25.3,0.8,0.0,58,943.4,30.0,580.0,13.2,2.8000000000000007,7540.0,-0.052335956242943564,-0.9986295347545738,0.9373419384643773,-0.3484108069446806,0,0,1357,14.09,34.19,4.83,11.69,170.04,80.62,0
2026-04-23,13.5,10.2,16.0,13.5,19.3,1.5,0.0,77,943.7,160.0,561.0,5.800000000000001,4.5,7573.5,-0.882947592858927,-0.46947156278589075,0.9312100364121947,-0.3644830148102912,0,0,1358,12.79,23.45,3.65,8.74,173.08,80.12,0
2026-04-24,12.4,4.5,19.4,7.9,15.7,0.0,0.0,68,952.6,25.0,688.0,14.899999999999999,5.6,5435.2,-0.6293203910498376,-0.7771459614569708,0.9248025743285089,-0.38044736628785186,0,0,1359,9.77,12.97,5.08,12.45,197.42,76.54,0
2026-04-25,16.0,8.2,22.7,11.8,20.6,0.0,0.0,58,952.1,25.0,816.0,14.5,2.0,9628.800000000001,-0.08715574274765794,-0.9961946980917455,0.9181214482844365,-0.39629913726891797,0,1,1360,7.96,13.27,4.09,9.54,169.5,77.75,0
2026-04-26,14.0,5.3,23.7,18.9,31.3,6.5,0.0,64,948.8,60.0,847.0,18.4,4.0,16008.3,-0.4539904997395467,-0.8910065241883679,0.9111686353326631,-0.41203363695942635,0,1,1361,5.51,9.35,2.69,6.7,165.79,88.88,0
2026-04-27,8.1,1.9,13.3,7.2,13.9,0.0,0.0,65,958.4,40.0,732.0,11.4,9.9,5270.400000000001,-0.6819983600624984,0.7313537016191707,0.9039461929224011,-0.42764620926777464,0,0,1362,10.03,10.75,3.85,7.97,202.21,76.54,0
2026-04-28,10.7,4.1,16.7,14.4,18.3,0.0,0.0,51,960.0,130.0,677.0,12.6,7.300000000000001,9748.800000000001,0.9993908270190958,0.03489949670250108,0.8964562582905575,-0.44313223418263453,0,0,1363,7.5,8.19,2.62,9.15,163.71,79.38,0
2026-04-29,13.4,4.9,22.4,9.4,17.7,0.0,0.0,51,957.0,40.0,382.0,17.5,4.6,3590.8,0.9993908270190958,0.03489949670250108,0.8887010478292913,-0.45848712914008805,0,0,1364,2.99,3.2,4.08,9.78,176.38,80.33,0
2026-04-30,17.0,9.2,26.4,10.0,13.9,0.0,0.0,38,953.2,50.0,629.0,17.2,1.0,6290.0,0.9271838545667874,-0.37460659341591207,0.8806828564301475,-0.47370635037968,0,0,1365,2.47,2.7,3.76,7.95,161.79,81.12,0
2026-05-01,18.9,10.5,26.6,13.2,17.5,0.0,0.0,35,948.6,85.0,917.0,16.1,0.0,12104.4,0.13917310096006533,-0.9902680687415704,0.8724040568049614,-0.48878539428899226,0,0,1366,2.62,4.38,3.16,7.8,153.38,86.96,0
2026-05-02,14.6,8.7,19.2,11.1,16.1,0.0,0.0,50,954.6,80.0,645.0,10.5,3.4000000000000004,7159.5,-0.7771459614569708,0.6293203910498375,0.8638670987837349,-0.503719798736334,0,1,1367,4.54,5.16,2.95,7.05,175.21,85.25,0
2026-05-03,14.1,9.3,19.0,11.4,13.7,0.0,0.0,43,956.3,155.0,698.0,9.7,3.9000000000000004,7957.2,0.3420201433256687,0.9396926207859084,0.8550745085896932,-0.518505144391157,0,1,1368,2.57,2.72,2.63,4.55,181.62,81.54,0
2026-05-04,14.6,8.1,20.6,8.0,12.7,0.0,0.0,39,957.2,100.0,784.0,12.500000000000002,3.4000000000000004,6272.0,0.9961946980917455,-0.08715574274765824,0.8460288880917337,-0.5331370560318094,0,0,1369,6.27,6.54,4.05,11.15,185.79,81.58,0
2026-05-05,17.8,9.9,24.8,13.0,16.6,0.0,0.0,36,954.3,115.0,904.0,14.9,0.1999999999999993,11752.0,-0.2079116908177595,-0.9781476007338056,0.8367329140344921,-0.5476112038402312,0,0,1370,4.3,4.83,3.41,9.19,164.33,81.17,0
2026-05-06,20.1,13.0,27.1,12.4,17.3,0.0,0.0,33,953.4,120.0,999.0,14.100000000000001,0.0,12387.6,-0.6691306063588582,-0.7431448254773942,0.8271893372462497,-0.5619233046832195,0,0,1371,6.31,17.31,3.52,7.74,164.58,81.67,0
2026-05-07,21.3,13.5,29.3,11.8,18.7,0.3,0.0,42,951.2,80.0,1101.0,15.8,0.0,12991.800000000001,-0.275637355816999,-0.9612616959383189,0.8174009818249192,-0.5760691233798755,0,0,1372,5.73,12.44,3.51,7.36,169.83,80.17,0
2026-05-08,19.6,13.5,26.0,7.1,18.6,0.8,0.0,57,950.1,25.0,476.0,12.5,0.0,3379.6,-0.5150380749100542,-0.8571673007021123,0.8073707443023492,-0.5900444739548627,0,0,1373,11.65,22.12,6.31,18.29,187.42,81.33,0
2026-05-09,20.4,14.0,25.6,15.4,23.7,0.0,0.0,46,946.4,30.0,1371.0,11.600000000000001,0.0,21113.4,-0.754709580222772,-0.6560590289905073,0.7971015927871941,-0.6038452208771039,0,1,1374,7.0,15.84,3.35,7.29,160.33,95.58,0
2026-05-10,13.2,8.2,16.7,14.3,23.4,1.6,0.0,61,944.5,250.0,793.0,8.5,4.800000000000001,11339.900000000001,-0.9781476007338056,0.20791169081775945,0.7865965660866021,-0.6174672802835514,0,1,1375,7.4,11.24,2.8,5.64,152.21,77.79,0
2026-05-11,7.1,3.4,10.2,13.8,19.5,0.0,0.0,44,955.8,160.0,1271.0,6.799999999999999,10.9,17539.8,-0.4848096202463369,0.8746197071393959,0.7758587728069828,-0.6309066211876704,0,0,1376,6.02,7.09,2.5,4.84,153.12,80.17,0
2026-05-12,7.9,0.2,14.0,12.4,19.4,0.0,0.0,45,962.2,85.0,1031.0,13.8,10.1,12784.4,-0.9993908270190958,-0.03489949670250076,0.7648913904341226,-0.6441592666722685,0,0,1377,5.33,5.75,3.45,6.41,158.46,78.96,0
2026-05-13,10.0,7.2,13.5,8.0,13.4,0.3,0.0,50,959.7,95.0,581.0,6.3,8.0,4648.0,-0.9945218953682734,-0.10452846326765336,0.753697664392914,-0.6572212950663319,0,0,1378,8.15,9.81,4.48,6.82,157.0,61.67,0
2026-05-14,11.7,4.2,17.8,12.0,19.4,0.0,0.0,46,959.1,45.0,1048.0,13.600000000000001,6.300000000000001,12576.0,0.6691306063588582,0.7431448254773942,0.742280907086982,-0.6700888411055113,0,0,1379,9.72,11.56,3.81,3.82,171.79,67.92,0
2026-05-15,11.9,3.9,18.7,11.2,16.3,0.0,0.0,32,960.2,130.0,776.0,14.799999999999999,6.1,8691.199999999999,0.992546151641322,0.12186934340514749,0.7306444969184914,-0.6827580970759151,0,0,1380,1.39,1.53,3.2,6.73,160.83,73.08,0
2026-05-16,15.5,6.3,22.6,8.5,14.5,0.0,0.0,29,956.6,65.0,766.0,16.3,2.5,6511.0,0.9659258262890683,0.25881904510252074,0.7187918772884229,-0.6952253139408725,0,1,1381,1.97,2.31,3.23,5.38,155.62,68.75,0
2026-05-17,18.8,10.5,24.8,11.6,17.6,0.0,0.0,37,956.3,15.0,1078.0,14.3,0.0,12504.8,0.5877852522924731,0.8090169943749475,0.7067265555776159,-0.7074868024503348,0,1,1382,4.85,7.21,3.14,3.55,158.38,80.17,0
2026-05-18,17.1,10.6,22.8,13.6,15.7,0.0,0.0,28,954.4,180.0,790.0,12.200000000000001,0.8999999999999986,10744.0,0.8090169943749475,0.5877852522924731,0.6944521021088763,-0.719538934232584,0,0,1383,1.31,1.37,3.54,8.57,145.46,78.38,0
2026-05-19,15.5,8.8,21.1,12.7,17.0,0.0,0.0,25,953.8,100.0,879.0,12.3,2.5,11163.3,0.8829475928589269,0.46947156278589086,0.6819721490904626,-0.7313781428679257,0,0,1384,2.25,2.42,3.49,7.4,146.92,77.42,0
2026-05-20,15.6,6.8,22.8,8.1,11.3,0.0,0.0,25,952.2,70.0,670.0,16.0,2.4000000000000004,5427.0,-0.2419218955996675,-0.9702957262759965,0.6692903895412567,-0.7430009249440493,0,0,1385,2.31,2.37,4.65,10.35,162.29,81.29,0
2026-05-21,11.7,6.3,16.4,17.1,26.8,0.2,0.0,52,947.3,60.0,733.0,10.099999999999998,6.300000000000001,12534.300000000001,0.49999999999999994,0.8660254037844387,0.6564105761979381,-0.7544038410927472,0,0,1386,4.59,5.07,3.09,5.3,148.46,74.12,0
2026-05-22,7.9,3.2,12.0,14.9,18.8,0.0,0.0,50,955.2,60.0,974.0,8.8,10.1,14512.6,0.573576436351046,0.8191520442889918,0.6433365204044917,-0.765583517007675,0,0,1387,8.48,9.45,2.69,6.95,149.83,68.75,0
2026-05-23,11.8,2.2,19.0,11.0,17.9,0.0,0.0,46,956.4,35.0,755.0,16.8,6.199999999999999,8305.0,-0.9781476007338056,-0.2079116908177598,0.630072090984369,-0.7765366444428653,0,1,1388,3.95,4.17,5.06,8.15,175.04,67.33,0
2026-05-24,17.0,12.2,21.9,10.5,15.6,0.9,0.0,47,954.7,30.0,810.0,9.7,1.0,8505.0,-0.9659258262890684,0.2588190451025203,0.6166212130956382,-0.7872599821916922,0,1,1389,7.51,8.85,2.46,5.4,144.21,73.67,0
2026-05-25,19.9,10.9,26.5,8.3,13.0,0.0,0.0,45,955.3,30.0,935.0,15.6,0.0,7760.500000000001,0.01745240643728344,-0.9998476951563913,0.6029878670694714,-0.7977503570459932,0,0,1390,11.28,13.32,4.28,9.75,150.0,78.92,0
2026-05-26,21.9,13.9,28.5,7.6,16.8,0.4,0.0,41,950.3,30.0,972.0,14.6,0.0,7387.2,0.8090169943749475,-0.587785252292473,0.5891760872322963,-0.8080046647350754,0,0,1391,12.32,15.29,5.62,10.28,170.96,80.33,0
2026-05-27,22.4,16.3,29.4,14.0,25.2,0.0,0.0,37,943.8,135.0,1484.0,13.099999999999998,0.0,20776.0,0.24192189559966773,-0.9702957262759965,0.5751899607119779,-0.8180198708443172,0,0,1392,8.74,11.2,3.15,5.38,138.33,84.92,0
2026-05-28,15.0,11.1,19.3,21.6,33.0,8.3,0.0,70,945.1,430.0,1087.0,8.200000000000001,3.0,23479.2,-0.7771459614569706,-0.6293203910498378,0.5610336262283677,-0.8277930117131022,0,0,1393,9.65,18.34,2.46,4.95,125.38,81.83,0
2026-05-29,18.4,11.1,24.8,18.4,29.4,0.0,0.0,49,954.6,50.0,1192.0,13.700000000000001,0.0,21932.8,-0.8386705679454242,-0.544639035015027,0.5467112728685936,-0.8373211953118124,0,0,1394,11.86,29.47,2.73,4.76,133.38,74.67,0
2026-05-30,22.6,13.4,30.0,9.2,15.1,0.0,0.0,39,953.7,45.0,1105.0,16.6,0.0,10166.0,0.40673664307580043,-0.9135454576426008,0.5322271388474397,-0.8466016020976267,0,1,1395,6.69,14.08,4.63,6.52,140.67,72.12,0
2026-05-31,26.1,17.9,33.1,9.2,13.7,0.0,0.0,30,948.1,10.0,1291.0,15.200000000000003,0.0,11877.199999999999,0.4694715627858907,-0.882947592858927,0.5175855102531889,-0.8556314858488706,0,1,1396,5.5,9.21,4.08,5.6,151.54,75.46,0
2026-06-01,25.1,19.0,34.1,10.3,21.6,4.8,0.0,39,946.2,40.0,746.0,15.100000000000001,0.0,7683.8,0.9975640502598242,0.06975647374412523,0.5027907197793039,-0.864408174477665,0,0,1397,7.3,13.84,3.43,5.66,143.5,80.21,0
2026-06-02,23.3,17.7,27.7,11.5,14.6,0.0,0.0,39,950.2,70.0,948.0,10.0,0.0,10902.0,-0.45399049973954697,0.8910065241883678,0.4878471454423119,-0.8729290708206411,0,0,1398,8.1,13.26,2.68,5.73,140.0,85.42,0
2026-06-03,23.4,17.3,30.6,12.4,22.1,0.4,0.0,39,951.3,105.0,1006.0,13.3,0.0,12474.4,0.9781476007338057,-0.20791169081775934,0.47275920928627757,-0.881191653407483,0,0,1399,6.9,10.87,3.87,9.93,155.62,88.42,0
2026-06-04,23.0,17.2,28.3,6.4,12.6,0.7,0.0,47,949.3,15.0,928.0,11.100000000000001,0.0,5939.200000000001,-0.15643446504023073,-0.9876883405951378,0.4575313760742512,-0.8891934772070711,0,0,1400,14.42,22.72,6.16,11.03,146.96,85.38,0
2026-06-05,21.9,13.7,28.3,7.9,15.5,0.0,0.0,39,949.3,20.0,1136.0,14.600000000000001,0.0,8974.4,-0.7431448254773944,-0.6691306063588581,0.44216815196707204,-0.8969321743510065,0,0,1401,17.32,56.46,5.53,8.73,141.88,76.71,0
2026-06-06,22.4,13.6,28.3,6.4,11.4,0.0,0.0,38,951.3,10.0,1057.0,14.700000000000001,0.0,6764.8,-0.874619707139396,-0.48480962024633684,0.42667408318992467,-0.9044054548343001,0,1,1402,12.75,29.07,5.16,8.65,155.29,76.79,0
2026-06-07,24.5,17.7,31.6,8.2,19.8,0.8,0.0,34,953.1,105.0,1404.0,13.900000000000002,0.0,11512.8,0.6560590289905073,0.754709580222772,0.41105375468703553,-0.9116111071930236,0,1,1403,9.35,17.17,2.78,5.62,138.96,82.67,0
2026-06-08,25.6,17.5,32.2,9.7,16.1,0.0,0.0,35,951.1,35.0,1382.0,14.700000000000003,0.0,13405.4,0.9455185755993168,-0.32556815445715664,0.3953117887649151,-0.9185469991587165,0,0,1404,11.58,20.31,2.72,5.14,133.46,80.46,0
2026-06-09,24.2,16.8,32.6,13.1,26.9,0.8,0.0,41,947.4,110.0,1082.0,15.8,0.0,14174.199999999999,1.2246467991473532e-16,-1.0,0.37945284372454396,-0.9252110782893581,0,0,1405,10.36,15.39,4.23,7.17,143.79,80.54,0
2026-06-10,22.1,15.9,27.8,12.6,21.9,0.0,0.0,44,948.3,95.0,1492.0,11.9,0.0,18799.2,-0.656059028990507,-0.7547095802227721,0.36348161248290634,-0.9316013725767187,0,0,1406,15.54,37.32,3.63,6.05,129.46,78.58,0
2026-06-11,22.0,15.6,27.6,8.9,20.3,0.5,0.0,47,948.2,10.0,981.0,12.000000000000002,0.0,8730.9,-0.7880107536067221,-0.6156614753256581,0.3474028211842774,-0.9377159910299093,0,0,1407,12.6,14.78,6.25,9.1,147.71,74.0,0
2026-06-12,20.3,14.8,25.5,8.9,18.6,2.5,0.0,55,946.0,10.0,847.0,10.7,0.0,7538.3,-0.43837114678907746,-0.8987940462991669,0.33122122780168606,-0.9435531242349545,0,0,1408,12.16,13.08,7.26,8.7,139.88,71.58,0
2026-06-13,21.1,14.7,27.1,9.0,18.2,0.6,0.0,51,945.2,35.0,934.0,12.400000000000002,0.0,8406.0,-0.8191520442889916,-0.5735764363510464,0.3149416207289515,-0.9491110448902285,0,1,1409,7.88,9.0,4.74,7.05,134.88,75.5,0
2026-06-14,20.8,15.4,27.9,9.1,23.0,1.9,0.0,59,944.6,55.0,668.0,12.499999999999998,0.0,6078.8,0.13917310096006533,-0.9902680687415704,0.2985688173637198,-0.9543881083175909,0,1,1410,9.93,17.27,5.94,10.32,136.0,68.71,0
2026-06-15,21.6,14.3,28.3,6.6,14.6,2.1,0.0,61,944.6,20.0,933.0,14.0,0.0,6157.799999999999,-0.8386705679454242,-0.544639035015027,0.2821076626819194,-0.9593827529490743,0,0,1411,7.5,12.17,5.25,9.47,168.96,76.04,0
2026-06-16,25.1,16.0,31.4,7.8,13.6,0.0,0.0,43,948.1,15.0,1301.0,15.399999999999999,0.0,10147.8,-0.12186934340514723,0.9925461516413221,0.2655630278040555,-0.9640935007889756,0,0,1412,5.29,6.07,5.41,8.64,142.67,78.58,0
2026-06-17,26.1,19.7,31.7,9.3,16.8,2.4,0.0,42,951.2,90.0,1176.0,12.0,0.0,10936.800000000001,0.8191520442889918,0.573576436351046,0.248939808553767,-0.9685189578512203,0,0,1413,6.94,7.52,3.39,7.5,134.29,85.04,0
2026-06-18,26.7,20.2,32.0,13.0,16.3,0.0,0.0,34,951.9,150.0,1146.0,11.8,0.0,14898.0,0.9563047559630354,0.29237170472273677,0.23224292400907015,-0.9726578145718654,0,0,1414,10.37,10.84,2.73,4.84,158.38,89.25,0
2026-06-19,26.2,20.1,31.5,14.3,17.7,0.0,0.0,27,952.6,185.0,1210.0,11.399999999999999,0.0,17303.0,0.8290375725550417,0.5591929034707468,0.21547731504673012,-0.976508846196619,0,0,1415,8.5,9.05,2.62,6.79,124.71,93.17,0
2026-06-20,25.4,18.5,31.1,12.3,15.1,0.0,0.0,25,953.2,165.0,1115.0,12.600000000000001,0.0,13714.5,0.7193398003386511,0.6946583704589973,0.19864794288017112,-0.9800709131432666,0,1,1416,4.61,4.79,4.47,14.12,125.83,90.58,0
2026-06-21,26.2,18.6,31.9,12.1,16.4,0.0,0.0,25,953.3,120.0,1252.0,13.299999999999997,0.0,15149.199999999999,0.6819983600624985,0.7313537016191705,0.18175978759137534,-0.9833429613388902,0,1,1417,4.09,4.23,3.35,10.18,119.88,89.46,0
2026-06-22,26.5,19.0,32.2,9.0,12.6,0.0,0.0,26,951.7,100.0,1262.0,13.200000000000003,0.0,11358.0,0.8829475928589269,0.46947156278589086,0.16481784665719793,-0.9863240225317866,0,0,1418,9.92,10.53,3.59,9.94,128.88,93.25,0
2026-06-23,27.9,19.4,35.5,11.1,31.8,0.0,0.0,28,946.2,110.0,1446.0,16.1,0.0,16050.6,0.8660254037844387,-0.49999999999999983,0.14782713347053003,-0.9890132145779884,0,0,1419,12.58,12.87,3.5,6.67,137.88,96.33,0
2026-06-24,23.1,19.6,25.8,8.5,15.0,0.0,0.0,50,944.8,40.0,911.0,6.199999999999999,0.0,7743.5,-0.9993908270190958,-0.03489949670250076,0.13079267585675877,-0.9914097417023039,0,0,1420,7.45,10.82,4.22,7.77,143.42,79.67,0
2026-06-25,21.9,17.9,28.3,8.0,18.9,2.9,0.0,59,946.4,35.0,690.0,10.400000000000002,0.0,5520.0,-0.9975640502598242,-0.06975647374412558,0.11371951458594924,-0.9935128947338007,0,0,1421,8.45,9.3,7.37,9.17,155.58,68.71,0
2026-06-26,23.9,15.8,30.3,4.8,14.6,0.0,0.0,46,948.3,35.0,1000.0,14.5,0.0,4800.0,0.788010753606722,-0.6156614753256583,0.0966127018812031,-0.9953220513156602,0,0,1422,7.81,8.18,6.58,11.18,158.25,78.54,0
2026-06-27,25.6,19.4,32.1,12.2,21.0,2.4,0.0,39,945.6,80.0,643.0,12.700000000000003,0.0,7844.599999999999,0.7547095802227721,-0.6560590289905072,0.07947729992362142,-0.9968366760893435,0,1,1423,6.73,8.28,4.05,5.85,134.75,74.29,0
2026-06-28,27.0,20.8,32.5,6.5,12.7,0.0,0.0,41,944.2,20.0,1130.0,11.7,0.0,7345.0,-0.6018150231520483,0.7986355100472928,0.062318379354325076,-0.998056320853012,0,1,1424,7.55,12.75,3.35,6.63,133.25,81.58,0
2026-06-29,21.8,16.8,25.2,15.3,22.0,7.2,0.0,62,942.5,80.0,722.0,8.399999999999999,0.0,11046.6,-0.5735764363510462,-0.8191520442889918,0.04514101777397193,-0.9989806246941579,0,0,1425,7.42,12.32,3.74,6.24,121.46,73.29,0
2026-06-30,21.2,14.8,26.4,7.1,11.0,0.2,0.0,57,945.1,30.0,970.0,11.599999999999998,0.0,6887.0,0.03489949670250114,-0.9993908270190958,0.027950298240209875,-0.9996093140964041,0,0,1426,6.92,7.3,6.26,9.33,154.96,69.92,0
2026-07-01,22.3,15.9,27.8,9.9,19.8,2.1,0.0,51,943.5,20.0,958.0,11.9,0.0,9484.2,-0.35836794954530043,-0.9335804264972016,0.01075130776352193,-0.9999422030204416,0,0,1427,8.82,20.08,5.77,6.78,147.29,72.42,0
2026-07-02,23.5,17.3,31.1,16.1,30.8,0.1,0.0,47,942.1,75.0,1132.0,13.8,0.0,18225.2,0.19080899537654497,-0.9816271834476639,-0.00645086419810515,-0.9999791929590823,0,0,1428,7.26,14.79,3.32,4.75,133.33,75.42,0
2026-07-03,20.5,16.1,25.0,17.9,30.3,1.6,0.0,54,944.1,65.0,1117.0,8.899999999999999,0.0,19994.3,-0.4539904997395467,-0.8910065241883679,-0.023651127245231586,-0.9997202729664083,0,0,1429,7.34,9.54,3.12,4.88,111.04,66.0,0
2026-07-04,22.5,16.3,28.0,11.4,17.5,0.1,0.0,50,944.6,100.0,1097.0,11.7,0.0,12505.800000000001,-0.587785252292473,-0.8090169943749475,-0.040844391543296554,-0.9991655196610109,0,1,1430,8.3,9.63,4.7,6.9,117.83,65.75,0
2026-07-05,18.9,16.3,22.7,8.3,13.8,11.5,0.0,80,945.6,30.0,466.0,6.399999999999999,0.0,3867.8,-0.7660444431189779,-0.6427876096865395,-0.05802556932878035,-0.9983150972033183,0,1,1431,10.95,14.34,5.66,9.51,151.33,65.0,0
2026-07-06,20.2,14.1,25.6,4.0,10.9,3.4,0.0,71,948.2,15.0,555.0,11.500000000000002,0.0,2220.0,-0.10452846326765342,0.9945218953682733,-0.07518957641475855,-0.9971692572470178,0,0,1432,10.95,12.17,6.72,10.03,210.33,64.67,0
2026-07-07,21.3,16.0,26.6,9.1,16.6,4.9,0.0,68,949.2,100.0,671.0,10.600000000000001,0.0,6106.099999999999,0.5877852522924731,0.8090169943749475,-0.09233133369539166,-0.9957283388645872,0,0,1433,6.89,8.03,4.0,6.13,139.71,69.04,0
2026-07-08,23.1,17.3,29.4,12.0,17.4,4.2,0.0,62,950.2,125.0,898.0,12.099999999999998,0.0,10776.0,0.6293203910498374,0.7771459614569709,-0.10944576864891511,-0.9939927684469582,0,0,1434,8.95,10.04,4.21,12.38,132.33,83.67,0
2026-07-09,23.8,18.4,28.4,15.0,19.6,0.0,0.0,41,954.0,250.0,1000.0,10.0,0.0,15000.0,0.7193398003386511,0.6946583704589973,-0.12652781683868314,-0.9919630595773397,0,0,1435,9.07,9.4,3.8,12.25,135.71,81.29,0
2026-07-10,24.4,17.0,30.9,13.2,17.2,0.0,0.0,31,955.7,130.0,864.0,13.899999999999999,0.0,11404.8,0.8290375725550417,0.5591929034707468,-0.14357242341181176,-0.9896398128792412,0,0,1436,7.86,8.12,3.55,10.55,122.58,87.12,0
2026-07-11,26.4,17.9,32.9,12.3,22.8,0.0,0.0,33,952.0,80.0,1154.0,15.0,0.0,14194.2,0.766044443118978,0.6427876096865394,-0.1605745445949942,-0.9870237158387382,0,1,1437,5.66,6.49,3.13,6.05,135.29,81.62,0
2026-07-12,24.4,18.1,29.9,12.5,16.1,0.0,0.0,40,949.4,255.0,752.0,11.799999999999997,0.0,9400.0,0.754709580222772,0.6560590289905073,-0.17752914918703497,-0.984115542601034,0,1,1438,9.3,9.42,3.52,9.05,252.25,84.75,0
2026-07-13,25.6,16.3,33.1,5.7,10.7,0.0,0.0,30,947.2,25.0,971.0,16.8,0.0,5534.7,1.0,6.123233995736766e-17,-0.19443122004766195,-0.9809161537413774,0,0,1439,14.45,14.56,4.83,8.68,187.21,85.75,0
2026-07-14,28.6,19.2,35.3,8.4,13.8,0.0,0.0,27,947.2,10.0,1131.0,16.099999999999998,0.0,9500.4,0.6156614753256584,-0.7880107536067219,-0.21127575558218015,-0.9774264960104053,0,0,1440,9.81,10.55,6.6,8.94,156.38,88.42,0
2026-07-15,29.4,23.3,36.5,16.5,28.6,0.1,0.0,27,945.0,215.0,1359.0,13.2,0.0,22423.5,-0.7660444431189779,-0.6427876096865395,-0.22805777122152024,-0.9736476020539838,0,0,1441,7.71,8.12,3.17,5.9,128.33,92.58,0
2026-07-16,26.2,20.4,31.7,14.8,32.3,1.3,0.0,44,943.9,70.0,1014.0,11.3,0.0,15007.2,-0.8660254037844384,-0.5000000000000004,-0.24477230089725957,-0.9695805901076308,0,0,1442,13.03,29.72,4.16,5.82,137.83,78.71,0
2026-07-17,26.0,19.0,31.0,12.0,20.7,0.0,0.0,43,943.9,45.0,1246.0,12.0,0.0,14952.0,-0.9902680687415704,0.13917310096006547,-0.2614143985111566,-0.9652266636656129,0,0,1443,4.03,4.44,4.15,5.27,132.33,79.88,0
2026-07-18,27.9,19.1,34.0,7.5,18.7,0.0,0.0,35,946.0,10.0,1300.0,14.899999999999999,0.0,9750.0,-0.9961946980917455,0.08715574274765789,-0.2779791393987797,-0.960587111124813,0,1,1444,6.17,7.03,6.21,7.06,141.71,79.33,0
2026-07-19,28.2,22.3,33.6,9.6,18.7,0.1,0.0,36,944.4,35.0,999.0,11.3,0.0,9590.4,-0.9876883405951378,0.15643446504023067,-0.2944616217868008,-0.9556633054034706,0,1,1445,8.1,10.55,3.59,6.99,127.75,86.17,0
2026-07-20,26.5,22.3,30.2,12.4,16.4,0.0,0.0,35,940.1,145.0,1103.0,7.899999999999999,0.0,13677.2,-0.8090169943749476,0.5877852522924729,-0.31085696824350406,-0.9504567035349148,0,0,1446,3.25,3.43,3.45,5.65,130.5,72.21,0
2026-07-21,21.2,17.3,26.2,8.3,17.1,5.4,0.0,59,936.8,45.0,780.0,8.899999999999999,0.0,6474.000000000001,-0.7660444431189779,-0.6427876096865395,-0.3271603271220951,-0.9449688462364056,0,0,1447,9.38,10.43,6.47,8.25,156.25,66.71,0
2026-07-22,19.2,14.8,23.7,12.0,15.4,1.7,0.0,70,938.5,250.0,836.0,8.899999999999999,0.0,10032.0,-1.0,-1.8369701987210297e-16,-0.34336687399638804,-0.939201357453208,0,0,1448,6.96,7.03,3.7,6.68,137.62,71.92,0
2026-07-23,18.0,14.7,21.0,10.5,16.7,4.9,0.0,82,942.1,170.0,561.0,6.300000000000001,0.0,5890.5,-0.27563735581699894,0.9612616959383189,-0.3594718130884232,-0.9331559438780432,0,0,1449,14.67,14.98,3.31,4.52,186.62,68.46,0
2026-07-24,18.5,14.5,23.5,8.0,20.7,9.5,0.0,83,946.1,45.0,504.0,9.0,0.0,4032.0,-0.08715574274765832,0.9961946980917455,-0.37547037868762057,-0.9268343944460492,0,0,1450,11.65,12.03,3.63,3.72,180.58,56.54,0
2026-07-25,20.9,15.6,25.9,9.3,14.0,0.4,0.0,63,950.3,125.0,777.0,10.299999999999999,0.0,7226.1,0.13917310096006544,0.9902680687415704,-0.39135783656102635,-0.9202385798054074,0,1,1451,8.66,9.2,3.18,3.1,165.58,66.83,0
2026-07-26,20.7,13.8,26.3,8.8,12.3,0.0,0.0,52,953.7,75.0,879.0,12.5,0.0,7735.200000000001,0.48480962024633706,0.8746197071393957,-0.4071294853542516,-0.9133704517637858,0,1,1452,5.44,5.65,3.19,4.42,158.58,69.25,0
2026-07-27,23.1,16.3,28.5,12.5,19.7,0.0,0.0,48,953.9,95.0,1175.0,12.2,0.0,14687.5,0.17364817766693033,0.984807753012208,-0.4227806579826777,-0.9062320427107696,0,0,1453,9.64,9.93,2.9,2.61,155.25,65.79,0
2026-07-28,23.6,17.8,28.0,8.9,12.8,0.8,0.0,53,952.3,80.0,857.0,10.2,0.0,7627.3,0.0697564737441253,0.9975640502598242,-0.43830672301251883,-0.8988254650164442,0,0,1454,9.73,10.62,3.34,3.9,190.54,68.79,0
2026-07-29,24.1,17.7,28.8,10.1,15.4,0.2,0.0,52,952.1,35.0,989.0,11.100000000000001,0.0,9988.9,0.374606593415912,0.9271838545667874,-0.45370308603134385,-0.8911529104063091,0,0,1455,10.53,10.76,4.43,8.66,162.38,64.08,0
2026-07-30,25.6,17.8,31.3,8.5,13.5,0.0,0.0,45,953.1,35.0,1104.0,13.5,0.0,9384.0,0.48480962024633706,0.8746197071393957,-0.46896519100763223,-0.8832166493127125,0,0,1456,11.87,12.41,5.28,7.63,154.08,70.21,0
2026-07-31,27.3,19.1,32.9,7.3,11.9,0.0,0.0,39,951.7,50.0,1244.0,13.799999999999997,0.0,9081.199999999999,0.9396926207859083,0.3420201433256688,-0.48408852163897625,-0.8750190302029953,0,0,1457,13.36,16.04,5.01,10.57,149.71,80.58,0
2026-08-01,28.0,21.2,35.5,9.3,18.8,1.0,0.0,38,947.0,60.0,1298.0,14.3,0.0,12071.400000000001,0.45399049973954686,-0.8910065241883678,-0.49906860268853154,-0.8665624788845387,0,1,1458,12.64,14.01,3.76,9.69,129.62,94.79,0
2026-08-02,27.0,20.1,33.2,12.3,22.0,0.3,0.0,37,941.9,95.0,1434.0,13.100000000000001,0.0,17638.2,-0.08715574274765794,-0.9961946980917455,-0.5139010013093103,-0.8578494977869301,0,1,1459,8.6,9.35,2.72,6.35,130.17,95.71,0
2026-08-03,24.6,17.9,29.9,9.7,14.7,0.1,0.0,38,942.1,45.0,1235.0,12.0,0.0,11979.5,-0.9925461516413221,-0.12186934340514717,-0.5285813283559295,-0.8488826652214551,0,0,1460,9.09,9.53,4.86,7.42,149.04,83.17,0
2026-08-04,24.7,17.7,30.2,7.3,12.6,0.1,0.0,40,942.8,55.0,1163.0,12.5,0.0,8489.9,0.8660254037844387,-0.49999999999999983,-0.5431052396834317,-0.8396646346181327,0,0,1461,9.05,9.72,4.64,8.51,155.58,86.54,0
2026-08-05,21.1,17.4,26.3,8.5,19.6,6.6,0.0,63,945.7,15.0,679.0,8.900000000000002,0.0,5771.5,-0.6691306063588581,0.7431448254773944,-0.5574684374327892,-0.8301981337405212,0,0,1462,7.4,7.73,5.33,6.5,164.54,67.38,0
2026-08-06,21.7,15.7,27.1,8.4,12.1,0.0,0.0,59,950.3,110.0,1052.0,11.400000000000002,0.0,8836.800000000001,-0.5591929034707466,0.8290375725550418,-0.5716666713027055,-0.8204859638785325,0,0,1463,9.69,9.82,5.39,7.84,187.0,72.46,0
2026-08-07,23.0,15.1,29.6,9.0,20.8,0.0,0.0,46,950.7,40.0,1191.0,14.500000000000002,0.0,10719.0,0.4694715627858908,0.882947592858927,-0.5856957398073511,-0.8105309990194821,0,0,1464,13.38,13.6,7.02,9.25,147.33,74.5,0
2026-08-08,22.0,15.8,27.5,14.4,19.4,0.0,0.0,39,955.0,200.0,885.0,11.7,0.0,12744.0,0.7431448254773942,0.6691306063588582,-0.5995514915196486,-0.8003361849976326,0,1,1465,6.72,7.43,3.46,10.18,112.67,72.17,0
2026-08-09,24.5,15.2,31.9,8.0,13.6,0.0,0.0,28,953.8,70.0,764.0,16.7,0.0,6112.0,0.9396926207859083,0.3420201433256688,-0.6132298262997502,-0.7899045386224707,0,1,1466,3.96,4.01,4.35,8.73,123.54,71.92,0
2026-08-10,27.2,17.6,34.3,12.7,18.0,0.0,0.0,25,950.2,80.0,968.0,16.699999999999996,0.0,12293.599999999999,0.9998476951563913,-0.017452406437283477,-0.6267266965083305,-0.7792391467859883,0,0,1467,3.93,4.08,3.55,3.81,127.92,75.17,0
2026-08-11,29.4,21.7,35.6,10.1,15.7,0.0,0.0,25,945.9,85.0,1251.0,13.900000000000002,0.0,12635.1,0.9659258262890683,-0.25881904510252085,-0.6400381082043503,-0.7683431655492202,0,0,1468,6.09,6.25,4.2,8.03,157.04,92.12,0
2026-08-12,22.8,16.9,27.4,13.3,19.8,0.0,0.0,44,949.1,50.0,784.0,10.5,0.0,10427.2,0.12186934340514748,0.992546151641322,-0.6531601223269297,-0.757219819208313,0,0,1469,4.18,4.35,2.92,4.4,148.88,72.92,0
2026-08-13,23.9,15.5,31.3,14.4,20.4,0.0,0.0,33,950.5,160.0,754.0,15.8,0.0,10857.6,0.9135454576426009,0.4067366430758002,-0.6660888558609774,-0.7458723993404061,0,0,1470,5.21,5.47,3.57,8.58,136.62,78.25,0
2026-08-14,28.1,19.9,36.0,12.5,19.2,0.0,0.0,26,943.5,155.0,1173.0,16.1,0.0,14662.5,0.9702957262759965,0.24192189559966767,-0.6788204829862357,-0.734304263829602,0,0,1471,3.73,3.89,2.56,5.8,149.17,86.75,0
2026-08-15,25.3,18.7,31.1,13.1,20.8,0.0,0.0,34,945.6,85.0,1011.0,12.400000000000002,0.0,13244.1,-0.06975647374412564,0.9975640502598242,-0.6913512362094071,-0.722518835873311,0,1,1472,4.93,5.35,4.05,11.78,137.62,87.21,0
2026-08-16,23.6,17.7,32.1,13.5,29.6,2.0,0.0,45,943.5,110.0,820.0,14.400000000000002,0.0,11070.0,0.573576436351046,0.8191520442889918,-0.7036774074790131,-0.7105196029692742,0,1,1473,13.05,15.69,4.33,7.74,148.29,87.08,0
2026-08-17,19.4,13.9,24.9,13.4,27.1,0.0,0.0,43,947.8,80.0,1316.0,10.999999999999998,0.0,17634.4,-0.9659258262890684,0.2588190451025203,-0.7157953492826645,-0.6983101158835581,0,0,1474,5.33,5.94,3.42,5.94,127.29,77.46,0
2026-08-18,19.3,12.8,25.4,15.3,28.6,0.0,0.0,41,948.5,85.0,1136.0,12.599999999999998,0.0,17380.8,-0.9702957262759965,-0.24192189559966779,-0.7277014757264233,-0.6858939875998227,0,0,1475,6.74,7.11,4.79,6.3,140.5,72.25,0
2026-08-19,17.8,11.6,26.4,7.2,23.6,5.7,0.0,67,948.9,15.0,549.0,14.799999999999999,0.1999999999999993,3952.8,-0.8571673007021121,-0.5150380749100544,-0.7393922635959241,-0.673274892250183,0,0,1476,7.04,7.25,7.78,9.18,180.88,63.92,0
2026-08-20,15.7,12.1,19.9,12.1,19.7,1.0,0.0,75,948.5,40.0,624.0,7.799999999999999,2.3000000000000007,7550.4,-0.6819983600624984,0.7313537016191707,-0.7508642533989489,-0.6604565640279754,0,0,1477,8.48,8.66,4.23,5.89,132.25,65.17,0
2026-08-21,15.8,9.4,21.2,6.8,13.4,0.0,0.0,64,953.0,10.0,825.0,11.799999999999999,2.1999999999999993,5610.0,-0.7547095802227722,0.656059028990507,-0.7621140503891487,-0.6474427960827475,0,0,1478,8.16,8.43,5.27,7.15,186.08,63.04,0
2026-08-22,17.5,9.8,24.1,4.0,10.1,0.0,0.0,53,951.4,15.0,774.0,14.3,0.5,3096.0,0.17364817766693028,-0.984807753012208,-0.7731383255706027,-0.6342374393978054,0,1,1479,11.59,11.84,10.47,15.72,221.25,69.25,0
2026-08-23,17.5,13.0,24.3,10.6,22.9,3.6,0.0,59,944.3,85.0,650.0,11.3,0.5,6890.0,-0.4226182617406993,-0.90630778703665,-0.7839338166829206,-0.6208444016506462,0,1,1480,5.15,5.43,4.99,7.19,142.17,67.08,0
2026-08-24,15.0,9.8,20.6,7.7,17.7,2.3,0.0,77,944.8,65.0,573.0,10.8,3.0,4412.1,-0.6946583704589976,0.7193398003386509,-0.7944973291665992,-0.6072676460566135,0,0,1481,7.38,7.65,4.8,8.58,142.58,69.75,0
2026-08-25,16.8,11.3,21.7,9.1,14.2,0.5,0.0,70,953.4,30.0,734.0,10.399999999999999,1.1999999999999993,6679.4,-0.3090169943749477,0.9510565162951535,-0.8048257371083452,-0.593511190196115,0,0,1482,7.65,7.9,3.65,4.61,175.12,60.83,0
2026-08-26,18.2,11.0,24.4,5.0,8.9,0.0,0.0,62,956.5,25.0,761.0,13.399999999999999,0.0,3805.0,-0.9335804264972017,0.3583679495453004,-0.8149159841660797,-0.5795791048257605,0,0,1483,11.45,12.08,8.46,10.25,219.71,58.88,0
2026-08-27,20.7,14.0,27.2,7.6,13.8,0.0,0.0,51,952.3,30.0,819.0,13.2,0.0,6224.4,-0.4539904997395467,-0.8910065241883679,-0.8247650844733614,-0.5654755126737576,0,0,1484,9.22,9.72,6.43,10.65,195.0,72.12,0
2026-08-28,22.7,15.6,29.0,10.1,18.3,0.0,0.0,41,946.3,40.0,1030.0,13.4,0.0,10403.0,-0.43837114678907746,-0.8987940462991669,-0.8343701235229537,-0.5512045872199277,0,0,1485,5.51,5.77,5.3,8.2,159.29,70.46,0
2026-08-29,16.5,11.4,19.7,14.9,21.2,0.2,0.0,68,947.6,100.0,681.0,8.299999999999999,1.5,10146.9,0.12186934340514748,0.992546151641322,-0.8437282590292712,-0.5367705514607103,0,1,1486,5.0,5.55,4.57,12.0,153.04,62.62,0
2026-08-30,14.9,9.1,22.3,14.8,26.6,1.3,0.0,61,948.9,140.0,850.0,13.200000000000001,3.0999999999999996,12580.0,-0.882947592858927,-0.46947156278589075,-0.8528367217694589,-0.5221776766595088,0,1,1487,6.88,7.33,3.55,5.18,142.92,58.25,0
2026-08-31,9.7,6.0,13.6,11.5,16.1,0.0,0.0,55,951.6,50.0,977.0,7.6,8.3,11235.5,0.224951054343865,0.9743700647852352,-0.8616928164028521,-0.5074302810827518,0,0,1488,6.14,7.09,3.22,4.15,143.33,50.88,0
2026-09-01,10.2,3.5,15.9,15.5,26.8,0.0,0.0,49,954.7,45.0,1223.0,12.4,7.800000000000001,18956.5,-0.9925461516413221,-0.12186934340514717,-0.8702939222685674,-0.49253272872205434,0,0,1489,5.69,6.5,4.23,5.88,143.75,57.58,0
2026-09-02,9.5,3.0,15.6,4.0,9.7,0.0,0.0,61,960.5,10.0,602.0,12.6,8.5,2408.0,-0.4383711467890778,0.8987940462991668,-0.8786374941610001,-0.4774894280028391,0,0,1490,4.97,5.17,6.13,11.17,218.92,48.96,0
2026-09-03,12.3,4.2,19.2,6.4,12.3,0.0,0.0,43,958.8,45.0,643.0,15.0,5.699999999999999,4115.2,0.9063077870366499,0.42261826174069944,-0.886721063082993,-0.46230483047981086,0,0,1491,5.24,5.31,9.05,14.7,180.08,50.38,0
2026-09-04,14.8,6.2,22.2,5.3,9.6,0.0,0.0,36,958.9,35.0,601.0,16.0,3.1999999999999993,3185.2999999999997,0.9961946980917455,0.08715574274765814,-0.8945422369764496,-0.4469834295196742,0,0,1492,3.61,3.73,6.4,11.06,202.54,56.46,0
2026-09-05,17.7,8.9,25.9,4.4,9.2,0.0,0.0,35,960.5,35.0,871.0,17.0,0.3000000000000007,3832.4,0.9702957262759965,-0.24192189559966779,-0.9020987014301841,-0.43152975897147067,0,1,1493,5.38,5.46,6.65,11.72,210.25,67.04,0
2026-09-06,19.2,10.7,26.3,5.2,10.3,0.0,0.0,34,959.1,15.0,860.0,15.600000000000001,0.0,4472.0,0.981627183447664,0.19080899537654492,-0.9093882203647925,-0.4159483918249421,0,1,1494,8.88,9.17,8.16,12.12,187.54,67.75,0
2026-09-07,20.2,11.3,27.2,10.6,16.3,0.0,0.0,34,957.7,30.0,1033.0,15.899999999999999,0.0,10949.8,0.992546151641322,0.12186934340514749,-0.9164086366943458,-0.4002439388573056,0,0,1495,7.05,7.6,3.71,7.79,159.54,74.38,0
2026-09-08,20.0,12.9,26.5,13.8,18.2,0.0,0.0,37,956.7,115.0,666.0,13.6,0.0,9190.800000000001,0.9993908270190958,0.03489949670250108,-0.9231578729647039,-0.38442104726885545,0,0,1496,2.69,3.0,2.7,3.65,142.83,75.71,0
2026-09-09,22.4,13.7,30.5,9.3,15.3,0.0,0.0,29,955.7,35.0,885.0,16.8,0.0,8230.5,0.8480480961564261,-0.5299192642332048,-0.9296339319682695,-0.3684843993077793,0,0,1497,3.82,5.22,4.24,7.52,158.08,75.38,0
2026-09-10,23.8,16.8,30.3,11.7,18.0,0.0,0.0,26,956.5,65.0,1065.0,13.5,0.0,12460.5,0.9335804264972017,-0.35836794954530027,-0.9358348973349941,-0.35243871088460327,0,0,1498,3.84,5.16,3.95,6.33,144.83,78.29,0
2026-09-11,24.4,17.3,31.1,14.5,17.3,0.0,0.0,27,953.0,165.0,1098.0,13.8,0.0,15921.0,0.7313537016191706,-0.6819983600624984,-0.9417589340994614,-0.3362887301766837,0,0,1499,6.85,9.41,4.02,5.08,152.67,82.08,0
2026-09-12,19.6,15.7,23.4,15.3,25.6,0.2,0.0,39,953.3,205.0,1120.0,7.699999999999999,0.0,17136.0,-0.6946583704589974,-0.7193398003386511,-0.9474042892438849,-0.32003923622313774,0,1,1500,7.11,12.96,3.88,6.29,130.88,76.54,0
2026-09-13,18.2,12.4,23.8,17.5,29.5,0.0,0.0,44,954.4,260.0,1143.0,11.4,0.0,20002.5,-0.6819983600624984,-0.7313537016191706,-0.9527692922168511,-0.30369503751065885,0,1,1501,5.99,7.68,2.99,5.56,128.54,71.12,0
2026-09-14,15.2,9.5,19.9,15.9,22.0,0.0,0.0,52,953.0,255.0,1001.0,10.399999999999999,2.8000000000000007,15915.9,-0.9659258262890683,-0.25881904510252063,-0.9578523554276669,-0.28726097055059635,0,0,1502,3.24,3.5,2.9,5.57,139.17,67.29,0
