date,temperature_2m_mean,temperature_2m_min,temperature_2m_max,wind_speed_10m_mean,wind_speed_10m_max,wind_direction_10m_dominant,precipitation_sum,snowfall_sum,relative_humidity_2m_mean,surface_pressure_mean,blh_min_m,blh_mean_m,vz_day,cams_pm2_5,cams_pm10,cams_nitrogen_dioxide,cams_sulphur_dioxide,cams_carbon_monoxide,cams_ozone
2021-01-01,-18.4,-25.2,-15.7,10.1,12.3,294,1.4,0.98,85,969.5,30.0,91,1,,,,,,
2021-01-02,-26.7,-28.6,-23.2,11.8,17.9,82,0.0,0.0,85,973.3,35.0,77,0,,,,,,
2021-01-03,-28.4,-30.2,-26.0,22.4,28.9,83,0.0,0.0,74,977.8,80.0,158,0,,,,,,
2021-01-04,-24.4,-28.7,-20.1,24.1,26.5,95,0.0,0.0,66,978.3,135.0,155,0,,,,,,
2021-01-05,-17.9,-19.8,-15.5,28.8,33.3,81,0.0,0.0,64,974.2,195.0,267,0,,,,,,
2021-01-06,-22.2,-27.1,-18.9,22.3,28.3,69,0.0,0.0,72,970.2,110.0,210,0,,,,,,
2021-01-07,-28.2,-31.9,-23.6,12.6,17.6,59,0.0,0.0,78,967.6,30.0,62,0,,,,,,
2021-01-08,-29.7,-33.0,-26.0,6.4,10.6,187,0.0,0.0,82,970.1,15.0,44,1,,,,,,
2021-01-09,-25.0,-31.6,-18.8,14.4,21.7,196,0.0,0.0,76,971.4,35.0,105,0,,,,,,
2021-01-10,-11.8,-17.8,-8.1,22.8,29.5,210,0.0,0.0,65,963.3,210.0,313,0,,,,,,
2021-01-11,-8.8,-13.2,-4.9,22.4,28.2,216,0.0,0.0,62,951.2,90.0,276,1,,,,,,
2021-01-12,-10.1,-17.5,-5.3,40.4,52.5,234,1.5,1.05,74,942.8,120.0,726,0,,,,,,
2021-01-13,-22.0,-24.4,-18.1,19.5,38.6,268,0.6,0.42,78,959.3,10.0,383,0,,,,,,
2021-01-14,-25.3,-31.9,-19.8,13.1,19.0,101,0.0,0.0,80,969.3,10.0,50,1,,,,,,
2021-01-15,-20.3,-26.6,-13.9,16.7,22.7,115,0.0,0.0,67,967.0,45.0,110,1,,,,,,
2021-01-16,-10.8,-16.6,-5.4,16.3,23.2,154,0.0,0.0,58,954.0,245.0,278,0,,,,,,
2021-01-17,-9.4,-12.3,-6.3,17.9,25.9,219,0.0,0.0,86,951.6,50.0,171,1,,,,,,
2021-01-18,-10.7,-15.0,-5.9,11.7,16.2,221,0.0,0.0,84,947.2,35.0,104,1,,,,,,
2021-01-19,-12.3,-15.4,-8.0,18.6,20.3,75,0.0,0.0,89,947.3,95.0,125,0,,,,,,
2021-01-20,-7.0,-12.9,-2.2,19.6,29.5,220,1.0,0.7,90,949.4,65.0,357,0,,,,,,
2021-01-21,-8.5,-11.4,-6.1,9.2,16.5,337,2.8,1.96,90,949.2,40.0,191,0,,,,,,
2021-01-22,-17.3,-20.7,-12.3,20.3,33.2,261,0.3,0.21,82,950.7,230.0,365,0,,,,,,
2021-01-23,-16.5,-21.6,-13.1,21.2,35.3,237,1.6,1.12,81,960.4,30.0,458,1,,,,,,
2021-01-24,-22.7,-26.3,-19.2,10.4,14.0,234,0.2,0.14,86,968.0,40.0,150,1,,,,,,
2021-01-25,-17.8,-26.6,-12.7,20.2,30.9,222,0.9,0.7,80,967.4,50.0,239,0,,,,,,
2021-01-26,-9.4,-12.6,-7.0,19.9,23.7,241,0.4,0.28,89,967.3,175.0,259,0,,,,,,
2021-01-27,-6.3,-7.1,-5.4,24.5,31.7,253,0.0,0.0,95,967.7,265.0,371,0,,,,,,
2021-01-28,-7.2,-7.8,-6.3,13.5,19.4,247,0.0,0.0,95,969.6,140.0,201,1,,,,,,
2021-01-29,-9.8,-13.5,-5.6,7.7,14.6,146,0.0,0.0,89,966.2,20.0,48,1,,,,,,
2021-01-30,-10.5,-15.6,-4.2,18.2,22.0,106,0.0,0.0,76,959.3,20.0,82,1,,,,,,
2021-01-31,-7.1,-10.3,-3.9,16.7,24.0,106,0.0,0.0,71,951.6,30.0,83,1,,,,,,
2021-02-01,-12.1,-15.8,-7.6,8.3,13.6,208,0.0,0.0,81,951.9,30.0,54,1,,,,,,
2021-02-02,-14.1,-16.2,-11.6,15.5,18.1,236,0.0,0.0,89,961.5,115.0,157,0,,,,,,
2021-02-03,-7.0,-11.8,-3.2,22.2,25.6,230,0.0,0.0,80,960.5,125.0,227,0,,,,,,
2021-02-04,-6.3,-9.1,-4.6,19.6,24.2,228,0.0,0.0,78,956.7,170.0,225,0,,,,,,
2021-02-05,-3.5,-4.9,-1.9,18.1,21.9,224,0.3,0.21,85,953.8,205.0,253,0,,,,,,
2021-02-06,-3.0,-4.9,-1.7,23.5,48.0,175,0.9,0.63,85,947.4,105.0,276,0,,,,,,
2021-02-07,-4.0,-7.3,0.4,44.1,58.6,229,3.4,2.38,84,945.5,690.0,1133,0,,,,,,
2021-02-08,-5.6,-16.3,1.3,43.4,61.7,235,13.3,8.68,83,939.8,555.0,1080,0,,,,,,
2021-02-09,-19.2,-21.1,-17.4,41.3,46.8,238,0.0,0.0,77,949.6,710.0,899,0,,,,,,
2021-02-10,-22.9,-25.7,-18.6,21.3,37.7,246,0.0,0.0,79,958.0,15.0,370,0,,,,,,
2021-02-11,-20.3,-25.6,-16.0,11.0,14.4,83,0.2,0.14,77,961.1,15.0,78,0,,,,,,
2021-02-12,-12.7,-19.7,-8.6,5.7,9.8,142,0.2,0.14,78,961.1,20.0,33,0,,,,,,
2021-02-13,-6.4,-10.3,-2.9,6.1,9.4,185,0.0,0.0,87,962.4,15.0,46,0,,,,,,
2021-02-14,-5.4,-7.7,-2.7,12.4,17.0,154,0.0,0.0,85,961.7,20.0,75,0,,,,,,
2021-02-15,-5.8,-11.8,-2.1,17.0,20.3,193,0.0,0.0,82,956.6,85.0,184,0,,,,,,
2021-02-16,-0.9,-3.7,1.0,22.1,25.2,216,0.0,0.0,88,952.7,180.0,298,0,,,,,,
2021-02-17,-2.9,-5.5,0.0,12.0,20.7,16,0.4,0.28,95,954.2,85.0,150,0,,,,,,
2021-02-18,-0.0,-6.3,5.2,28.7,54.7,169,0.1,0.0,78,945.5,105.0,335,0,,,,,,
2021-02-19,-7.8,-19.3,3.4,24.5,37.7,275,0.0,0.0,83,945.0,205.0,515,0,,,,,,
2021-02-20,-19.2,-24.1,-13.7,10.5,15.8,228,0.0,0.0,83,959.6,20.0,132,0,,,,,,
2021-02-21,-14.5,-19.7,-10.1,21.5,30.7,231,0.2,0.14,82,958.1,125.0,375,0,,,,,,
2021-02-22,-13.8,-16.4,-10.0,16.4,27.8,253,1.8,1.26,83,956.8,25.0,413,0,,,,,,
2021-02-23,-8.8,-15.4,-2.2,27.1,45.1,170,0.7,0.49,82,948.4,95.0,426,0,,,,,,
2021-02-24,-12.5,-20.2,-0.6,39.4,49.6,229,1.9,1.26,74,941.5,910.0,1110,0,,,,,,
2021-02-25,-22.4,-23.3,-20.5,48.1,60.9,238,0.7,0.56,67,952.5,855.0,1222,0,,,,,,
2021-02-26,-24.1,-27.7,-20.3,24.0,33.8,234,0.0,0.0,73,964.1,90.0,407,0,,,,,,
2021-02-27,-21.8,-29.8,-15.0,16.0,26.3,170,0.0,0.0,74,961.2,45.0,170,0,,,,,,
2021-02-28,-6.2,-13.9,-0.5,40.1,51.1,202,13.8,9.59,84,951.4,380.0,737,0,,,,,,
2021-03-01,-0.6,-4.6,0.2,35.4,45.3,239,11.7,8.19,95,947.4,505.0,806,0,,,,,,
2021-03-02,-7.5,-11.4,-5.2,15.1,33.6,259,0.9,0.56,87,949.7,95.0,450,0,,,,,,
2021-03-03,-10.1,-14.0,-5.2,30.8,37.8,232,1.0,0.77,84,954.0,420.0,587,0,,,,,,
2021-03-04,-4.8,-7.8,-2.2,34.3,39.8,198,0.0,0.0,83,949.7,300.0,519,0,,,,,,
2021-03-05,-6.2,-7.9,-2.2,38.0,45.6,239,1.5,1.05,85,955.3,500.0,718,0,,,,,,
2021-03-06,-6.0,-8.5,-3.1,28.4,34.9,214,0.0,0.0,82,953.3,195.0,364,0,,,,,,
2021-03-07,-4.5,-6.8,-1.3,18.6,23.3,206,0.1,0.14,86,951.7,115.0,189,0,,,,,,
2021-03-08,-4.7,-10.7,0.0,31.1,41.3,229,1.4,0.98,85,949.2,255.0,573,0,,,,,,
2021-03-09,-12.5,-15.4,-9.2,13.2,19.7,172,0.0,0.0,81,954.9,45.0,152,0,,,,,,
2021-03-10,-3.4,-9.8,2.2,35.6,48.6,206,2.4,0.28,87,943.5,115.0,531,1,,,,,,
2021-03-11,-6.4,-12.2,-2.1,34.3,55.4,223,5.4,3.78,85,949.3,430.0,900,0,,,,,,
2021-03-12,-13.0,-19.8,-10.6,15.8,21.4,262,0.8,0.56,81,949.6,120.0,330,0,,,,,,
2021-03-13,-22.0,-25.9,-18.7,10.5,19.3,331,0.0,0.0,78,959.6,30.0,161,0,,,,,,
2021-03-14,-18.6,-25.0,-13.2,16.8,20.7,67,0.0,0.0,79,960.4,45.0,170,0,,,,,,
2021-03-15,-17.6,-20.6,-13.8,8.4,12.1,315,0.0,0.0,84,963.6,15.0,68,1,,,,,,
2021-03-16,-18.6,-25.8,-12.9,5.9,9.8,119,0.0,0.0,80,966.4,15.0,32,1,,,,,,
2021-03-17,-16.4,-21.8,-10.0,12.9,17.9,228,0.0,0.0,76,966.9,20.0,104,1,,,,,,
2021-03-18,-13.3,-20.2,-5.7,12.9,21.6,169,0.0,0.0,70,967.7,50.0,71,0,,,,,,
2021-03-19,-4.5,-11.7,0.9,28.0,47.3,134,0.0,0.0,65,956.3,135.0,330,0,,,,,,
2021-03-20,-0.9,-3.5,0.9,32.3,50.4,194,1.6,1.12,76,944.7,295.0,386,0,,,,,,
2021-03-21,-0.3,-2.7,1.6,26.3,34.1,230,0.0,0.0,88,947.6,75.0,466,0,,,,,,
2021-03-22,-0.7,-2.0,0.6,17.5,31.0,236,0.5,0.28,91,950.4,30.0,451,0,,,,,,
2021-03-23,-0.6,-5.1,3.7,35.9,62.1,206,9.8,4.06,89,941.2,90.0,602,0,,,,,,
2021-03-24,-6.6,-10.5,-4.4,20.2,39.0,252,0.1,0.07,82,956.4,15.0,520,0,,,,,,
2021-03-25,-4.6,-10.1,0.4,12.4,20.2,100,1.2,0.84,83,947.4,35.0,118,0,,,,,,
2021-03-26,-3.5,-9.3,1.6,23.6,28.5,96,2.2,0.14,79,947.7,180.0,312,0,,,,,,
2021-03-27,0.9,-2.4,2.4,22.9,37.4,224,1.4,0.0,96,945.7,40.0,437,0,,,,,,
2021-03-28,-0.3,-3.2,1.5,24.4,32.3,235,3.4,1.26,94,942.0,60.0,483,0,,,,,,
2021-03-29,-4.5,-7.9,-1.8,28.3,39.3,270,0.4,0.28,86,953.5,230.0,737,0,,,,,,
2021-03-30,-6.3,-10.8,-3.3,10.3,19.8,251,0.0,0.0,90,962.0,45.0,251,0,,,,,,
2021-03-31,-5.3,-8.8,-1.3,11.4,19.7,83,0.0,0.0,84,963.7,60.0,278,0,,,,,,
2021-04-01,-5.2,-10.8,0.1,9.3,17.6,69,0.0,0.0,83,963.6,25.0,108,0,,,,,,
2021-04-02,-5.1,-10.8,0.6,10.7,15.5,211,0.0,0.0,86,965.3,25.0,166,0,,,,,,
2021-04-03,-0.9,-7.5,4.0,14.4,23.3,129,0.0,0.0,79,960.2,45.0,98,0,,,,,,
2021-04-04,2.6,-1.5,5.9,21.5,26.4,119,0.0,0.0,73,948.2,130.0,250,0,,,,,,
2021-04-05,2.8,0.7,4.6,23.1,30.7,208,2.0,0.21,89,947.4,325.0,672,0,,,,,,
2021-04-06,2.4,1.1,4.8,9.7,19.2,230,0.2,0.0,95,957.9,15.0,317,0,,,,,,
2021-04-07,3.9,0.2,7.8,8.7,11.7,203,0.1,0.0,87,959.9,25.0,291,0,,,,,,
2021-04-08,7.2,0.6,16.8,10.4,15.8,156,0.0,0.0,71,959.3,30.0,645,0,,,,,,
2021-04-09,9.0,2.4,17.9,11.9,16.3,245,0.8,0.0,67,957.7,35.0,498,0,,,,,,
2021-04-10,4.4,-0.3,13.9,22.1,31.1,41,1.8,0.0,73,959.4,100.0,582,0,,,,,,
2021-04-11,5.3,-0.7,11.9,26.5,30.5,59,0.0,0.0,53,966.5,490.0,729,0,,,,,,
2021-04-12,7.3,-0.8,16.5,19.2,23.2,61,0.0,0.0,47,965.0,205.0,450,0,,,,,,
2021-04-13,6.8,-0.2,13.5,20.7,29.8,52,0.0,0.0,55,966.9,145.0,556,0,,,,,,
2021-04-14,7.4,0.5,15.2,16.1,19.2,67,0.0,0.0,50,967.0,125.0,475,0,,,,,,
2021-04-15,9.2,0.2,17.5,11.9,14.8,69,0.0,0.0,50,960.1,75.0,429,0,,,,,,
2021-04-16,10.5,2.3,18.2,8.4,11.1,83,0.0,0.0,54,953.4,40.0,540,0,,,,,,
2021-04-17,8.5,3.4,15.3,12.8,21.7,44,0.0,0.0,68,954.2,35.0,369,0,,,,,,
2021-04-18,11.0,2.4,19.1,12.8,28.9,225,0.0,0.0,56,950.8,25.0,774,0,,,,,,
2021-04-19,1.1,-4.0,7.4,23.8,26.5,43,0.1,0.07,58,953.6,195.0,662,0,,,,,,
2021-04-20,-3.0,-6.5,1.6,23.7,29.2,49,0.0,0.0,38,957.8,355.0,895,0,,,,,,
2021-04-21,-0.1,-7.8,8.1,14.1,23.6,352,0.0,0.0,42,960.6,80.0,661,0,,,,,,
2021-04-22,-0.0,-4.1,4.8,16.0,20.9,47,0.0,0.0,55,969.8,45.0,659,0,,,,,,
2021-04-23,1.0,-5.4,7.2,12.7,19.3,98,0.0,0.0,42,973.4,60.0,714,0,,,,,,
2021-04-24,4.2,-3.4,10.6,16.0,20.2,127,0.0,0.0,32,966.4,130.0,766,0,,,,,,
2021-04-25,8.1,1.8,15.4,16.9,25.7,169,0.5,0.0,35,958.4,80.0,700,0,,,,,,
2021-04-26,10.2,1.0,17.9,12.4,21.6,259,0.0,0.0,63,958.7,25.0,603,0,,,,,,
2021-04-27,15.0,5.5,23.0,16.7,24.7,199,0.0,0.0,43,954.8,70.0,611,0,,,,,,
2021-04-28,17.5,11.9,23.3,15.8,26.4,239,0.0,0.0,41,950.3,15.0,463,0,,,,,,
2021-04-29,14.9,9.7,21.0,11.6,24.2,302,0.2,0.0,63,947.9,15.0,434,0,,,,,,
2021-04-30,10.4,5.7,14.1,16.6,20.7,18,0.5,0.0,45,951.3,105.0,822,0,,,,,,
2021-05-01,8.2,2.1,13.9,15.8,27.2,314,0.0,0.0,41,960.9,35.0,796,0,,,,,,
2021-05-02,8.6,-0.7,17.4,10.5,18.0,108,0.0,0.0,38,963.2,45.0,508,0,,,,,,
2021-05-03,11.3,1.5,20.1,7.9,12.9,213,0.0,0.0,40,958.3,25.0,439,0,,,,,,
2021-05-04,14.3,5.1,21.4,15.8,22.0,70,0.0,0.0,44,956.5,20.0,508,0,,,,,,
2021-05-05,17.0,8.5,26.6,13.6,21.1,114,0.0,0.0,46,948.0,75.0,459,0,,,,,,
2021-05-06,19.7,11.8,26.9,11.1,17.6,241,0.0,0.0,39,944.1,65.0,659,0,,,,,,
2021-05-07,15.3,11.5,19.2,14.3,18.2,46,0.2,0.0,42,952.7,180.0,610,0,,,,,,
2021-05-08,14.4,9.4,21.1,15.8,21.4,130,3.8,0.0,65,954.0,190.0,541,0,,,,,,
2021-05-09,14.9,11.7,19.2,15.2,27.3,171,14.5,0.0,78,947.2,155.0,393,0,,,,,,
2021-05-10,12.5,9.4,16.6,12.7,24.2,210,6.8,0.0,84,945.7,230.0,476,0,,,,,,
2021-05-11,11.8,7.1,16.3,20.2,25.0,33,0.0,0.0,49,954.1,120.0,910,0,,,,,,
2021-05-12,12.1,4.6,18.5,12.4,19.3,342,0.0,0.0,53,959.1,70.0,799,0,,,,,,
2021-05-13,13.6,8.8,17.2,14.8,25.3,344,0.2,0.0,55,956.9,45.0,697,0,,,,,,
2021-05-14,13.3,9.1,17.4,18.0,23.2,17,0.5,0.0,61,959.6,75.0,799,0,,,,,,
2021-05-15,14.3,5.4,21.4,8.6,11.6,27,0.0,0.0,59,961.6,15.0,610,0,,,,,,
2021-05-16,17.1,8.4,24.7,11.9,19.5,280,0.1,0.0,60,957.4,20.0,609,0,,,,,,
2021-05-17,18.8,10.3,26.0,12.3,22.2,0,0.0,0.0,59,955.2,15.0,728,0,,,,,,
2021-05-18,19.8,11.1,27.3,9.8,17.9,277,0.1,0.0,56,951.7,15.0,609,0,,,,,,
2021-05-19,16.1,11.5,20.8,16.1,28.3,4,2.2,0.0,67,947.8,25.0,565,0,,,,,,
2021-05-20,12.9,7.5,18.8,14.2,19.2,24,0.0,0.0,51,955.8,85.0,898,0,,,,,,
2021-05-21,14.8,5.8,21.7,11.1,17.9,288,0.0,0.0,51,958.8,30.0,872,0,,,,,,
2021-05-22,18.9,11.0,25.6,10.8,16.2,340,0.0,0.0,48,960.1,55.0,777,0,,,,,,
2021-05-23,20.2,12.3,27.1,10.8,14.9,78,0.0,0.0,50,959.4,40.0,843,0,,,,,,
2021-05-24,22.1,11.9,29.9,10.2,16.0,42,0.0,0.0,46,957.9,35.0,824,0,,,,,,
2021-05-25,24.2,16.2,31.0,9.9,14.0,61,0.0,0.0,44,956.0,35.0,683,0,,,,,,
2021-05-26,24.6,15.3,31.6,5.9,12.2,78,0.0,0.0,42,949.7,30.0,898,0,,,,,,
2021-05-27,22.7,16.3,28.0,18.7,29.5,30,2.0,0.0,43,947.2,105.0,755,0,,,,,,
2021-05-28,16.9,10.8,22.5,19.6,24.0,61,0.0,0.0,41,955.6,350.0,797,0,,,,,,
2021-05-29,19.3,11.7,25.9,20.9,24.9,91,0.0,0.0,33,954.1,250.0,719,0,,,,,,
2021-05-30,22.1,14.8,28.6,13.0,21.1,140,0.0,0.0,30,952.2,160.0,801,0,,,,,,
2021-05-31,23.6,16.2,31.2,13.1,25.8,191,0.6,0.0,34,947.1,60.0,845,0,,,,,,
2021-06-01,23.8,16.2,30.8,10.8,22.7,207,0.1,0.0,47,944.5,60.0,780,0,,,,,,
2021-06-02,24.1,18.5,30.5,19.5,29.3,38,0.7,0.0,51,944.5,190.0,709,0,,,,,,
2021-06-03,22.1,17.6,27.9,16.9,27.0,44,2.9,0.0,61,944.3,185.0,625,0,,,,,,
2021-06-04,16.9,6.5,26.9,17.7,36.4,349,2.3,0.0,59,948.0,85.0,811,0,,,,,,
2021-06-05,11.3,4.8,17.2,15.3,18.6,33,0.0,0.0,47,957.5,275.0,1044,0,,,,,,
2021-06-06,15.1,7.9,21.2,15.0,17.3,88,0.0,0.0,38,955.5,165.0,775,0,,,,,,
2021-06-07,18.3,10.6,24.5,13.3,17.0,93,0.0,0.0,36,947.9,130.0,790,0,,,,,,
2021-06-08,20.5,14.3,26.5,10.4,20.5,100,0.2,0.0,43,942.9,40.0,860,0,,,,,,
2021-06-09,19.7,14.7,26.2,10.8,19.1,84,0.8,0.0,53,946.0,50.0,813,0,,,,,,
2021-06-10,18.1,13.5,22.8,21.7,28.5,83,1.6,0.0,59,946.4,195.0,967,0,,,,,,
2021-06-11,16.2,10.9,21.2,16.9,24.5,55,0.0,0.0,42,951.0,150.0,992,0,,,,,,
2021-06-12,14.8,9.3,18.7,15.7,22.1,36,0.0,0.0,38,955.9,170.0,1206,0,,,,,,
2021-06-13,15.2,7.5,19.9,11.2,16.0,9,0.2,0.0,55,957.3,55.0,868,0,,,,,,
2021-06-14,20.2,13.4,25.8,11.5,22.0,23,0.0,0.0,54,957.2,60.0,906,0,,,,,,
2021-06-15,21.0,14.2,26.5,14.3,17.8,42,0.0,0.0,38,955.3,90.0,941,0,,,,,,
2021-06-16,22.1,13.1,28.8,9.4,15.9,45,0.0,0.0,35,953.2,40.0,985,0,,,,,,
2021-06-17,24.2,17.2,29.9,6.9,14.3,5,0.0,0.0,43,950.6,15.0,1030,0,,,,,,
2021-06-18,25.1,16.2,31.6,14.4,27.9,242,0.0,0.0,39,944.7,25.0,1066,0,,,,,,
2021-06-19,13.0,9.7,21.2,24.2,35.0,349,6.1,0.0,59,946.7,410.0,1189,0,,,,,,
2021-06-20,12.1,7.0,15.2,21.8,34.0,241,4.4,0.0,66,948.5,95.0,918,0,,,,,,
2021-06-21,12.6,10.0,16.6,21.2,33.4,306,4.3,0.0,74,944.3,155.0,902,0,,,,,,
2021-06-22,12.8,9.2,16.5,15.9,25.1,328,3.7,0.0,70,952.3,25.0,1004,0,,,,,,
2021-06-23,12.5,8.8,15.8,19.1,27.6,248,13.6,0.0,83,947.8,25.0,580,0,,,,,,
2021-06-24,11.5,6.9,15.7,17.6,24.9,335,0.2,0.0,65,948.5,20.0,954,0,,,,,,
2021-06-25,12.1,6.9,16.6,12.0,18.0,288,0.3,0.0,69,949.3,15.0,604,0,,,,,,
2021-06-26,13.5,7.6,19.0,8.1,14.5,33,0.1,0.0,66,950.2,15.0,716,0,,,,,,
2021-06-27,18.1,8.1,25.3,11.8,16.4,199,0.0,0.0,49,951.8,70.0,612,0,,,,,,
2021-06-28,23.5,16.5,30.7,16.1,25.7,239,0.0,0.0,37,948.5,95.0,784,0,,,,,,
2021-06-29,23.1,17.3,28.5,18.7,22.1,50,0.0,0.0,54,950.4,240.0,750,0,,,,,,
2021-06-30,23.6,16.7,30.0,18.1,20.1,82,0.0,0.0,42,951.4,250.0,695,0,,,,,,
2021-07-01,26.2,17.9,33.4,17.0,21.2,100,0.0,0.0,35,949.4,145.0,788,0,,,,,,
2021-07-02,27.9,20.4,33.5,15.1,18.8,88,0.0,0.0,39,947.3,145.0,935,0,,,,,,
2021-07-03,27.5,20.1,33.7,12.0,15.1,93,0.0,0.0,37,944.9,100.0,728,0,,,,,,
2021-07-04,29.0,20.4,36.6,11.1,18.6,59,0.0,0.0,27,942.3,80.0,849,0,,,,,,
2021-07-05,28.1,20.8,33.6,6.1,14.3,28,0.0,0.0,36,942.5,60.0,842,0,,,,,,
2021-07-06,26.2,20.2,32.3,12.4,24.6,353,1.0,0.0,46,942.4,45.0,1004,0,,,,,,
2021-07-07,20.0,16.5,23.6,19.3,24.8,47,0.0,0.0,66,948.8,395.0,719,0,,,,,,
2021-07-08,21.7,17.2,27.2,26.9,32.5,83,0.7,0.0,60,947.4,415.0,668,0,,,,,,
2021-07-09,25.2,19.3,31.4,19.2,30.2,105,0.3,0.0,51,939.9,255.0,1177,0,,,,,,
2021-07-10,20.1,16.6,24.6,15.5,28.5,242,5.4,0.0,68,936.6,120.0,722,0,,,,,,
2021-07-11,18.6,15.3,23.2,8.2,15.8,39,1.4,0.0,77,941.0,30.0,672,0,,,,,,
2021-07-12,20.2,13.3,26.7,15.5,29.8,213,0.3,0.0,66,941.6,35.0,888,0,,,,,,
2021-07-13,17.7,13.2,23.4,10.7,18.4,261,2.4,0.0,69,936.9,165.0,743,0,,,,,,
2021-07-14,12.3,10.7,14.1,21.4,26.8,263,10.5,0.0,91,938.3,525.0,719,0,,,,,,
2021-07-15,12.6,9.4,16.3,16.6,22.1,266,0.5,0.0,70,946.2,105.0,927,0,,,,,,
2021-07-16,14.1,9.4,19.1,20.0,34.3,247,0.0,0.0,59,947.7,30.0,799,0,,,,,,
2021-07-17,20.1,10.5,27.3,13.2,19.6,220,0.0,0.0,48,949.0,30.0,934,0,,,,,,
2021-07-18,21.4,16.1,26.6,12.9,22.3,291,1.7,0.0,52,945.7,55.0,674,0,,,,,,
2021-07-19,21.1,14.3,26.8,12.7,19.0,75,0.0,0.0,51,945.2,145.0,767,0,,,,,,
2021-07-20,20.3,17.2,24.5,15.4,22.4,85,1.7,0.0,61,942.0,35.0,564,0,,,,,,
2021-07-21,20.8,14.7,26.3,21.2,26.9,63,0.0,0.0,54,944.0,335.0,1013,0,,,,,,
2021-07-22,22.4,16.0,27.9,18.7,22.8,64,0.0,0.0,46,944.5,240.0,954,0,,,,,,
2021-07-23,23.6,17.7,29.5,11.5,15.6,71,0.0,0.0,42,944.1,115.0,861,0,,,,,,
2021-07-24,25.0,16.3,32.6,7.1,10.6,157,0.0,0.0,42,945.6,55.0,752,0,,,,,,
2021-07-25,27.6,20.5,33.7,11.6,24.4,254,0.0,0.0,35,945.2,45.0,816,0,,,,,,
2021-07-26,22.1,18.4,26.0,18.6,24.9,360,0.4,0.0,49,948.3,145.0,1008,0,,,,,,
2021-07-27,19.0,14.6,23.0,14.2,17.5,16,0.0,0.0,40,950.2,110.0,1060,0,,,,,,
2021-07-28,18.8,12.7,24.0,6.6,9.8,30,0.0,0.0,40,948.7,25.0,966,0,,,,,,
2021-07-29,20.0,14.2,25.3,9.0,24.5,59,0.0,0.0,39,946.3,25.0,952,0,,,,,,
2021-07-30,20.7,15.9,25.6,7.5,14.0,77,0.1,0.0,44,950.8,95.0,950,0,,,,,,
2021-07-31,22.6,14.8,29.0,11.3,17.9,236,0.0,0.0,38,952.0,30.0,891,0,,,,,,
2021-08-01,25.3,18.8,31.9,11.1,17.3,308,0.0,0.0,33,949.6,60.0,870,0,,,,,,
2021-08-02,25.7,17.8,31.7,11.6,17.6,333,0.0,0.0,41,948.7,35.0,896,0,,,,,,
2021-08-03,24.6,19.5,29.3,14.5,23.8,24,0.0,0.0,40,949.9,60.0,902,0,,,,,,
2021-08-04,23.2,16.9,28.7,12.5,24.9,351,0.0,0.0,43,949.2,20.0,1164,0,,,,,,
2021-08-05,22.0,15.5,27.1,10.9,16.3,23,0.0,0.0,45,949.8,65.0,958,0,,,,,,
2021-08-06,23.0,15.4,30.4,5.6,7.9,156,0.0,0.0,39,948.9,40.0,1039,0,,,,,,
2021-08-07,25.2,16.9,33.0,8.8,13.7,188,0.0,0.0,36,947.4,45.0,1112,0,,,,,,
2021-08-08,20.7,16.0,24.9,11.2,18.6,257,6.7,0.0,64,945.8,50.0,507,0,,,,,,
2021-08-09,18.8,12.5,24.2,11.1,24.0,329,0.3,0.0,62,945.1,105.0,1025,0,,,,,,
2021-08-10,19.9,16.0,24.4,16.8,24.7,326,1.7,0.0,65,947.5,195.0,778,0,,,,,,
2021-08-11,17.8,13.6,21.9,10.3,16.5,310,0.2,0.0,65,948.3,50.0,775,0,,,,,,
2021-08-12,17.7,14.0,23.1,12.9,24.2,31,2.9,0.0,62,947.9,55.0,657,0,,,,,,
2021-08-13,13.7,11.0,15.6,23.1,28.8,20,0.7,0.0,76,950.8,530.0,809,0,,,,,,
2021-08-14,13.7,10.0,17.8,15.5,23.4,29,0.0,0.0,56,952.9,55.0,1033,0,,,,,,
2021-08-15,16.0,9.6,22.1,11.8,20.4,34,0.0,0.0,57,953.5,35.0,777,0,,,,,,
2021-08-16,18.0,9.7,25.0,6.8,10.9,69,0.0,0.0,55,955.5,15.0,754,0,,,,,,
2021-08-17,20.0,14.0,25.7,10.9,19.5,42,0.5,0.0,56,955.4,15.0,605,0,,,,,,
2021-08-18,21.9,14.3,28.2,8.1,18.6,33,0.0,0.0,54,954.0,20.0,824,0,,,,,,
2021-08-19,21.3,14.3,26.8,12.4,20.5,31,0.0,0.0,44,953.4,35.0,892,0,,,,,,
2021-08-20,20.7,13.0,26.7,12.4,19.5,49,0.0,0.0,43,956.6,60.0,885,0,,,,,,
2021-08-21,21.4,12.9,28.1,12.5,22.0,58,0.0,0.0,44,958.3,20.0,776,0,,,,,,
2021-08-22,21.5,14.6,27.3,17.5,24.3,60,0.0,0.0,43,958.4,95.0,888,0,,,,,,
2021-08-23,20.7,14.6,26.3,23.4,32.5,66,0.0,0.0,40,957.1,345.0,935,0,,,,,,
2021-08-24,22.5,15.8,28.4,20.8,26.7,57,0.0,0.0,49,955.6,335.0,1037,0,,,,,,
2021-08-25,22.3,16.0,28.4,15.6,20.1,60,0.0,0.0,48,951.9,150.0,815,0,,,,,,
2021-08-26,22.0,14.2,28.7,13.3,17.5,53,0.0,0.0,40,948.0,110.0,743,0,,,,,,
2021-08-27,23.0,14.8,29.6,14.2,20.1,41,0.0,0.0,39,946.3,95.0,778,0,,,,,,
2021-08-28,23.3,16.1,29.0,14.2,20.4,44,0.0,0.0,39,946.2,85.0,891,0,,,,,,
2021-08-29,21.6,15.8,29.0,16.1,26.1,50,0.0,0.0,57,943.6,180.0,631,0,,,,,,
2021-08-30,15.4,12.0,19.0,18.8,22.5,37,0.2,0.0,67,947.3,385.0,580,0,,,,,,
2021-08-31,14.7,8.8,20.6,17.6,21.5,35,0.0,0.0,57,948.6,135.0,634,0,,,,,,
2021-09-01,14.0,8.2,18.6,10.0,19.4,25,0.0,0.0,57,953.4,40.0,706,0,,,,,,
2021-09-02,15.6,9.9,21.7,15.3,23.8,69,0.0,0.0,46,955.0,230.0,822,0,,,,,,
2021-09-03,16.9,9.3,23.4,12.7,17.6,109,0.0,0.0,40,953.8,105.0,615,0,,,,,,
2021-09-04,19.0,10.2,27.7,11.5,14.8,137,0.0,0.0,36,951.9,65.0,482,0,,,,,,
2021-09-05,23.4,15.9,31.1,16.4,23.5,225,0.0,0.0,32,950.9,130.0,881,0,,,,,,
2021-09-06,19.5,13.4,25.0,21.8,26.0,42,0.0,0.0,42,954.9,240.0,729,0,,,,,,
2021-09-07,20.9,14.6,27.5,16.0,23.4,42,0.0,0.0,36,951.4,95.0,624,0,,,,,,
2021-09-08,15.7,9.1,22.3,15.6,30.3,289,0.9,0.0,56,949.3,35.0,745,0,,,,,,
2021-09-09,10.9,4.4,16.6,11.0,19.1,267,0.0,0.0,55,954.6,135.0,865,0,,,,,,
2021-09-10,13.3,8.5,17.9,25.0,40.8,241,0.5,0.0,41,949.8,185.0,1426,0,,,,,,
2021-09-11,13.2,10.4,16.7,24.7,30.8,241,8.0,0.0,69,944.5,495.0,1149,0,,,,,,
2021-09-12,8.7,5.3,12.2,18.0,27.3,284,0.4,0.0,58,949.5,220.0,1140,0,,,,,,
2021-09-13,8.8,2.0,15.0,12.0,18.4,258,0.0,0.0,55,954.4,20.0,733,0,,,,,,
2021-09-14,11.1,1.9,18.4,7.1,10.8,186,0.0,0.0,51,955.5,15.0,465,0,,,,,,
2021-09-15,14.1,6.3,21.5,8.8,12.7,205,0.0,0.0,39,952.0,50.0,471,0,,,,,,
2021-09-16,16.1,7.8,23.7,12.5,23.2,199,0.0,0.0,37,947.2,40.0,666,0,,,,,,
2021-09-17,15.8,7.2,22.1,19.7,36.3,248,1.8,0.0,49,942.1,220.0,797,0,,,,,,
2021-09-18,8.5,4.6,13.6,10.6,15.1,255,0.0,0.0,70,947.2,55.0,539,0,,,,,,
2021-09-19,8.1,3.7,11.1,20.6,30.2,270,0.0,0.0,55,948.1,230.0,1115,0,,,,,,
2021-09-20,6.3,1.4,11.4,17.4,27.0,269,0.0,0.0,55,954.7,125.0,805,0,,,,,,
2021-09-21,4.7,-1.4,8.3,9.7,13.0,10,0.0,0.0,63,956.8,60.0,682,0,,,,,,
2021-09-22,4.5,0.0,10.0,5.1,12.9,47,0.0,0.0,71,956.4,30.0,522,0,,,,,,
2021-09-23,5.7,0.2,11.3,10.3,21.1,32,0.1,0.0,63,956.3,20.0,684,0,,,,,,
2021-09-24,4.7,-0.7,9.7,10.2,15.1,62,0.0,0.0,61,962.7,75.0,534,0,,,,,,
2021-09-25,6.4,-2.1,14.0,7.0,8.6,149,0.0,0.0,51,959.4,20.0,308,0,,,,,,
2021-09-26,7.9,0.1,14.2,16.9,31.4,86,0.0,0.0,48,952.2,20.0,415,0,,,,,,
2021-09-27,7.8,4.5,12.9,22.9,32.6,98,1.0,0.0,54,946.5,70.0,527,0,,,,,,
2021-09-28,8.6,5.0,11.5,11.6,19.1,225,14.1,0.0,87,946.8,70.0,488,0,,,,,,
2021-09-29,8.4,6.1,11.8,15.6,22.5,246,2.6,0.0,83,946.8,55.0,588,0,,,,,,
2021-09-30,5.3,2.5,7.0,14.9,18.4,260,4.0,0.0,88,948.4,210.0,575,0,,,,,,
2021-10-01,3.7,1.2,6.8,18.7,25.1,278,1.2,0.21,74,954.7,325.0,763,0,,,,,,
2021-10-02,2.5,0.5,3.9,14.6,22.0,285,0.5,0.07,68,960.4,180.0,779,0,,,,,,
2021-10-03,3.4,-0.2,7.4,15.2,23.6,224,4.8,0.0,74,959.4,120.0,661,0,,,,,,
2021-10-04,2.0,-2.5,4.6,16.3,21.2,331,1.3,0.07,84,956.7,480.0,766,0,,,,,,
2021-10-05,-1.0,-2.5,1.0,21.5,28.6,337,2.1,1.54,78,960.7,560.0,846,0,,,,,,
2021-10-06,-0.6,-3.0,1.0,19.8,25.4,330,0.2,0.14,70,967.4,270.0,856,0,,,,,,
2021-10-07,0.5,-4.8,6.0,9.3,13.8,313,0.0,0.0,71,971.5,85.0,365,0,,,,,,
2021-10-08,3.7,-1.4,9.4,8.9,12.3,264,0.0,0.0,73,968.5,15.0,280,0,,,,,,
2021-10-09,5.0,-2.9,11.0,5.3,8.6,222,0.0,0.0,69,960.8,15.0,212,1,,,,,,
2021-10-10,4.9,-0.8,10.5,6.6,11.3,238,0.0,0.0,73,955.0,15.0,200,0,,,,,,
2021-10-11,2.9,-1.7,5.7,13.7,27.4,351,5.8,1.19,87,955.7,55.0,472,0,,,,,,
2021-10-12,0.3,-2.8,4.0,10.0,16.4,277,0.0,0.0,71,967.6,80.0,464,0,,,,,,
2021-10-13,2.8,-2.6,9.1,6.8,9.7,201,0.0,0.0,64,970.5,25.0,189,1,,,,,,
2021-10-14,4.2,-2.1,10.6,11.0,15.9,67,0.0,0.0,68,967.7,40.0,345,0,,,,,,
2021-10-15,4.9,0.1,10.5,17.3,25.0,56,0.0,0.0,73,965.4,140.0,426,0,,,,,,
2021-10-16,3.4,-1.2,9.1,12.1,14.2,56,0.0,0.0,74,960.3,75.0,254,0,,,,,,
2021-10-17,2.4,-2.9,8.9,5.6,9.1,70,0.0,0.0,74,959.7,15.0,116,1,,,,,,
2021-10-18,4.1,-3.2,12.1,6.1,9.3,88,0.0,0.0,68,959.4,10.0,125,1,,,,,,
2021-10-19,5.5,-0.2,12.6,12.2,16.0,100,0.0,0.0,58,954.7,55.0,156,0,,,,,,
2021-10-20,7.6,0.2,14.6,13.4,21.8,190,0.0,0.0,52,948.4,75.0,304,0,,,,,,
2021-10-21,6.4,1.4,10.4,20.7,29.2,222,1.0,0.0,60,947.4,160.0,754,0,,,,,,
2021-10-22,1.0,-2.0,2.8,29.8,39.3,235,0.2,0.14,65,957.2,735.0,1243,0,,,,,,
2021-10-23,4.2,0.9,8.0,32.2,43.7,224,1.6,1.05,69,960.8,615.0,836,0,,,,,,
2021-10-24,6.8,3.9,11.6,18.7,26.6,226,0.0,0.0,58,961.8,65.0,408,0,,,,,,
2021-10-25,6.1,-0.4,12.5,8.4,12.8,180,0.0,0.0,64,955.2,30.0,166,0,,,,,,
2021-10-26,5.9,1.9,10.8,15.5,23.1,258,0.0,0.0,62,948.9,105.0,473,0,,,,,,
2021-10-27,0.3,-3.7,3.6,13.4,18.3,38,0.0,0.0,62,959.6,60.0,430,0,,,,,,
2021-10-28,-1.7,-6.9,4.5,6.4,11.0,193,0.0,0.0,74,959.6,30.0,115,0,,,,,,
2021-10-29,0.4,-5.0,5.8,16.6,26.6,231,0.0,0.0,51,959.6,80.0,367,0,,,,,,
2021-10-30,0.3,-2.9,2.1,17.7,22.9,233,0.0,0.0,65,962.7,280.0,432,0,,,,,,
2021-10-31,1.9,1.0,2.7,27.1,35.9,248,4.6,0.77,89,957.2,640.0,915,0,,,,,,
2021-11-01,2.7,0.9,3.8,21.2,27.9,240,2.1,0.0,92,956.7,425.0,710,0,,,,,,
2021-11-02,-0.7,-10.9,3.9,25.0,27.3,299,3.8,1.54,83,953.2,470.0,587,0,,,,,,
2021-11-03,-10.9,-14.1,-7.9,14.8,22.1,23,0.0,0.0,60,967.7,465.0,788,0,,,,,,
2021-11-04,-11.2,-13.4,-8.5,9.2,14.2,346,0.0,0.0,58,976.2,110.0,365,0,,,,,,
2021-11-05,-8.3,-13.2,-3.1,15.4,20.7,244,0.0,0.0,56,977.4,165.0,301,0,,,,,,
2021-11-06,-4.2,-9.3,1.0,15.2,19.7,239,0.0,0.0,40,972.9,160.0,242,0,,,,,,
2021-11-07,-1.8,-6.0,4.0,11.4,14.2,226,0.0,0.0,38,966.9,50.0,174,0,,,,,,
2021-11-08,-1.5,-7.3,6.0,10.6,14.7,206,0.0,0.0,44,963.2,30.0,115,0,,,,,,
2021-11-09,-1.7,-7.3,6.2,8.3,12.3,178,0.0,0.0,57,962.4,45.0,121,1,,,,,,
2021-11-10,-0.3,-4.2,4.9,17.2,23.1,213,0.0,0.0,49,958.4,155.0,337,0,,,,,,
2021-11-11,0.4,-2.9,5.6,14.8,19.4,209,0.0,0.0,50,957.5,135.0,299,0,,,,,,
2021-11-12,0.7,-1.7,2.8,23.6,32.5,229,0.4,0.28,66,953.8,295.0,725,0,,,,,,
2021-11-13,-2.9,-5.6,-0.6,20.2,25.9,231,0.0,0.0,64,955.9,450.0,674,0,,,,,,
2021-11-14,-2.7,-3.4,-1.7,25.3,30.1,221,3.2,2.24,75,946.6,490.0,759,0,,,,,,
2021-11-15,-4.0,-6.2,-1.6,22.2,31.9,249,1.8,1.26,78,952.3,190.0,782,0,,,,,,
2021-11-16,-6.5,-10.5,-4.0,7.7,12.5,226,0.7,0.49,83,953.2,15.0,202,1,,,,,,
2021-11-17,-10.2,-14.5,-7.0,15.2,29.1,333,3.0,2.1,86,946.5,30.0,329,0,,,,,,
2021-11-18,-8.3,-10.4,-7.0,25.3,33.1,234,2.4,1.68,86,955.0,350.0,696,0,,,,,,
2021-11-19,-17.9,-24.2,-8.0,11.7,17.6,246,0.2,0.14,83,965.9,60.0,164,0,,,,,,
2021-11-20,-14.4,-17.9,-11.5,11.1,13.5,169,0.0,0.0,70,963.2,140.0,193,0,,,,,,
2021-11-21,-8.3,-14.4,-4.0,15.9,21.5,189,0.0,0.0,69,948.8,230.0,314,0,,,,,,
2021-11-22,-1.5,-3.0,0.6,35.7,47.0,222,4.7,3.29,87,944.8,530.0,1130,0,,,,,,
2021-11-23,-0.4,-2.9,0.6,33.5,39.6,232,8.3,5.81,94,945.8,810.0,931,0,,,,,,
2021-11-24,-0.1,-4.3,2.6,20.7,33.1,218,0.1,0.0,92,949.3,65.0,528,0,,,,,,
2021-11-25,-2.5,-12.7,2.9,21.7,27.2,251,8.1,4.13,87,944.9,425.0,577,0,,,,,,
2021-11-26,-12.5,-15.1,-10.3,14.5,21.4,229,0.0,0.0,80,964.6,150.0,297,0,,,,,,
2021-11-27,-11.0,-14.9,-7.3,15.0,18.1,214,0.0,0.0,73,971.9,100.0,197,0,,,,,,
2021-11-28,-13.9,-17.3,-8.4,11.5,15.2,140,0.0,0.0,69,967.4,35.0,58,1,,,,,,
2021-11-29,-11.2,-15.3,-5.5,11.1,14.5,126,0.0,0.0,65,960.5,25.0,39,1,,,,,,
2021-11-30,-8.4,-13.6,-2.9,11.5,15.1,188,0.0,0.0,71,958.0,45.0,117,1,,,,,,
2021-12-01,-10.3,-14.9,-3.0,12.3,15.5,167,0.0,0.0,82,956.2,40.0,68,1,,,,,,
2021-12-02,-1.0,-10.1,2.6,20.3,28.0,170,0.3,0.0,66,949.5,115.0,314,0,,,,,,
2021-12-03,-0.8,-5.6,2.3,18.6,22.7,244,9.3,2.38,88,951.9,390.0,521,0,,,,,,
2021-12-04,-6.4,-10.2,-3.5,10.9,16.0,215,0.0,0.0,85,963.0,25.0,192,0,,,,,,
2021-12-05,-4.9,-8.0,0.5,8.1,12.0,145,0.0,0.0,73,956.4,45.0,70,0,,,,,,
2021-12-06,-1.3,-6.0,0.2,15.8,22.7,222,1.0,0.7,88,954.5,110.0,350,0,,,,,,
2021-12-07,-3.9,-6.7,-1.1,14.3,21.3,268,0.4,0.35,89,958.8,305.0,498,0,,,,,,
2021-12-08,-13.2,-20.2,-7.1,9.0,14.4,3,0.0,0.0,85,968.8,15.0,210,0,,,,,,
2021-12-09,-18.5,-21.3,-12.0,8.1,14.1,146,0.0,0.0,77,975.3,10.0,72,1,,,,,,
2021-12-10,-13.2,-19.6,-6.9,11.5,15.3,131,0.0,0.0,66,972.0,60.0,128,1,,,,,,
2021-12-11,-6.4,-10.8,-1.9,11.0,14.1,145,0.0,0.0,58,959.7,185.0,241,0,,,,,,
2021-12-12,-9.0,-11.6,-7.0,12.2,18.3,23,1.2,0.84,80,958.5,110.0,223,0,,,,,,
2021-12-13,-15.8,-20.6,-11.5,10.4,16.0,357,0.1,0.07,81,963.0,35.0,111,0,,,,,,
2021-12-14,-15.7,-19.3,-12.2,7.5,12.6,238,0.0,0.0,81,967.1,25.0,105,0,,,,,,
2021-12-15,-12.6,-18.6,-8.3,14.9,21.9,230,0.0,0.0,75,967.2,50.0,186,0,,,,,,
2021-12-16,-8.1,-10.9,-4.9,20.9,26.0,228,0.0,0.0,76,966.3,230.0,309,0,,,,,,
2021-12-17,-4.0,-6.3,-1.8,23.5,27.6,219,0.0,0.0,80,959.0,400.0,487,0,,,,,,
2021-12-18,-6.3,-12.2,-3.7,14.1,20.9,217,0.0,0.0,86,952.7,45.0,237,0,,,,,,
2021-12-19,-3.9,-11.3,1.0,17.0,24.7,198,0.2,0.14,77,943.7,85.0,342,0,,,,,,
2021-12-20,-2.2,-3.5,-1.1,13.4,18.5,239,3.2,2.24,96,950.6,250.0,366,0,,,,,,
2021-12-21,-4.1,-6.9,-2.4,11.6,17.1,151,0.0,0.0,91,957.8,30.0,250,0,,,,,,
2021-12-22,-2.4,-7.0,1.8,22.5,36.5,161,2.3,1.26,82,944.9,290.0,475,0,,,,,,
2021-12-23,0.7,-0.5,2.2,18.0,36.2,203,3.2,1.12,96,948.9,80.0,505,0,,,,,,
2021-12-24,-5.9,-8.7,-0.2,14.8,35.1,229,0.2,0.14,90,961.4,75.0,484,0,,,,,,
2021-12-25,-6.6,-9.2,-3.5,11.4,15.5,73,1.5,1.05,89,957.8,85.0,190,0,,,,,,
2021-12-26,-9.7,-11.6,-7.7,16.7,22.0,25,4.6,3.22,88,958.3,110.0,205,0,,,,,,
2021-12-27,-13.6,-14.9,-11.8,10.5,15.0,225,0.0,0.0,86,964.9,95.0,224,0,,,,,,
2021-12-28,-13.0,-15.4,-10.7,15.3,17.4,204,0.0,0.0,76,964.4,265.0,298,0,,,,,,
2021-12-29,-7.5,-11.6,-4.8,17.1,21.9,226,1.2,0.84,88,959.8,290.0,408,0,,,,,,
2021-12-30,-17.9,-22.4,-9.7,12.7,18.4,61,0.0,0.0,83,967.1,165.0,226,1,,,,,,
2021-12-31,-17.6,-21.1,-11.4,11.7,18.1,127,0.0,0.0,68,961.7,30.0,73,1,,,,,,
2022-01-01,-16.9,-20.4,-14.2,8.3,13.0,131,0.1,0.07,77,953.9,15.0,28,1,,,,,,
2022-01-02,-10.8,-17.2,-5.5,13.4,15.3,185,0.0,0.0,82,951.6,55.0,150,1,,,,,,
2022-01-03,-5.1,-9.6,-2.0,15.4,22.8,172,0.0,0.0,89,946.1,155.0,233,0,,,,,,
2022-01-04,-2.2,-8.1,0.4,21.8,26.6,228,2.1,1.47,91,941.0,330.0,639,0,,,,,,
2022-01-05,-11.6,-14.9,-8.9,13.5,18.7,233,0.0,0.0,86,952.7,95.0,424,0,,,,,,
2022-01-06,-14.3,-16.9,-10.5,9.4,11.3,147,0.0,0.0,83,957.1,35.0,68,0,,,,,,
2022-01-07,-5.9,-10.9,-3.2,14.1,24.9,209,0.0,0.0,90,961.0,40.0,214,0,,,,,,
2022-01-08,-3.9,-5.4,-3.3,24.8,27.8,211,0.0,0.0,92,959.8,420.0,466,0,,,,,,
2022-01-09,-7.3,-12.3,-3.5,23.0,35.2,248,1.3,0.91,89,960.4,80.0,543,0,,,,,,
2022-01-10,-13.2,-20.2,-9.4,8.9,15.0,106,0.0,0.0,87,970.8,25.0,123,0,,,,,,
2022-01-11,-18.4,-22.8,-12.4,13.1,16.1,116,0.0,0.0,74,962.0,25.0,40,1,,,,,,
2022-01-12,-16.8,-22.6,-12.4,7.1,16.0,147,0.0,0.0,80,953.2,20.0,53,1,,,,,,
2022-01-13,-12.5,-15.8,-9.6,16.8,21.0,77,0.0,0.0,84,951.2,25.0,148,0,,,,,,
2022-01-14,-5.9,-9.7,-4.3,16.8,20.7,192,2.2,1.54,89,946.0,145.0,435,0,,,,,,
2022-01-15,-5.2,-10.8,1.8,32.2,52.2,206,2.7,0.63,85,939.0,290.0,715,0,,,,,,
2022-01-16,-2.0,-10.9,3.2,29.4,50.1,199,6.2,3.36,87,941.3,175.0,760,0,,,,,,
2022-01-17,-7.8,-12.3,-1.5,19.1,29.2,232,0.1,0.07,87,953.2,175.0,530,0,,,,,,
2022-01-18,-11.4,-13.6,-8.1,9.1,15.0,113,0.1,0.07,85,957.9,45.0,76,0,,,,,,
2022-01-19,-11.1,-14.6,-8.0,16.8,20.5,62,0.0,0.0,87,956.7,110.0,276,0,,,,,,
2022-01-20,-13.9,-18.0,-10.7,13.7,17.4,108,0.0,0.0,81,960.1,85.0,170,0,,,,,,
2022-01-21,-15.7,-18.5,-11.5,13.2,16.2,103,0.0,0.0,76,954.7,50.0,72,0,,,,,,
2022-01-22,-15.7,-19.5,-10.0,10.3,13.7,108,0.0,0.0,80,955.8,25.0,37,1,,,,,,
2022-01-23,-16.7,-19.4,-11.3,8.0,12.3,86,0.0,0.0,84,959.6,20.0,36,1,,,,,,
2022-01-24,-14.7,-18.0,-10.7,17.0,21.7,73,0.0,0.0,79,964.3,60.0,173,0,,,,,,
2022-01-25,-16.3,-21.3,-11.6,9.5,16.8,134,0.0,0.0,82,962.1,20.0,51,1,,,,,,
2022-01-26,-13.8,-17.3,-12.0,14.8,19.0,237,0.0,0.0,86,961.6,85.0,212,0,,,,,,
2022-01-27,-14.1,-19.0,-10.9,9.0,10.7,198,0.0,0.0,88,963.4,90.0,117,1,,,,,,
2022-01-28,-14.6,-20.3,-7.4,12.5,16.3,108,0.0,0.0,79,956.2,40.0,69,1,,,,,,
2022-01-29,-10.1,-15.9,-5.3,14.9,18.5,137,1.0,0.7,74,953.4,60.0,227,0,,,,,,
2022-01-30,-6.8,-8.8,-3.8,22.0,25.6,221,1.9,1.33,87,955.5,235.0,625,0,,,,,,
2022-01-31,-7.7,-9.0,-6.0,17.6,23.5,223,0.2,0.14,89,959.9,90.0,365,0,,,,,,
2022-02-01,-11.1,-13.0,-9.5,8.3,12.6,167,0.0,0.0,90,964.5,20.0,68,0,,,,,,
2022-02-02,-12.7,-16.5,-8.1,9.8,13.0,88,0.0,0.0,87,962.5,95.0,122,1,,,,,,
2022-02-03,-13.6,-18.0,-8.3,7.5,13.1,119,0.0,0.0,81,965.6,25.0,40,1,,,,,,
2022-02-04,-14.5,-19.3,-6.6,12.1,16.4,114,0.0,0.0,78,963.7,20.0,41,1,,,,,,
2022-02-05,-11.8,-17.9,-3.9,17.1,20.8,112,0.0,0.0,68,957.1,45.0,124,1,,,,,,
2022-02-06,-8.6,-12.0,-2.8,22.5,24.7,112,0.0,0.0,64,949.5,165.0,272,0,,,,,,
2022-02-07,-7.6,-14.3,-3.1,19.9,25.9,202,1.2,0.84,81,954.1,200.0,556,0,,,,,,
2022-02-08,-9.7,-15.5,-6.4,9.4,17.4,155,0.1,0.07,84,960.7,65.0,321,0,,,,,,
2022-02-09,-12.0,-15.1,-8.7,11.5,14.4,88,0.0,0.0,84,959.7,60.0,162,0,,,,,,
2022-02-10,-13.5,-16.8,-10.4,9.9,12.8,51,0.0,0.0,86,961.9,40.0,137,0,,,,,,
2022-02-11,-15.5,-20.8,-10.1,15.2,21.5,113,0.0,0.0,86,959.5,60.0,189,0,,,,,,
2022-02-12,-9.0,-13.7,-5.6,27.5,37.4,218,3.8,2.66,84,949.9,320.0,644,0,,,,,,
2022-02-13,-4.6,-7.7,-2.7,29.1,38.8,228,2.0,1.47,91,951.5,240.0,777,0,,,,,,
2022-02-14,-3.9,-7.6,-2.1,27.1,43.2,203,3.7,2.59,90,946.0,185.0,659,0,,,,,,
2022-02-15,-12.0,-13.8,-7.5,38.5,55.1,266,2.0,1.4,82,952.9,570.0,988,0,,,,,,
2022-02-16,-13.7,-17.5,-11.1,17.0,22.7,230,0.0,0.0,84,965.3,215.0,402,0,,,,,,
2022-02-17,-13.0,-14.9,-11.4,21.6,24.8,214,0.0,0.0,82,966.8,155.0,284,0,,,,,,
2022-02-18,-14.9,-19.4,-9.2,10.4,17.0,189,0.0,0.0,73,965.6,20.0,81,1,,,,,,
2022-02-19,-12.3,-18.6,-5.6,16.6,20.2,105,0.0,0.0,71,962.5,20.0,66,1,,,,,,
2022-02-20,-10.2,-14.8,-4.3,13.7,16.9,156,0.0,0.0,69,958.2,60.0,141,1,,,,,,
2022-02-21,-9.2,-13.9,-3.1,12.6,15.5,200,0.0,0.0,77,953.8,50.0,103,0,,,,,,
2022-02-22,-6.4,-12.3,-1.0,11.3,14.7,165,0.0,0.0,80,951.2,30.0,103,0,,,,,,
2022-02-23,-4.4,-7.0,-3.5,8.1,15.1,232,0.1,0.07,91,958.5,65.0,189,0,,,,,,
2022-02-24,-7.1,-11.5,-0.9,13.2,17.1,196,0.0,0.0,84,959.9,25.0,120,0,,,,,,
2022-02-25,-5.2,-11.7,0.1,15.6,20.5,230,1.0,0.7,83,960.2,70.0,200,0,,,,,,
2022-02-26,-3.8,-7.6,-1.7,17.0,21.3,55,1.1,0.77,89,965.1,275.0,455,0,,,,,,
2022-02-27,-9.4,-13.3,-3.6,15.0,18.6,104,0.0,0.0,83,964.8,35.0,136,0,,,,,,
2022-02-28,-12.3,-17.6,-4.5,9.1,15.7,89,0.0,0.0,76,957.2,15.0,33,1,,,,,,
2022-03-01,-11.6,-17.2,-3.9,9.2,13.0,172,0.0,0.0,79,954.5,15.0,46,0,,,,,,
2022-03-02,-11.3,-16.8,-5.8,7.8,11.4,241,0.0,0.0,90,957.7,25.0,177,0,,,,,,
2022-03-03,-7.2,-10.0,-3.6,9.5,13.6,189,0.0,0.0,93,959.2,20.0,87,0,,,,,,
2022-03-04,-4.5,-11.1,-0.5,12.9,16.6,214,0.0,0.0,93,951.5,85.0,235,0,,,,,,
2022-03-05,0.1,-5.1,3.6,20.8,37.7,175,3.0,0.0,92,943.8,55.0,396,0,,,,,,
2022-03-06,1.4,-0.3,3.7,36.2,44.1,213,4.9,1.54,87,937.5,495.0,1219,0,,,,,,
2022-03-07,-1.8,-4.5,-0.6,34.2,45.9,233,1.6,1.19,86,941.8,1015.0,1260,0,,,,,,
2022-03-08,-8.6,-13.4,-4.6,15.1,28.1,248,0.9,0.63,84,954.1,25.0,555,0,,,,,,
2022-03-09,-9.8,-17.1,-2.1,12.9,17.9,86,0.0,0.0,81,953.8,50.0,166,0,,,,,,
2022-03-10,-6.1,-9.5,-1.9,12.2,20.7,66,0.0,0.0,79,954.3,55.0,199,0,,,,,,
2022-03-11,-6.5,-11.2,-1.3,21.5,24.5,75,0.0,0.0,74,953.1,155.0,302,0,,,,,,
2022-03-12,-4.5,-6.7,-1.5,19.7,23.1,78,1.2,0.84,81,946.0,155.0,280,0,,,,,,
2022-03-13,-2.0,-5.8,0.9,20.0,42.5,228,12.7,8.26,94,942.9,170.0,459,0,,,,,,
2022-03-14,-5.7,-8.1,-4.4,14.1,24.6,262,2.9,2.03,90,954.3,240.0,498,0,,,,,,
2022-03-15,-8.8,-11.7,-6.5,10.3,23.2,277,0.3,0.21,87,958.9,30.0,328,0,,,,,,
2022-03-16,-13.8,-17.9,-11.4,9.6,16.9,356,0.0,0.0,83,963.8,115.0,407,0,,,,,,
2022-03-17,-13.3,-17.2,-10.5,24.9,30.5,71,0.0,0.0,82,958.7,200.0,362,0,,,,,,
2022-03-18,-9.7,-11.4,-7.7,27.4,31.1,72,5.2,3.64,82,955.5,320.0,395,0,,,,,,
2022-03-19,-10.9,-13.2,-8.7,21.1,26.9,73,0.2,0.14,84,963.4,45.0,245,0,,,,,,
2022-03-20,-11.0,-15.3,-7.1,12.8,20.2,209,0.0,0.0,90,959.0,20.0,204,1,,,,,,
2022-03-21,-10.5,-13.6,-6.7,24.1,28.7,223,0.0,0.0,83,951.3,220.0,451,0,,,,,,
2022-03-22,-6.6,-11.6,-3.3,32.8,42.8,236,2.9,2.03,83,947.5,300.0,819,0,,,,,,
2022-03-23,-5.9,-7.3,-4.7,37.4,48.6,254,1.5,1.05,88,950.8,510.0,927,0,,,,,,
2022-03-24,-5.1,-7.2,-2.9,33.8,45.1,245,0.0,0.0,90,954.5,385.0,598,0,,,,,,
2022-03-25,-4.2,-6.4,-0.5,20.0,29.3,222,0.0,0.0,92,956.6,110.0,337,0,,,,,,
2022-03-26,-3.7,-10.2,0.2,18.1,30.8,95,0.1,0.07,85,948.6,15.0,186,0,,,,,,
2022-03-27,0.3,-2.7,1.6,23.6,32.5,227,6.0,3.85,93,942.5,125.0,471,0,,,,,,
2022-03-28,-1.3,-4.2,0.2,20.1,26.1,231,1.1,0.77,90,951.7,60.0,487,0,,,,,,
2022-03-29,-1.3,-4.7,3.4,33.7,50.6,204,4.3,2.1,86,948.6,90.0,863,0,,,,,,
2022-03-30,-2.3,-5.3,1.1,33.9,44.9,225,2.9,2.03,84,963.6,255.0,768,0,,,,,,
2022-03-31,-0.1,-3.8,3.1,16.2,21.4,173,0.0,0.0,80,965.0,100.0,202,0,,,,,,
2022-04-01,0.7,-3.3,4.2,9.5,17.5,128,0.0,0.0,82,958.0,20.0,62,1,,,,,,
2022-04-02,-1.0,-7.9,4.2,5.8,12.2,134,0.0,0.0,86,958.1,10.0,32,1,,,,,,
2022-04-03,2.1,-4.3,7.5,10.8,14.1,188,0.0,0.0,74,957.7,30.0,73,0,,,,,,
2022-04-04,4.9,-1.5,11.5,11.1,13.4,151,0.0,0.0,71,953.3,40.0,190,0,,,,,,
2022-04-05,11.8,4.6,22.7,18.0,27.9,187,0.0,0.0,56,950.0,35.0,502,0,,,,,,
2022-04-06,4.5,0.3,10.1,11.2,17.3,13,9.4,0.0,80,952.8,25.0,230,0,,,,,,
2022-04-07,5.0,-0.9,11.8,12.5,18.0,75,4.0,0.0,79,951.1,30.0,223,0,,,,,,
2022-04-08,5.8,-0.4,12.4,13.7,20.3,306,0.0,0.0,72,951.5,30.0,457,0,,,,,,
2022-04-09,5.0,-2.4,12.5,11.7,20.1,64,0.0,0.0,65,955.9,30.0,454,0,,,,,,
2022-04-10,6.5,0.7,13.3,19.5,24.1,93,0.0,0.0,50,960.0,165.0,557,0,,,,,,
2022-04-11,6.2,-0.7,13.6,27.1,32.1,91,0.0,0.0,48,960.0,255.0,606,0,,,,,,
2022-04-12,8.5,1.0,16.6,28.7,33.2,90,0.0,0.0,43,955.0,350.0,645,0,,,,,,
2022-04-13,10.1,2.7,17.5,20.4,24.1,91,0.0,0.0,43,956.2,205.0,554,0,,,,,,
2022-04-14,10.7,3.4,18.9,12.6,18.4,91,0.0,0.0,47,956.3,75.0,408,0,,,,,,
2022-04-15,12.7,3.2,21.8,9.7,13.4,130,0.0,0.0,46,956.3,20.0,568,0,,,,,,
2022-04-16,14.7,7.1,23.1,13.2,18.6,169,0.0,0.0,31,952.9,50.0,575,0,,,,,,
2022-04-17,15.7,7.0,24.3,10.2,15.3,154,0.0,0.0,33,950.6,70.0,597,0,,,,,,
2022-04-18,14.1,7.3,23.2,14.2,40.2,43,3.8,0.0,39,948.5,95.0,518,0,,,,,,
2022-04-19,8.1,3.4,13.4,15.2,26.9,34,0.2,0.0,64,957.2,30.0,731,0,,,,,,
2022-04-20,9.3,0.2,17.1,11.3,20.0,263,0.0,0.0,60,953.6,20.0,710,0,,,,,,
2022-04-21,12.9,6.6,19.5,22.1,40.1,262,0.1,0.0,58,948.1,55.0,1076,0,,,,,,
2022-04-22,7.6,2.6,10.4,12.6,17.9,354,0.1,0.0,61,951.8,285.0,680,0,,,,,,
2022-04-23,4.8,-2.0,11.3,15.7,19.9,44,0.0,0.0,45,952.4,205.0,606,0,,,,,,
2022-04-24,3.4,-4.5,9.9,24.5,26.4,78,0.0,0.0,40,955.1,335.0,563,0,,,,,,
2022-04-25,6.0,0.4,13.1,14.4,19.8,71,0.0,0.0,36,952.6,45.0,614,0,,,,,,
2022-04-26,8.9,-1.6,17.2,12.2,18.2,245,0.0,0.0,40,956.2,30.0,724,0,,,,,,
2022-04-27,11.7,3.4,18.5,7.6,11.8,295,0.0,0.0,45,958.1,15.0,827,0,,,,,,
2022-04-28,12.9,3.1,21.3,7.8,11.9,180,0.0,0.0,51,961.3,15.0,756,0,,,,,,
2022-04-29,15.4,7.2,22.5,10.6,13.5,135,0.0,0.0,44,957.9,55.0,625,0,,,,,,
2022-04-30,17.9,11.0,26.2,8.8,12.6,151,0.0,0.0,37,950.3,70.0,468,0,,,,,,
2022-05-01,19.5,10.4,27.2,15.2,25.5,213,0.3,0.0,44,942.9,60.0,733,0,,,,,,
2022-05-02,15.8,9.3,21.1,14.1,22.2,317,0.0,0.0,52,943.6,30.0,857,0,,,,,,
2022-05-03,10.6,6.5,15.1,21.8,25.7,54,0.0,0.0,50,950.6,335.0,793,0,,,,,,
2022-05-04,8.5,4.6,13.0,19.0,26.7,92,0.1,0.0,38,950.8,75.0,579,0,,,,,,
2022-05-05,10.8,1.0,19.6,9.7,22.7,213,0.0,0.0,61,949.4,35.0,586,0,,,,,,
2022-05-06,15.1,4.7,23.4,18.1,32.7,241,0.0,0.0,56,950.9,40.0,1135,0,,,,,,
2022-05-07,8.7,4.5,11.5,21.3,26.3,41,0.0,0.0,44,958.6,345.0,735,0,,,,,,
2022-05-08,8.3,1.6,14.6,20.9,27.6,72,0.0,0.0,33,963.7,285.0,875,0,,,,,,
2022-05-09,11.4,4.0,18.5,27.5,34.2,89,0.0,0.0,34,958.3,430.0,864,0,,,,,,
2022-05-10,14.2,8.5,22.1,21.4,28.3,100,1.2,0.0,43,951.3,205.0,740,0,,,,,,
2022-05-11,15.5,10.2,21.0,12.3,18.8,254,0.2,0.0,66,953.1,60.0,744,0,,,,,,
2022-05-12,14.3,5.6,20.4,5.9,12.3,258,0.0,0.0,53,954.7,15.0,1065,0,,,,,,
2022-05-13,16.2,6.7,23.6,7.6,11.6,88,0.0,0.0,44,950.0,15.0,1059,0,,,,,,
2022-05-14,16.8,10.8,22.8,9.1,19.1,249,0.0,0.0,48,948.1,15.0,694,0,,,,,,
2022-05-15,16.1,9.2,21.8,15.5,27.0,255,0.1,0.0,53,952.3,90.0,1022,0,,,,,,
2022-05-16,18.3,11.7,24.1,13.7,21.6,205,0.0,0.0,44,950.7,75.0,1146,0,,,,,,
2022-05-17,20.9,14.6,27.0,16.7,25.1,218,0.0,0.0,36,946.6,30.0,1226,0,,,,,,
2022-05-18,17.6,13.5,23.2,10.8,24.6,205,5.1,0.0,63,946.1,25.0,765,0,,,,,,
2022-05-19,15.3,9.3,20.3,17.2,31.4,260,0.0,0.0,56,949.5,45.0,1065,0,,,,,,
2022-05-20,16.3,6.9,24.1,12.3,18.7,222,0.0,0.0,41,952.7,60.0,890,0,,,,,,
2022-05-21,21.1,11.6,29.0,16.7,26.0,165,0.0,0.0,35,943.9,65.0,1064,0,,,,,,
2022-05-22,14.0,9.2,17.6,24.5,36.8,249,0.6,0.0,44,943.4,70.0,1260,0,,,,,,
2022-05-23,14.0,5.0,20.6,10.8,19.1,195,0.0,0.0,40,955.5,15.0,748,0,,,,,,
2022-05-24,16.3,8.8,22.5,14.5,20.5,83,0.1,0.0,35,952.7,40.0,587,0,,,,,,
2022-05-25,20.9,12.4,28.7,15.9,24.5,84,0.0,0.0,33,949.4,195.0,755,0,,,,,,
2022-05-26,24.0,15.0,32.5,9.9,14.8,186,0.0,0.0,35,947.0,60.0,754,0,,,,,,
2022-05-27,19.4,14.2,23.8,13.1,15.7,286,0.1,0.0,42,948.8,245.0,675,0,,,,,,
2022-05-28,16.0,11.5,21.4,18.0,25.6,15,5.3,0.0,56,950.1,185.0,679,0,,,,,,
2022-05-29,16.5,8.4,24.3,10.3,15.3,288,0.0,0.0,57,955.7,50.0,904,0,,,,,,
2022-05-30,19.8,10.4,25.9,6.1,10.7,297,0.0,0.0,52,954.5,25.0,812,0,,,,,,
2022-05-31,19.2,14.5,26.4,17.2,38.4,255,1.1,0.0,54,947.8,20.0,914,0,,,,,,
2022-06-01,14.0,10.3,17.2,19.4,27.1,295,0.1,0.0,52,947.7,80.0,1001,0,,,,,,
2022-06-02,15.7,9.1,21.1,11.0,18.4,339,0.0,0.0,42,954.6,35.0,964,0,,,,,,
2022-06-03,17.5,9.5,24.2,13.2,23.1,269,0.1,0.0,49,951.5,40.0,1154,0,,,,,,
2022-06-04,16.5,11.1,22.6,13.1,33.2,104,2.3,0.0,54,948.8,135.0,1160,0,,,,,,
2022-06-05,12.0,7.5,16.8,18.6,37.4,324,0.9,0.0,58,951.6,90.0,1011,0,,,,,,
2022-06-06,15.6,10.5,21.8,9.5,18.2,126,0.0,0.0,46,953.6,115.0,860,0,,,,,,
2022-06-07,21.5,13.1,28.6,15.1,21.1,229,0.0,0.0,37,949.0,65.0,991,0,,,,,,
2022-06-08,25.4,16.7,32.3,16.8,28.2,195,0.0,0.0,29,946.5,70.0,1270,0,,,,,,
2022-06-09,24.9,19.2,30.8,18.0,33.7,198,0.0,0.0,26,943.9,180.0,1168,0,,,,,,
2022-06-10,24.3,16.8,29.9,13.6,21.8,246,0.0,0.0,32,940.4,15.0,919,0,,,,,,
2022-06-11,20.9,14.7,25.6,16.4,26.1,271,0.0,0.0,34,942.2,25.0,1126,0,,,,,,
2022-06-12,22.0,13.0,28.5,13.3,22.4,216,0.0,0.0,34,944.2,25.0,1171,0,,,,,,
2022-06-13,22.8,16.4,28.9,14.8,23.2,223,0.5,0.0,41,944.1,20.0,1161,0,,,,,,
2022-06-14,20.4,15.3,25.1,17.7,29.3,263,0.3,0.0,45,944.6,40.0,1078,0,,,,,,
2022-06-15,17.6,13.1,22.2,13.5,25.3,324,1.1,0.0,54,948.0,30.0,842,0,,,,,,
2022-06-16,19.5,12.1,25.6,15.6,25.0,298,0.0,0.0,48,949.3,15.0,1132,0,,,,,,
2022-06-17,19.9,12.0,25.8,9.8,16.8,311,0.1,0.0,50,949.2,15.0,853,0,,,,,,
2022-06-18,21.7,13.9,27.9,8.4,26.2,310,0.3,0.0,47,946.2,20.0,922,0,,,,,,
2022-06-19,23.4,14.7,30.0,8.5,19.4,285,0.6,0.0,43,943.6,15.0,1012,0,,,,,,
2022-06-20,25.1,16.7,32.1,12.8,23.0,131,0.1,0.0,37,939.3,90.0,1010,0,,,,,,
2022-06-21,24.1,18.6,29.1,20.3,32.6,241,0.0,0.0,42,938.9,50.0,1152,0,,,,,,
2022-06-22,24.3,19.4,29.5,17.5,25.2,258,0.0,0.0,35,942.0,75.0,1008,0,,,,,,
2022-06-23,24.9,16.5,31.2,12.3,20.0,298,0.0,0.0,40,946.8,20.0,986,0,,,,,,
2022-06-24,26.0,18.3,31.4,8.6,15.6,356,0.0,0.0,41,949.0,40.0,1105,0,,,,,,
2022-06-25,28.7,19.2,35.9,12.4,20.9,209,0.0,0.0,34,945.6,35.0,1314,0,,,,,,
2022-06-26,28.2,22.9,33.0,19.9,32.8,261,0.0,0.0,31,940.4,100.0,1147,0,,,,,,
2022-06-27,20.6,15.5,23.9,16.8,28.9,321,0.2,0.0,50,942.2,75.0,1151,0,,,,,,
2022-06-28,20.6,12.3,27.9,10.0,19.0,265,0.0,0.0,39,944.8,40.0,863,0,,,,,,
2022-06-29,20.3,13.1,29.6,20.5,44.3,269,0.3,0.0,39,938.5,40.0,1050,0,,,,,,
2022-06-30,15.1,9.6,20.5,10.9,18.7,320,0.0,0.0,44,942.2,105.0,899,0,,,,,,
2022-07-01,17.4,10.9,23.9,9.1,17.4,346,0.0,0.0,41,947.0,65.0,1218,0,,,,,,
2022-07-02,19.0,11.5,24.7,7.7,14.4,351,0.0,0.0,37,947.3,50.0,1338,0,,,,,,
2022-07-03,22.4,13.7,29.6,12.2,26.5,101,0.6,0.0,30,943.9,40.0,1070,0,,,,,,
2022-07-04,25.1,17.2,31.2,26.4,39.8,204,0.6,0.0,30,935.9,320.0,1728,0,,,,,,
2022-07-05,17.1,14.2,21.2,27.7,36.8,243,15.4,0.0,65,936.3,455.0,981,0,,,,,,
2022-07-06,16.6,11.3,23.3,12.2,27.8,237,4.8,0.0,74,945.7,65.0,767,0,,,,,,
2022-07-07,17.8,14.1,22.5,12.4,20.7,164,6.3,0.0,69,944.8,50.0,579,0,,,,,,
2022-07-08,16.5,12.6,20.6,9.7,13.7,291,1.3,0.0,78,945.4,80.0,557,0,,,,,,
2022-07-09,17.5,14.2,21.5,18.7,25.8,26,2.3,0.0,77,946.0,375.0,738,0,,,,,,
2022-07-10,18.2,13.2,23.9,16.0,25.2,47,1.4,0.0,75,946.4,150.0,669,0,,,,,,
2022-07-11,19.5,14.6,26.8,15.0,24.2,58,7.4,0.0,75,947.6,125.0,740,0,,,,,,
2022-07-12,22.0,17.5,26.8,21.4,30.0,41,1.0,0.0,55,951.7,115.0,865,0,,,,,,
2022-07-13,21.2,14.8,26.5,13.8,20.2,31,0.0,0.0,48,956.2,85.0,860,0,,,,,,
2022-07-14,21.4,12.9,27.5,5.3,9.8,72,0.0,0.0,47,955.1,30.0,753,0,,,,,,
2022-07-15,24.1,16.4,31.1,9.9,13.8,274,0.0,0.0,43,950.5,30.0,808,0,,,,,,
2022-07-16,25.3,17.4,31.1,10.5,22.3,153,0.4,0.0,44,946.7,15.0,1021,0,,,,,,
2022-07-17,22.4,19.4,26.5,19.7,27.3,308,1.1,0.0,56,943.5,270.0,894,0,,,,,,
2022-07-18,20.8,15.2,24.7,12.1,24.3,31,0.1,0.0,51,950.1,130.0,612,0,,,,,,
2022-07-19,22.3,17.7,26.5,10.0,12.7,32,0.0,0.0,41,951.9,20.0,974,0,,,,,,
2022-07-20,24.4,14.6,32.4,11.6,20.7,212,0.0,0.0,39,947.9,20.0,693,0,,,,,,
2022-07-21,25.9,20.2,31.4,16.0,26.6,293,0.3,0.0,39,942.5,35.0,1080,0,,,,,,
2022-07-22,21.6,15.3,26.3,11.5,19.2,320,0.0,0.0,46,944.2,40.0,1028,0,,,,,,
2022-07-23,21.4,14.3,26.8,10.1,18.2,338,0.0,0.0,45,944.4,25.0,1027,0,,,,,,
2022-07-24,20.6,14.9,25.4,13.8,22.2,332,0.0,0.0,45,945.0,20.0,982,0,,,,,,
2022-07-25,21.1,13.4,27.7,6.8,11.5,40,0.0,0.0,43,949.9,25.0,864,0,,,,,,
2022-07-26,24.1,15.9,31.2,10.3,14.7,134,0.0,0.0,36,948.2,25.0,1088,0,,,,,,
2022-07-27,25.5,18.7,31.2,16.0,25.8,218,0.0,0.0,34,942.5,40.0,962,0,,,,,,
2022-07-28,23.3,17.2,28.9,10.1,17.7,278,0.2,0.0,52,940.3,20.0,852,0,,,,,,
2022-07-29,20.9,17.2,25.5,12.3,22.0,283,3.3,0.0,66,941.3,40.0,663,0,,,,,,
2022-07-30,19.4,14.9,24.9,6.7,13.9,284,6.1,0.0,70,941.5,20.0,831,0,,,,,,
2022-07-31,17.7,13.9,22.5,10.4,19.5,359,4.7,0.0,77,941.6,95.0,631,0,,,,,,
2022-08-01,19.9,14.1,24.8,10.4,16.4,335,0.6,0.0,67,944.0,90.0,789,0,,,,,,
2022-08-02,20.4,15.1,25.4,11.8,21.4,57,0.6,0.0,69,946.6,80.0,726,0,,,,,,
2022-08-03,20.9,14.7,26.3,20.6,25.7,62,0.0,0.0,57,949.6,300.0,883,0,,,,,,
2022-08-04,20.5,16.7,25.0,21.4,32.6,76,4.3,0.0,55,951.5,485.0,890,0,2.39,3.48,2.47,8.98,114.05,63.16
2022-08-05,20.1,13.8,25.7,20.8,25.1,60,0.0,0.0,44,952.6,310.0,1184,0,2.48,3.63,2.8,9.86,112.21,66.92
2022-08-06,20.2,13.4,25.8,20.9,27.1,56,0.0,0.0,43,951.8,275.0,1117,0,2.02,2.95,2.71,10.1,113.67,68.42
2022-08-07,21.1,14.4,26.1,14.4,20.0,45,0.0,0.0,44,949.0,145.0,1161,0,6.37,9.17,4.27,15.6,128.58,71.38
2022-08-08,18.9,14.8,23.1,14.3,24.2,32,0.4,0.0,63,946.8,235.0,657,0,16.73,23.96,4.99,23.34,182.17,67.17
2022-08-09,17.7,13.4,21.9,15.1,20.8,45,8.6,0.0,73,945.8,150.0,644,0,15.07,21.58,5.66,15.61,210.96,70.21
2022-08-10,16.8,14.2,21.4,15.1,22.5,41,8.6,0.0,82,946.3,335.0,582,0,13.46,19.24,7.95,8.42,188.29,67.25
2022-08-11,17.2,13.5,21.6,13.1,21.0,5,2.8,0.0,80,948.3,275.0,682,0,6.83,9.79,6.49,5.66,144.54,59.88
2022-08-12,19.0,13.9,24.1,9.7,15.1,7,0.9,0.0,77,951.3,15.0,623,0,7.72,11.1,6.52,12.56,144.88,56.38
2022-08-13,18.8,15.0,24.1,10.6,15.8,336,0.1,0.0,70,951.7,20.0,622,0,12.4,17.74,8.66,22.23,194.21,59.58
2022-08-14,20.0,12.4,26.0,10.5,23.0,349,0.0,0.0,58,951.4,20.0,891,0,5.18,7.5,17.11,28.18,195.17,54.21
2022-08-15,17.4,12.7,21.7,18.1,21.6,44,0.0,0.0,51,952.9,280.0,932,0,2.62,3.84,3.24,14.97,112.67,52.67
2022-08-16,15.3,9.9,19.7,11.6,16.9,18,0.0,0.0,52,955.0,65.0,1023,0,3.66,5.3,4.18,14.62,121.58,48.46
2022-08-17,15.2,7.8,21.9,12.8,21.9,322,0.0,0.0,56,953.7,30.0,914,0,7.23,10.48,7.13,26.95,128.88,47.71
2022-08-18,13.2,8.8,17.3,12.1,18.1,2,0.1,0.0,62,953.0,15.0,932,0,4.88,7.04,3.41,14.96,118.54,48.33
2022-08-19,10.9,6.3,14.3,13.6,19.2,11,0.0,0.0,61,956.5,135.0,959,0,2.99,4.3,2.48,9.25,94.46,44.38
2022-08-20,11.9,8.6,15.5,8.4,14.6,30,0.9,0.0,59,957.1,50.0,689,0,3.4,4.94,8.68,13.78,107.83,40.46
2022-08-21,13.0,6.2,18.9,6.7,10.4,30,0.0,0.0,63,958.1,55.0,790,0,4.11,5.9,9.17,19.08,120.33,40.46
2022-08-22,13.8,7.2,19.9,12.5,22.5,21,0.0,0.0,66,957.1,65.0,661,0,7.35,10.53,16.05,34.47,192.29,38.88
2022-08-23,13.6,11.1,17.6,21.9,26.4,57,0.0,0.0,66,958.9,480.0,922,0,3.82,5.83,7.12,21.52,106.62,47.88
2022-08-24,14.7,8.6,20.7,18.8,27.6,62,0.0,0.0,53,960.5,285.0,1057,0,3.61,5.25,4.42,14.95,122.79,55.08
2022-08-25,16.2,9.4,22.4,13.3,18.3,33,0.0,0.0,54,958.2,85.0,801,0,3.29,4.76,6.55,21.74,137.75,50.46
2022-08-26,17.8,10.9,24.7,7.6,13.1,357,0.0,0.0,54,956.4,10.0,807,0,7.2,10.47,8.01,21.96,153.0,54.67
2022-08-27,19.8,11.6,26.6,9.9,16.0,339,0.1,0.0,56,956.1,15.0,798,0,12.53,18.83,9.58,27.97,192.08,61.88
2022-08-28,18.5,13.9,23.1,17.3,20.4,56,0.0,0.0,54,958.6,300.0,738,0,5.74,8.31,4.02,16.12,170.75,63.79
2022-08-29,17.4,9.7,24.5,11.0,16.3,86,0.0,0.0,41,958.1,95.0,549,0,2.55,3.66,6.37,20.01,131.46,50.67
2022-08-30,19.1,10.5,27.2,6.7,10.1,98,0.0,0.0,43,956.5,50.0,528,0,7.66,10.96,8.85,26.43,143.54,44.96
2022-08-31,20.4,11.4,28.3,7.9,13.9,302,0.0,0.0,38,953.6,20.0,814,0,8.96,12.85,9.32,32.23,149.04,57.25
2022-09-01,21.1,11.9,29.7,10.9,20.5,241,0.1,0.0,40,952.6,20.0,938,0,14.05,20.82,21.9,40.3,233.38,56.88
2022-09-02,23.4,13.9,31.2,8.8,13.4,274,0.0,0.0,39,957.0,10.0,907,0,14.68,22.29,17.9,36.89,193.71,59.08
2022-09-03,24.1,15.9,32.4,10.7,17.3,232,0.0,0.0,37,957.1,30.0,1107,0,15.24,22.65,30.25,39.19,230.42,49.46
2022-09-04,24.5,18.5,32.3,13.3,18.7,277,0.0,0.0,35,952.9,70.0,784,0,12.3,20.93,11.47,24.51,167.25,60.04
2022-09-05,21.4,13.8,28.9,10.4,13.5,76,0.0,0.0,41,949.6,80.0,395,0,8.9,14.13,11.15,39.43,161.04,64.83
2022-09-06,24.8,15.2,32.6,13.9,24.9,200,0.0,0.0,34,942.3,35.0,857,0,9.88,16.4,15.56,31.17,154.42,61.79
2022-09-07,18.7,13.3,23.3,21.7,33.2,265,0.0,0.0,37,945.9,185.0,1128,0,4.97,7.58,4.35,12.3,140.21,73.33
2022-09-08,12.2,8.1,16.6,8.5,13.5,282,0.0,0.0,42,955.3,50.0,841,0,7.39,10.8,7.1,21.45,149.33,56.29
2022-09-09,13.1,4.9,19.6,10.3,16.9,204,0.0,0.0,43,956.5,15.0,876,0,8.67,12.52,13.04,41.53,157.67,53.29
2022-09-10,15.3,7.0,22.1,13.6,21.6,153,1.7,0.0,40,948.8,25.0,1075,0,5.58,8.46,13.42,21.3,151.0,62.67
2022-09-11,11.6,8.1,14.5,23.5,35.7,235,6.1,0.0,73,940.4,70.0,903,0,8.88,15.1,8.74,10.62,150.17,61.46
2022-09-12,9.9,6.2,13.8,14.5,20.3,325,0.5,0.0,63,954.8,60.0,978,0,3.3,4.75,4.34,11.6,131.75,55.12
2022-09-13,9.3,2.2,13.6,7.1,17.9,83,0.0,0.0,55,960.7,45.0,731,0,4.44,6.37,5.08,19.4,132.04,46.17
2022-09-14,9.5,4.5,14.1,13.3,18.1,52,0.1,0.0,55,961.8,115.0,840,0,2.72,3.93,4.97,21.68,128.5,46.96
2022-09-15,9.1,1.7,14.9,14.0,21.1,87,0.0,0.0,51,961.6,60.0,773,0,4.1,5.92,7.2,26.08,139.83,47.75
2022-09-16,9.7,3.6,14.3,19.6,27.4,83,0.0,0.0,47,957.4,190.0,817,0,2.99,4.31,3.81,13.19,129.5,51.92
2022-09-17,10.2,3.7,16.4,17.2,22.8,88,0.0,0.0,46,956.8,220.0,735,0,2.84,4.07,2.56,8.21,125.17,56.38
2022-09-18,11.1,3.6,17.6,13.9,17.7,86,0.0,0.0,46,959.0,115.0,567,0,3.53,5.05,3.49,11.22,135.12,56.58
2022-09-19,13.0,5.3,20.7,14.7,19.8,80,0.0,0.0,41,959.0,130.0,421,0,6.24,8.93,3.56,11.11,137.33,60.88
2022-09-20,13.9,4.4,21.7,13.7,17.6,70,0.0,0.0,36,958.5,80.0,384,0,5.92,8.48,3.63,9.52,138.62,64.29
2022-09-21,16.4,8.1,24.1,14.1,19.8,76,0.0,0.0,38,957.0,130.0,478,0,6.46,9.56,4.27,17.34,141.92,62.38
2022-09-22,18.4,9.6,25.8,11.2,18.2,62,0.0,0.0,51,956.0,65.0,494,0,6.93,11.01,4.59,19.35,130.17,56.33
2022-09-23,19.2,10.7,26.4,11.0,15.5,73,0.0,0.0,50,957.5,60.0,568,0,7.44,12.15,6.02,22.73,130.5,58.75
2022-09-24,18.8,11.9,25.4,8.9,15.2,103,0.0,0.0,46,955.2,60.0,503,0,10.58,16.59,8.25,24.66,151.08,58.0
2022-09-25,17.8,9.5,25.7,6.5,11.2,167,0.0,0.0,46,950.1,25.0,422,0,16.22,24.27,21.91,45.29,207.42,46.38
2022-09-26,16.3,11.4,22.3,16.9,29.7,238,0.1,0.0,45,946.3,50.0,685,0,12.25,19.72,18.97,21.88,187.25,48.17
2022-09-27,11.2,8.7,14.2,23.6,36.2,262,0.3,0.0,55,948.4,540.0,1357,0,4.3,6.75,2.85,6.97,132.67,59.62
2022-09-28,4.3,0.1,7.9,16.6,23.2,301,0.9,0.0,65,951.6,645.0,846,0,2.08,2.97,3.15,8.87,119.38,41.42
2022-09-29,-0.0,-2.7,3.4,12.7,17.8,357,0.0,0.0,50,958.7,250.0,911,0,2.47,3.52,1.84,7.42,106.5,46.62
2022-09-30,-1.9,-5.3,1.0,11.7,17.4,56,0.0,0.0,57,964.6,110.0,850,0,3.81,5.45,3.62,14.56,112.88,39.79
2022-10-01,0.4,-3.4,4.6,14.0,18.3,74,0.0,0.0,54,969.8,180.0,546,0,4.62,6.62,3.47,16.01,122.75,39.0
2022-10-02,1.5,-4.0,6.6,15.8,20.3,88,0.0,0.0,56,967.7,130.0,554,0,7.18,10.28,4.51,15.65,142.0,41.79
2022-10-03,2.1,-3.3,7.5,20.1,26.5,70,0.0,0.0,54,963.6,280.0,571,0,6.44,9.24,2.85,8.9,122.38,45.96
2022-10-04,3.6,-2.3,9.5,16.7,20.1,60,0.0,0.0,48,966.0,150.0,449,0,5.5,7.88,5.58,16.67,123.42,45.58
2022-10-05,4.7,-4.2,11.3,7.2,10.0,52,0.0,0.0,50,969.8,20.0,210,1,13.9,21.37,16.75,61.61,157.5,35.96
2022-10-06,9.3,1.8,17.1,5.0,9.1,106,0.0,0.0,53,966.8,10.0,176,1,21.49,37.78,20.6,67.8,189.88,29.5
2022-10-07,12.4,3.8,21.2,9.5,13.1,156,0.0,0.0,50,959.9,50.0,352,1,12.52,19.93,21.65,33.97,181.62,35.71
2022-10-08,13.4,8.5,20.0,19.1,31.9,210,0.0,0.0,39,951.3,135.0,665,1,9.33,14.07,8.59,19.61,135.79,54.54
2022-10-09,6.4,4.1,8.9,21.3,28.8,270,1.8,0.0,74,955.7,335.0,842,0,4.23,6.38,5.36,14.73,133.21,41.17
2022-10-10,5.8,1.8,11.2,9.3,13.0,257,0.0,0.0,71,965.4,40.0,597,0,5.18,7.77,13.89,25.91,135.12,36.42
2022-10-11,7.1,-0.7,13.6,8.3,12.6,214,0.0,0.0,58,963.7,15.0,304,1,10.22,15.23,27.38,50.44,183.42,20.83
2022-10-12,7.5,-0.9,15.0,6.4,11.5,94,0.0,0.0,56,958.7,20.0,223,1,15.48,22.53,25.15,81.19,240.67,23.79
2022-10-13,10.0,2.5,18.1,10.9,14.8,119,0.0,0.0,44,956.9,50.0,253,0,5.75,8.58,19.5,45.32,135.83,33.0
2022-10-14,10.9,2.9,17.8,8.8,12.2,180,0.0,0.0,38,956.1,20.0,247,0,13.26,19.47,25.07,59.88,192.71,30.08
2022-10-15,11.4,2.9,18.7,6.3,16.8,100,0.0,0.0,42,956.2,25.0,194,0,22.03,32.12,20.67,51.85,230.21,33.21
2022-10-16,11.0,7.7,14.0,13.6,18.9,272,0.2,0.0,46,954.8,120.0,349,0,21.46,32.2,22.02,53.97,224.54,24.79
2022-10-17,5.4,1.7,9.0,11.1,18.4,278,0.3,0.0,72,959.4,105.0,540,0,6.3,9.05,5.33,9.81,134.83,49.75
2022-10-18,3.9,-0.7,7.6,9.6,17.4,269,0.1,0.0,71,959.3,85.0,499,0,8.82,12.63,12.03,22.88,153.62,45.5
2022-10-19,5.5,1.5,8.9,18.9,33.4,224,1.1,0.0,55,954.7,115.0,1045,0,6.73,9.8,10.05,20.03,143.29,50.46
2022-10-20,7.5,4.4,9.7,30.9,34.7,232,3.3,0.07,68,953.0,715.0,1092,0,9.43,21.34,7.8,17.11,136.0,53.71
2022-10-21,9.6,4.5,15.2,19.9,26.6,208,0.0,0.0,44,954.9,340.0,579,0,6.93,10.5,11.8,25.35,138.46,52.42
2022-10-22,10.9,6.6,17.6,27.5,47.3,211,7.4,0.0,55,945.2,270.0,986,0,10.18,17.13,7.95,20.31,135.67,63.33
2022-10-23,0.9,-3.7,5.2,26.9,51.6,266,0.7,0.49,65,956.9,140.0,1149,0,3.41,5.21,5.75,13.42,127.83,44.08
2022-10-24,-1.7,-5.8,3.1,7.2,11.0,208,0.0,0.0,70,963.9,15.0,254,1,13.46,19.74,26.1,78.35,212.42,23.83
2022-10-25,-1.1,-6.8,6.5,9.0,11.7,142,0.0,0.0,53,954.9,40.0,184,1,10.32,15.04,27.93,48.07,231.46,26.83
2022-10-26,2.9,-1.0,6.6,18.5,37.2,202,2.9,0.0,72,947.6,165.0,591,0,6.03,9.61,15.66,16.48,143.88,29.42
2022-10-27,-0.3,-2.5,1.5,26.1,36.1,257,3.1,2.1,82,954.1,695.0,973,0,1.32,1.94,8.72,10.72,125.71,25.42
2022-10-28,-4.0,-6.8,-1.4,8.0,13.4,294,0.0,0.0,71,967.3,15.0,551,0,4.89,6.98,17.49,31.63,176.5,30.17
2022-10-29,-2.9,-9.0,3.0,9.3,13.6,123,0.0,0.0,61,962.8,60.0,199,0,11.77,16.91,22.7,47.11,197.75,25.04
2022-10-30,-0.1,-3.8,3.8,9.2,12.3,162,5.0,3.01,75,951.6,125.0,232,0,20.96,31.45,22.42,63.52,225.92,21.04
2022-10-31,1.0,0.3,1.7,14.4,20.0,236,1.7,0.84,96,954.7,200.0,400,0,10.8,16.0,17.4,38.95,172.58,17.71
2022-11-01,2.2,0.2,5.9,13.8,20.2,166,0.0,0.0,85,956.6,165.0,425,0,7.32,10.85,14.93,31.76,157.75,21.21
2022-11-02,4.7,-0.6,11.3,21.9,35.4,186,2.7,0.0,76,948.0,310.0,670,0,6.82,11.35,11.75,22.95,141.08,47.88
2022-11-03,0.9,-2.9,5.5,16.9,22.5,186,0.0,0.0,67,955.8,270.0,526,0,4.68,11.37,11.91,17.74,140.12,38.17
2022-11-04,4.3,-1.2,9.9,20.4,33.8,177,3.0,0.0,69,948.9,200.0,625,0,7.32,13.75,10.99,26.15,141.58,44.96
2022-11-05,-1.1,-2.5,2.2,22.1,26.8,238,0.3,0.0,71,953.8,790.0,962,0,3.5,5.22,7.89,19.58,123.92,30.17
2022-11-06,-1.5,-3.1,-0.2,17.6,24.6,250,0.1,0.07,69,955.3,675.0,1021,0,3.53,5.25,10.72,23.82,134.88,28.33
2022-11-07,-2.5,-5.5,0.0,7.1,10.1,281,0.1,0.14,75,953.6,20.0,367,0,10.4,15.06,22.76,80.07,161.71,18.62
2022-11-08,-2.9,-6.3,-1.2,9.1,17.3,281,0.8,0.63,72,954.4,20.0,405,0,7.65,11.03,21.56,57.94,148.75,24.58
2022-11-09,-3.0,-6.1,-1.5,18.8,27.5,228,1.8,1.26,85,962.8,245.0,627,0,3.25,4.7,12.73,17.51,136.5,35.5
2022-11-10,-2.9,-3.9,-1.6,16.6,21.3,231,0.3,0.21,85,964.8,315.0,564,0,2.14,3.07,14.48,18.03,131.92,28.54
2022-11-11,-3.3,-4.3,-2.0,17.3,20.3,231,0.0,0.0,80,963.8,395.0,551,0,2.06,2.95,17.28,18.57,131.08,39.33
2022-11-12,-2.5,-4.1,-0.9,29.8,35.5,229,2.4,1.68,88,957.7,560.0,682,0,1.64,2.58,9.41,11.06,123.29,48.46
2022-11-13,-2.9,-4.1,-2.2,29.0,33.0,211,0.0,0.0,90,949.7,610.0,700,0,1.88,2.98,9.48,10.75,126.46,50.5
2022-11-14,0.3,-3.1,1.6,31.3,35.8,202,5.1,1.82,90,935.7,765.0,1104,0,4.08,6.67,8.3,9.6,126.71,61.38
2022-11-15,0.2,-1.6,1.1,34.7,43.8,227,7.4,4.97,89,935.3,1000.0,1226,0,1.2,2.54,7.23,8.53,125.29,35.33
2022-11-16,-5.5,-7.2,-1.3,30.9,36.9,236,2.2,1.54,77,944.6,945.0,1280,0,1.13,1.85,7.38,10.23,119.12,48.12
2022-11-17,-7.7,-13.3,-6.2,18.3,25.7,239,0.5,0.42,78,960.2,65.0,671,0,2.88,4.12,17.05,19.09,149.38,30.42
2022-11-18,-12.7,-18.1,-8.0,8.5,10.8,118,0.0,0.0,83,959.6,35.0,77,1,8.96,12.81,32.1,41.22,226.75,22.12
2022-11-19,-7.2,-14.4,-2.8,10.3,15.5,213,0.4,0.28,78,954.1,60.0,174,0,9.4,13.93,40.2,34.18,223.17,23.71
2022-11-20,-5.2,-6.8,-4.0,6.6,11.8,50,2.8,1.96,91,955.1,20.0,106,0,5.08,7.56,24.34,28.04,176.04,32.17
2022-11-21,-3.9,-6.4,-1.2,6.1,12.4,158,2.4,1.61,92,954.1,30.0,104,0,9.63,13.83,39.46,56.41,291.79,17.88
2022-11-22,-4.5,-7.3,-1.5,12.5,15.5,268,0.4,0.28,95,952.6,150.0,351,0,5.8,8.3,33.11,39.57,223.67,12.33
2022-11-23,-9.8,-13.1,-7.0,7.4,12.3,284,0.0,0.0,89,960.7,15.0,153,0,3.56,5.1,23.33,35.9,163.21,42.83
2022-11-24,-8.6,-14.9,-2.6,13.2,17.1,133,1.7,1.19,84,956.4,110.0,229,0,4.36,6.27,28.42,24.89,163.08,42.38
2022-11-25,-4.2,-13.7,0.2,21.5,30.0,274,5.4,3.78,90,945.5,365.0,539,0,2.96,4.4,17.21,24.62,150.17,41.88
2022-11-26,-24.4,-29.9,-15.9,11.8,17.7,43,0.0,0.0,77,970.5,75.0,255,0,5.51,7.87,19.25,18.59,164.96,47.04
2022-11-27,-25.7,-30.2,-21.4,15.3,20.4,86,0.0,0.0,72,977.5,65.0,118,0,7.38,10.57,29.07,25.84,173.38,35.71
2022-11-28,-20.2,-24.3,-16.1,22.8,26.7,91,0.0,0.0,64,976.9,150.0,237,0,3.56,5.07,13.07,9.59,139.46,61.29
2022-11-29,-18.8,-22.7,-14.9,18.9,22.0,90,0.0,0.0,63,972.4,150.0,170,0,8.15,11.74,15.86,9.53,147.17,65.17
2022-11-30,-11.6,-14.6,-9.5,16.7,19.1,94,0.0,0.0,66,963.1,110.0,236,0,12.34,18.24,18.89,11.65,156.79,68.04
2022-12-01,-12.6,-19.1,-9.8,23.2,26.9,71,2.9,1.89,76,958.9,315.0,341,0,11.35,17.3,8.25,8.49,145.75,78.54
2022-12-02,-21.1,-22.7,-19.5,22.9,25.5,67,0.0,0.0,74,966.2,240.0,285,0,5.71,8.45,15.77,17.4,156.67,60.29
2022-12-03,-18.7,-22.1,-15.9,18.5,22.1,77,1.0,0.7,77,966.5,170.0,186,0,4.71,6.91,19.27,19.78,158.04,54.12
2022-12-04,-19.9,-26.0,-16.9,11.4,16.1,15,1.4,0.98,81,962.7,35.0,167,1,5.1,7.37,28.04,49.81,193.17,38.5
2022-12-05,-26.3,-28.5,-22.4,6.5,9.4,148,0.0,0.0,80,966.5,25.0,51,1,34.53,49.33,70.44,161.77,549.46,11.21
2022-12-06,-26.0,-29.1,-21.2,8.0,10.7,114,0.0,0.0,80,967.0,25.0,39,1,29.82,42.6,52.96,102.78,459.17,34.71
2022-12-07,-23.7,-27.2,-18.5,7.3,9.0,105,0.0,0.0,82,965.3,20.0,36,1,18.87,26.95,48.69,58.63,345.58,36.54
2022-12-08,-21.9,-25.9,-16.1,7.6,12.3,132,0.2,0.14,82,963.1,25.0,58,1,16.37,23.38,53.3,54.43,323.12,36.0
2022-12-09,-23.6,-26.3,-19.3,8.7,11.5,223,0.0,0.0,82,965.2,80.0,145,0,13.97,19.98,63.88,47.34,302.38,20.58
2022-12-10,-20.1,-23.5,-17.3,14.8,18.3,229,0.0,0.0,82,971.7,115.0,226,0,6.54,9.38,33.95,30.22,213.92,42.12
2022-12-11,-21.9,-25.6,-17.2,11.1,13.6,227,0.0,0.0,82,973.2,50.0,78,0,11.76,16.94,51.94,33.41,243.08,32.58
2022-12-12,-20.6,-26.1,-15.3,11.6,14.7,232,0.0,0.0,80,968.5,30.0,65,0,14.58,21.05,63.68,36.63,249.08,30.96
2022-12-13,-13.8,-18.5,-10.3,14.3,16.7,247,0.0,0.0,76,966.3,50.0,158,0,5.02,7.3,17.23,12.45,122.92,63.96
2022-12-14,-16.5,-20.2,-13.4,15.8,20.5,70,0.0,0.0,81,969.5,35.0,186,0,1.0,1.42,0.0,0.64,60.04,28.58
2022-12-15,-18.2,-22.2,-13.5,13.8,18.1,104,0.0,0.0,70,970.1,55.0,98,1,0.72,1.02,0.0,0.42,61.96,32.46
2022-12-16,-15.8,-20.7,-11.7,9.1,10.6,107,0.0,0.0,71,964.7,40.0,60,1,13.08,18.79,37.73,30.03,213.83,44.46
2022-12-17,-13.8,-23.1,-9.3,9.7,15.2,234,0.1,0.07,81,960.8,35.0,91,1,20.35,29.16,66.51,61.2,294.79,22.54
2022-12-18,-17.9,-24.9,-12.5,6.4,11.6,196,0.0,0.0,80,968.4,20.0,43,1,31.32,45.06,64.98,92.16,425.83,17.25
2022-12-19,-12.3,-17.2,-6.1,11.6,14.8,203,0.0,0.0,81,965.3,35.0,100,1,19.7,28.54,62.0,60.21,309.79,31.0
2022-12-20,-11.3,-15.5,-6.0,12.4,15.9,190,0.0,0.0,72,955.4,105.0,164,0,10.82,15.78,38.88,29.45,181.58,58.17
2022-12-21,-8.1,-11.7,-4.5,27.5,40.4,228,4.7,3.22,86,947.2,340.0,733,0,6.69,9.94,12.76,21.0,166.12,65.38
2022-12-22,-14.6,-18.3,-12.4,20.3,32.1,234,0.8,0.56,83,963.1,215.0,477,1,4.08,5.85,24.04,18.56,169.25,46.88
2022-12-23,-13.2,-15.1,-12.0,18.1,24.9,214,0.1,0.07,84,970.2,55.0,346,0,6.39,9.11,32.51,27.68,193.12,30.75
2022-12-24,-10.7,-12.3,-9.3,21.9,27.1,228,1.8,1.26,83,968.0,225.0,371,0,6.78,9.83,22.64,18.18,164.08,48.12
2022-12-25,-11.4,-15.6,-8.4,9.4,16.3,227,0.0,0.0,84,965.3,10.0,114,1,17.76,25.63,48.98,44.8,284.46,29.33
2022-12-26,-12.1,-18.8,-5.9,9.7,12.0,107,0.0,0.0,90,963.4,15.0,42,1,29.06,41.79,59.0,99.26,466.17,24.83
2022-12-27,-10.6,-16.1,-7.1,9.7,11.7,143,0.0,0.0,86,959.9,40.0,71,1,13.74,19.65,50.21,42.32,262.62,37.96
2022-12-28,-9.9,-16.6,-5.8,10.5,15.6,220,0.2,0.14,85,956.9,30.0,150,1,14.1,22.2,48.65,44.41,259.12,35.83
2022-12-29,-5.0,-6.0,-4.1,6.9,11.8,221,2.0,1.4,93,959.4,25.0,176,0,23.76,36.05,64.6,104.61,409.46,10.88
2022-12-30,-6.1,-7.7,-5.3,12.6,16.4,225,0.4,0.28,92,963.7,275.0,457,0,5.0,7.16,35.27,33.38,210.38,27.54
2022-12-31,-4.5,-9.5,-2.0,22.8,35.4,203,3.0,2.1,88,960.4,250.0,477,0,3.7,5.32,21.63,22.29,169.62,38.42
2023-01-01,-7.7,-9.7,-5.4,18.9,28.6,230,2.9,2.1,90,962.7,245.0,470,0,3.06,4.38,22.45,19.43,164.67,33.88
2023-01-02,-6.2,-7.2,-4.6,19.7,25.7,187,2.1,1.47,87,958.9,290.0,414,0,3.44,4.96,21.67,22.78,171.92,37.0
2023-01-03,-3.0,-5.7,-0.4,39.6,51.1,212,5.4,3.78,89,939.3,730.0,1068,0,1.6,2.29,10.17,12.15,150.08,38.75
2023-01-04,-5.9,-7.4,-3.0,47.1,55.2,241,6.9,4.83,89,945.3,795.0,1174,0,1.38,2.02,8.52,9.89,140.04,50.12
2023-01-05,-0.2,-2.4,0.8,36.4,52.2,229,8.5,5.81,95,946.0,490.0,734,0,3.77,11.22,15.32,12.88,143.75,37.5
2023-01-06,-2.2,-5.2,1.2,20.9,29.5,253,5.5,3.85,93,947.6,290.0,503,0,4.3,7.32,15.68,17.77,154.88,36.04
2023-01-07,-3.9,-6.1,-0.8,27.3,36.5,213,0.2,0.14,90,951.1,695.0,771,0,2.04,2.93,15.36,16.47,149.71,37.25
2023-01-08,-1.4,-12.3,2.6,45.6,52.7,218,2.8,1.82,89,941.4,625.0,951,0,2.25,3.69,9.03,11.66,161.21,45.0
2023-01-09,-20.0,-24.4,-13.4,22.5,38.9,249,0.2,0.14,81,955.7,140.0,404,0,4.4,6.3,25.18,26.15,211.33,30.25
2023-01-10,-29.3,-33.1,-25.5,10.6,16.1,252,0.0,0.0,77,961.1,40.0,76,0,12.06,17.22,47.03,40.56,279.54,19.04
2023-01-11,-30.9,-34.8,-26.4,16.5,23.5,243,0.1,0.14,75,968.6,55.0,165,0,7.69,11.0,38.93,26.94,209.62,30.17
2023-01-12,-24.1,-29.0,-20.1,26.4,34.1,234,0.5,0.35,78,975.8,150.0,295,0,5.86,8.46,23.14,16.99,170.71,51.79
2023-01-13,-18.8,-21.0,-16.8,30.1,36.7,232,0.0,0.0,77,974.6,330.0,386,0,6.2,9.35,19.19,15.77,161.17,60.58
2023-01-14,-15.5,-17.4,-13.8,26.3,30.0,229,0.4,0.28,79,974.0,285.0,340,0,6.76,10.26,21.39,16.18,157.67,62.29
2023-01-15,-15.4,-17.6,-12.8,25.8,30.7,240,0.4,0.28,76,970.7,245.0,294,0,6.62,10.63,21.34,16.83,162.92,65.17
2023-01-16,-16.8,-20.5,-12.7,14.6,20.9,243,0.1,0.07,80,970.1,50.0,92,0,16.88,26.92,49.64,29.22,232.08,37.17
2023-01-17,-19.2,-22.6,-16.0,7.0,13.8,222,0.0,0.0,74,970.7,10.0,26,1,26.25,38.3,61.24,56.88,325.04,25.5
2023-01-18,-18.5,-21.4,-14.8,8.3,10.2,92,0.0,0.0,77,971.7,20.0,27,1,63.62,91.84,84.25,185.59,654.92,13.88
2023-01-19,-17.7,-20.8,-16.0,4.4,8.4,174,0.0,0.0,81,969.1,10.0,15,1,48.67,69.98,87.86,141.91,547.79,9.96
2023-01-20,-19.2,-22.1,-15.1,10.0,13.9,253,0.0,0.0,72,969.4,30.0,46,0,21.53,31.5,66.37,46.88,279.46,25.38
2023-01-21,-13.8,-20.3,-10.5,5.0,8.6,274,0.0,0.0,86,975.1,15.0,40,0,16.73,24.03,48.0,51.68,280.62,39.46
2023-01-22,-12.3,-14.8,-9.7,11.3,16.1,229,0.0,0.0,89,976.3,15.0,88,0,13.23,18.93,69.14,69.18,331.08,16.62
2023-01-23,-14.7,-18.1,-10.7,16.6,21.7,245,0.0,0.0,81,966.7,85.0,149,0,10.6,15.42,41.44,24.08,184.46,51.33
2023-01-24,-12.9,-15.0,-10.3,5.6,11.0,254,0.1,0.07,86,965.3,45.0,108,1,10.16,14.59,36.3,41.95,242.67,35.25
2023-01-25,-15.3,-18.9,-13.6,16.3,23.2,227,0.0,0.0,85,967.5,50.0,148,1,6.84,9.78,42.71,44.18,230.83,34.96
2023-01-26,-15.5,-19.1,-11.2,18.0,20.4,215,0.0,0.0,79,967.1,115.0,167,0,9.84,14.36,38.16,21.69,178.54,54.58
2023-01-27,-13.2,-17.5,-9.8,24.8,31.8,225,0.0,0.0,83,965.7,165.0,214,0,8.71,12.7,21.3,22.86,200.88,77.58
2023-01-28,-13.7,-17.3,-7.9,17.4,21.2,221,0.0,0.0,79,960.7,85.0,140,0,15.14,22.04,37.23,25.12,216.5,62.33
2023-01-29,-16.1,-18.9,-14.4,14.2,19.7,237,0.0,0.0,85,956.9,35.0,111,0,15.39,22.39,45.25,36.05,271.96,51.21
2023-01-30,-15.8,-22.1,-8.5,9.1,13.8,127,0.0,0.0,78,956.9,15.0,37,1,29.78,42.92,68.28,77.64,433.38,39.62
2023-01-31,-11.9,-15.8,-6.6,7.5,11.1,114,0.0,0.0,76,956.1,15.0,39,1,43.14,62.39,71.37,88.54,464.33,45.5
2023-02-01,-11.6,-15.0,-7.7,7.8,16.4,78,0.0,0.0,91,957.5,15.0,69,1,14.66,21.04,63.67,83.63,376.88,41.25
2023-02-02,-8.9,-10.3,-7.7,19.9,24.1,81,0.0,0.0,92,956.1,80.0,156,0,5.23,7.6,22.76,32.34,165.62,88.0
2023-02-03,-11.1,-12.9,-9.1,21.7,23.5,67,0.1,0.07,88,952.4,155.0,201,0,3.99,5.88,44.22,78.78,176.08,48.79
2023-02-04,-8.8,-12.1,-6.6,18.9,24.4,74,2.4,1.68,86,953.1,70.0,157,0,6.9,10.35,41.49,76.62,181.62,40.58
2023-02-05,-5.8,-9.2,-3.8,6.1,9.7,141,1.2,0.84,93,953.2,20.0,81,0,10.76,15.41,33.0,58.51,278.96,30.25
2023-02-06,-5.7,-9.5,-2.6,12.2,24.4,212,1.7,1.26,93,953.6,25.0,170,0,13.67,19.82,50.6,69.8,354.83,18.67
2023-02-07,-10.9,-14.6,-6.8,13.4,22.3,258,0.1,0.14,89,959.4,20.0,260,0,5.71,8.16,33.7,47.73,216.0,53.38
2023-02-08,-13.2,-16.1,-9.7,11.8,21.8,75,0.0,0.0,84,954.4,20.0,153,0,10.17,14.54,39.57,64.67,264.75,52.58
2023-02-09,-15.4,-19.7,-12.4,25.1,30.4,44,0.6,0.42,81,947.3,210.0,349,0,2.98,4.27,40.8,103.4,172.5,40.0
2023-02-10,-19.4,-24.2,-16.1,13.4,19.0,217,1.1,0.77,82,951.9,25.0,192,0,13.23,18.93,58.34,142.78,249.25,19.12
2023-02-11,-14.9,-19.6,-10.1,20.1,26.1,144,0.4,0.28,79,954.3,70.0,312,0,6.26,8.96,28.46,25.42,206.96,55.92
2023-02-12,-17.5,-21.4,-14.6,20.9,26.5,233,1.1,0.84,83,962.7,75.0,231,0,8.79,12.58,42.23,33.57,236.83,39.88
2023-02-13,-17.0,-19.8,-13.1,11.0,15.6,181,0.2,0.14,82,964.4,35.0,107,1,18.61,26.6,39.72,50.48,315.25,45.83
2023-02-14,-17.4,-21.2,-12.0,12.8,16.6,113,0.0,0.0,77,959.4,35.0,48,1,22.99,32.95,50.62,53.72,345.12,41.83
2023-02-15,-13.1,-18.5,-7.8,13.5,21.2,179,0.5,0.35,82,955.5,75.0,176,1,17.21,25.54,50.04,43.57,275.25,45.88
2023-02-16,-11.6,-15.0,-9.0,11.6,22.7,80,0.0,0.0,88,961.4,15.0,149,1,15.03,22.12,58.53,67.24,268.67,30.0
2023-02-17,-11.6,-17.4,-5.8,19.9,23.7,112,0.7,0.49,75,960.0,105.0,229,0,8.6,12.76,29.99,30.5,205.5,74.38
2023-02-18,-8.2,-9.9,-7.0,19.7,27.2,227,2.7,1.89,87,958.9,110.0,409,0,6.7,9.68,25.01,25.08,207.62,62.92
2023-02-19,-9.1,-11.9,-7.0,12.8,20.2,214,0.9,0.63,88,958.7,80.0,342,1,12.75,18.22,48.52,54.52,296.58,30.5
2023-02-20,-6.6,-13.1,-2.8,28.8,38.2,181,0.7,0.49,85,953.3,180.0,373,0,6.81,10.03,20.13,18.78,186.71,59.79
2023-02-21,-1.1,-2.6,1.1,24.3,37.1,199,0.1,0.07,91,951.9,200.0,323,0,12.22,19.21,21.76,24.88,217.67,53.42
2023-02-22,0.6,-1.5,2.7,41.6,54.1,173,1.5,0.49,81,943.9,300.0,558,0,15.72,24.1,13.45,21.9,212.75,88.38
2023-02-23,0.4,-3.2,3.0,35.1,46.3,203,2.2,0.77,90,945.4,375.0,670,0,5.58,10.78,12.39,13.32,162.21,55.58
2023-02-24,-3.9,-11.3,-0.5,23.5,31.0,244,1.0,0.84,88,949.6,240.0,564,0,5.75,12.88,16.59,16.16,160.58,50.46
2023-02-25,-12.7,-14.3,-11.6,22.9,34.9,252,0.0,0.0,85,960.8,310.0,525,0,5.19,7.42,11.56,18.39,164.75,71.79
2023-02-26,-12.6,-15.0,-9.1,19.8,26.9,229,0.0,0.0,83,974.1,40.0,271,0,8.75,12.63,30.42,23.68,212.46,65.88
2023-02-27,-11.2,-17.2,-4.3,13.4,20.6,178,0.0,0.0,72,970.8,45.0,132,0,15.56,22.5,49.21,31.57,238.88,51.42
2023-02-28,-5.9,-11.0,-0.9,26.9,33.7,212,0.0,0.0,69,959.8,155.0,348,0,15.31,22.2,18.9,19.41,182.46,81.62
2023-03-01,-0.8,-4.5,2.6,38.6,47.3,208,0.0,0.0,75,950.2,380.0,562,0,15.05,22.67,10.63,15.83,186.38,81.21
2023-03-02,1.6,0.2,3.1,36.7,50.1,223,14.0,8.19,90,944.5,400.0,837,0,15.05,35.76,13.79,11.39,156.25,56.38
2023-03-03,-4.5,-10.6,0.1,24.2,37.4,262,5.3,3.71,87,947.2,290.0,626,0,2.89,4.35,10.79,15.87,141.79,58.83
2023-03-04,-10.7,-13.5,-7.1,23.8,32.5,214,0.0,0.0,79,958.7,95.0,345,0,7.79,11.75,23.41,18.19,172.71,65.96
2023-03-05,-6.9,-13.9,-1.3,18.6,25.1,203,5.1,3.57,85,948.1,75.0,258,0,13.98,23.48,36.16,24.18,182.12,45.21
2023-03-06,-3.4,-5.4,-1.1,23.8,30.2,237,0.0,0.0,92,952.4,250.0,501,0,4.8,7.1,15.95,15.83,146.0,51.5
2023-03-07,0.3,-7.3,7.3,33.9,60.8,195,8.7,0.0,88,944.4,50.0,486,0,10.24,28.57,17.2,15.71,157.88,57.12
2023-03-08,-3.0,-10.8,3.7,28.2,59.1,274,0.7,0.42,89,952.0,90.0,620,0,4.67,11.15,16.99,13.59,145.25,53.25
2023-03-09,-8.4,-12.0,-3.9,11.0,15.8,187,0.0,0.0,87,966.4,40.0,101,0,11.1,15.88,34.49,44.23,220.88,43.58
2023-03-10,-6.2,-12.6,0.4,15.6,22.9,137,0.0,0.0,68,961.6,60.0,171,0,14.46,20.82,32.36,23.86,183.21,55.67
2023-03-11,1.2,-2.1,3.3,24.5,35.2,187,10.7,0.0,80,948.4,190.0,307,0,16.67,29.65,27.07,17.4,186.17,50.62
2023-03-12,-1.1,-4.8,1.4,16.5,22.4,9,0.0,0.0,92,957.9,160.0,360,0,9.04,16.82,14.08,13.87,141.0,41.42
2023-03-13,-4.8,-8.8,0.7,19.3,26.8,92,0.0,0.0,78,966.5,90.0,260,0,7.3,10.79,18.53,29.33,152.58,51.88
2023-03-14,-6.2,-12.4,0.2,12.3,17.7,132,0.0,0.0,77,959.1,45.0,79,0,18.8,27.16,37.56,33.67,251.58,47.12
2023-03-15,-4.6,-10.2,-1.9,23.6,32.8,268,0.9,0.63,79,955.7,135.0,540,0,8.85,13.1,16.35,14.1,146.29,65.79
2023-03-16,-5.4,-11.1,-2.2,22.2,32.5,274,2.1,1.47,87,957.0,130.0,519,0,7.57,11.5,19.04,16.35,151.79,72.0
2023-03-17,-6.0,-9.7,-3.4,14.9,19.3,28,0.4,0.28,87,958.9,115.0,384,0,4.53,6.54,17.19,27.25,145.58,60.12
2023-03-18,-6.2,-10.1,-1.6,13.8,18.5,349,0.0,0.0,88,959.2,65.0,178,0,10.67,15.6,22.5,25.29,155.58,61.17
2023-03-19,-6.7,-13.3,-1.8,22.4,33.5,357,0.8,0.56,84,960.1,90.0,461,0,9.99,14.35,12.68,14.74,141.12,72.67
2023-03-20,-12.4,-17.3,-5.3,18.3,24.4,85,0.0,0.0,69,965.3,120.0,338,0,3.76,5.64,17.37,24.51,139.75,79.29
2023-03-21,-11.6,-18.0,-2.8,10.7,15.5,118,0.0,0.0,69,958.7,25.0,77,0,17.5,25.4,38.43,49.54,266.21,62.12
2023-03-22,-8.4,-16.2,-0.3,10.0,15.0,93,0.0,0.0,70,954.8,20.0,85,0,24.26,34.95,38.13,64.46,239.71,58.62
2023-03-23,-4.6,-10.9,1.7,11.9,14.3,211,0.0,0.0,78,953.4,35.0,118,0,30.75,44.42,34.55,84.77,226.33,58.17
2023-03-24,-3.6,-8.5,0.8,4.8,9.5,179,0.0,0.0,96,957.1,15.0,55,0,44.31,67.55,40.74,138.55,333.5,39.04
2023-03-25,-3.0,-6.9,1.3,5.7,10.0,119,0.0,0.0,98,955.9,10.0,60,0,46.53,68.28,50.55,173.23,399.33,42.33
2023-03-26,0.8,-4.6,6.3,9.8,11.5,231,0.0,0.0,84,951.5,30.0,142,0,18.6,30.38,39.02,94.86,236.42,39.92
2023-03-27,-0.6,-4.8,4.9,6.6,12.3,250,0.0,0.0,96,955.2,15.0,123,1,26.5,43.28,32.1,145.92,271.62,30.92
2023-03-28,2.0,-4.4,9.7,8.3,11.0,128,0.0,0.0,78,954.3,30.0,289,1,20.51,31.98,37.17,97.8,254.0,34.5
2023-03-29,4.6,-3.4,14.6,7.6,12.3,89,0.0,0.0,70,948.5,40.0,305,0,16.85,25.95,19.3,53.4,191.88,51.17
2023-03-30,0.4,-4.2,4.8,22.3,25.6,47,0.0,0.0,70,957.2,115.0,556,0,3.85,6.02,1.92,7.37,129.04,62.5
2023-03-31,-2.6,-6.8,3.2,19.6,25.6,75,0.0,0.0,55,967.8,345.0,680,0,4.78,7.28,5.1,21.39,137.92,73.71
2023-04-01,-1.6,-6.2,4.8,21.2,26.1,89,0.0,0.0,47,968.9,305.0,565,0,3.63,5.25,3.69,14.95,145.79,79.54
2023-04-02,-0.0,-6.3,8.0,22.6,25.2,88,0.0,0.0,38,965.4,325.0,470,0,4.38,6.27,3.65,13.92,150.83,83.0
2023-04-03,3.9,-2.8,12.6,22.2,24.2,92,0.0,0.0,35,963.9,245.0,532,0,4.52,6.56,2.77,8.89,141.33,80.67
2023-04-04,5.7,-2.1,15.2,17.3,20.1,94,0.0,0.0,38,960.6,180.0,445,0,9.94,14.6,5.93,19.54,154.71,74.0
2023-04-05,6.5,-2.3,16.3,12.7,17.6,99,0.0,0.0,44,957.7,90.0,368,0,9.14,13.27,6.04,17.84,154.58,65.21
2023-04-06,6.4,-1.8,16.0,9.1,13.0,130,0.0,0.0,52,949.4,25.0,401,0,9.79,14.59,17.25,47.43,165.46,51.83
2023-04-07,6.2,-1.1,14.1,18.1,29.0,306,2.7,0.0,68,946.1,100.0,644,0,13.43,24.12,15.55,27.6,191.62,42.62
2023-04-08,-1.4,-4.7,3.1,15.2,22.9,38,0.0,0.0,55,958.3,105.0,652,0,7.28,10.48,3.6,12.29,130.12,73.83
2023-04-09,0.3,-6.5,7.5,6.8,10.2,71,0.0,0.0,41,959.9,50.0,376,0,10.68,15.3,10.16,38.74,148.75,71.17
2023-04-10,4.2,-3.6,12.0,10.4,16.1,224,0.0,0.0,48,951.1,65.0,610,0,7.43,10.65,13.88,32.68,157.29,53.88
2023-04-11,4.6,-2.8,12.2,16.6,30.7,287,0.0,0.0,55,950.7,60.0,828,0,5.89,8.43,5.94,20.38,157.12,63.5
2023-04-12,2.9,-4.5,10.7,8.4,11.1,154,0.0,0.0,50,959.1,40.0,464,0,7.77,11.2,17.66,35.74,181.25,54.38
2023-04-13,8.9,1.5,16.9,12.9,23.7,238,0.0,0.0,46,954.8,35.0,738,0,7.89,11.38,18.35,29.89,191.33,49.67
2023-04-14,10.4,5.4,16.6,16.6,37.8,88,0.9,0.0,56,943.0,75.0,357,0,12.15,18.22,18.67,36.49,188.83,38.21
2023-04-15,-2.9,-7.3,3.0,25.6,36.7,45,1.9,0.56,79,941.2,250.0,354,0,4.92,7.08,10.2,25.61,127.25,65.08
2023-04-16,-0.9,-7.3,5.8,20.9,30.4,79,5.6,1.47,66,946.9,315.0,528,0,8.69,13.41,7.26,32.13,143.21,70.08
2023-04-17,-0.7,-4.9,4.2,19.8,30.7,312,5.4,2.31,77,945.4,350.0,912,0,11.74,19.07,6.4,20.22,146.29,66.75
2023-04-18,-0.3,-8.2,6.0,17.3,30.3,265,0.2,0.14,60,964.6,40.0,990,0,14.08,20.21,7.35,26.24,148.79,78.67
2023-04-19,0.7,-4.8,4.3,13.7,19.9,343,1.0,0.7,66,965.8,145.0,664,0,14.35,20.57,7.1,17.12,147.29,71.29
2023-04-20,-0.0,-6.6,6.3,10.9,15.8,63,0.0,0.0,53,963.0,95.0,558,0,20.56,29.45,5.59,24.07,147.12,76.5
2023-04-21,3.1,-4.6,10.1,9.2,15.6,117,0.0,0.0,47,958.3,45.0,687,0,11.62,16.63,7.96,30.54,173.33,65.54
2023-04-22,6.4,-2.9,14.2,7.5,16.6,190,0.0,0.0,49,958.1,15.0,658,0,16.57,23.8,20.1,49.39,214.92,53.04
2023-04-23,11.0,3.7,17.4,21.9,30.4,180,0.1,0.0,32,952.8,145.0,779,0,7.1,10.22,9.75,18.85,163.67,72.58
2023-04-24,9.7,5.3,14.5,18.8,30.1,284,1.3,0.0,60,951.8,80.0,770,0,8.31,13.62,4.85,15.9,148.25,61.83
2023-04-25,9.4,0.4,17.6,11.5,20.2,301,0.0,0.0,54,962.6,15.0,750,0,6.26,9.08,8.36,26.1,145.0,61.21
2023-04-26,13.4,6.2,20.5,11.8,18.7,321,0.0,0.0,46,962.0,40.0,840,0,4.0,5.83,5.36,19.66,142.29,66.25
2023-04-27,13.7,4.4,21.8,6.2,10.7,111,0.0,0.0,49,959.1,20.0,625,0,8.74,12.6,15.15,46.22,169.04,59.25
2023-04-28,15.8,5.7,23.8,7.5,12.8,204,0.0,0.0,45,953.0,15.0,655,0,10.58,15.16,23.21,42.88,185.75,60.58
2023-04-29,16.5,5.7,24.4,10.8,25.3,49,0.0,0.0,44,947.5,25.0,990,0,13.41,19.3,10.9,39.98,159.62,65.92
2023-04-30,9.4,5.0,13.9,18.7,24.2,31,0.0,0.0,37,953.1,60.0,657,0,9.1,13.39,5.74,23.9,152.92,63.46
2023-05-01,4.6,1.2,8.6,8.4,16.4,21,1.4,0.0,62,955.0,35.0,501,0,11.46,16.54,7.85,25.99,160.21,51.04
2023-05-02,3.2,-1.7,7.8,15.8,21.6,20,0.0,0.0,51,959.5,50.0,779,0,7.74,11.07,3.57,15.12,145.33,63.62
2023-05-03,4.3,-4.1,10.8,11.6,17.6,42,0.0,0.0,44,965.7,10.0,977,0,10.45,14.95,5.6,21.42,161.46,60.33
2023-05-04,6.0,-2.3,12.9,9.6,13.6,82,0.0,0.0,44,967.6,55.0,757,0,9.54,13.64,5.47,20.17,159.46,56.29
2023-05-05,9.7,-0.5,18.5,6.5,10.5,47,0.0,0.0,46,966.2,25.0,607,0,9.82,14.07,11.41,35.73,184.33,57.33
2023-05-06,14.2,4.0,22.7,11.1,15.9,77,0.0,0.0,42,960.7,45.0,861,0,7.6,11.28,4.71,24.33,169.42,68.17
2023-05-07,15.3,6.3,23.3,9.4,16.5,41,0.0,0.0,38,957.6,35.0,818,0,6.15,8.81,5.74,26.33,159.67,72.92
2023-05-08,16.7,5.7,25.3,6.2,9.4,198,0.0,0.0,38,955.6,25.0,912,0,7.86,11.37,21.58,33.9,210.5,62.62
2023-05-09,18.7,9.0,26.4,15.2,26.4,229,0.0,0.0,33,955.4,20.0,1174,0,14.38,21.0,22.53,32.07,239.96,59.0
2023-05-10,17.1,9.9,24.1,15.0,21.3,81,0.0,0.0,38,956.3,135.0,414,0,31.8,48.54,9.54,27.43,260.88,60.79
2023-05-11,21.2,14.4,28.5,17.6,26.5,214,0.0,0.0,31,950.1,165.0,1232,0,14.48,22.69,5.24,15.29,186.12,80.62
2023-05-12,16.5,11.8,21.6,21.6,25.6,64,0.0,0.0,45,950.8,295.0,651,0,25.04,38.84,6.07,13.08,266.38,79.33
2023-05-13,18.0,10.4,26.4,23.0,41.7,256,1.8,0.0,45,945.2,175.0,1153,0,14.0,22.55,4.79,9.7,206.08,72.79
2023-05-14,11.6,5.9,16.6,20.7,31.7,298,0.1,0.0,55,945.3,65.0,1096,0,7.37,10.59,4.25,12.05,169.04,65.71
2023-05-15,10.2,2.3,16.8,12.8,17.2,53,0.0,0.0,49,954.0,170.0,858,0,8.2,12.22,3.28,11.55,151.0,76.92
2023-05-16,13.8,5.6,20.2,10.0,14.3,83,0.0,0.0,34,953.3,75.0,806,0,16.44,23.48,6.45,22.82,363.5,81.04
2023-05-17,17.0,9.8,23.6,17.6,30.2,83,0.0,0.0,35,953.9,125.0,1144,0,18.34,26.28,4.75,14.3,249.04,79.54
2023-05-18,10.0,7.9,13.0,16.2,29.6,92,7.2,0.0,53,956.7,370.0,749,0,9.05,13.22,8.95,7.83,140.96,52.71
2023-05-19,11.9,7.4,17.0,16.8,22.5,80,0.0,0.0,37,955.4,280.0,1232,0,8.49,12.32,5.65,5.76,135.83,61.21
2023-05-20,14.9,8.2,21.1,21.1,23.9,69,0.0,0.0,28,951.6,270.0,1063,0,4.85,6.93,4.35,4.56,139.12,70.54
2023-05-21,16.2,10.3,21.4,19.5,24.4,60,0.0,0.0,29,953.9,265.0,1268,0,4.56,6.61,2.95,6.9,138.12,78.83
2023-05-22,15.6,7.2,21.9,11.5,17.7,39,0.0,0.0,38,957.8,65.0,1308,0,8.58,12.36,3.54,17.93,137.5,71.17
2023-05-23,16.0,9.6,22.7,13.1,30.7,26,0.2,0.0,47,959.4,90.0,1092,0,14.62,21.08,3.58,15.32,166.04,72.29
2023-05-24,16.2,7.8,22.1,12.3,20.1,31,0.0,0.0,45,958.4,45.0,1185,0,12.2,17.49,3.03,17.15,161.88,70.25
2023-05-25,17.4,9.9,23.6,12.3,18.9,20,0.0,0.0,40,957.0,70.0,1152,0,9.84,14.11,3.68,17.12,157.67,63.58
2023-05-26,14.6,12.2,16.8,11.7,21.8,32,8.8,0.0,64,954.8,25.0,874,0,28.88,41.47,4.17,14.63,191.54,73.75
2023-05-27,14.4,8.8,18.7,18.7,24.2,35,0.0,0.0,37,955.7,245.0,1077,0,4.95,7.12,3.92,16.66,136.25,65.71
2023-05-28,13.7,6.4,19.3,9.7,13.6,66,0.0,0.0,36,959.0,50.0,971,0,7.72,11.06,5.49,18.43,146.21,59.83
2023-05-29,15.7,7.5,23.3,11.3,17.3,235,0.0,0.0,41,959.3,45.0,1069,0,11.18,16.29,11.06,21.13,172.38,60.71
2023-05-30,19.8,11.5,27.1,8.4,28.5,302,1.0,0.0,54,957.5,50.0,785,0,17.55,27.23,10.75,22.37,190.38,66.75
2023-05-31,20.6,12.7,26.8,9.3,19.8,71,0.1,0.0,57,956.4,50.0,938,0,15.35,22.81,14.8,24.92,211.92,69.92
2023-06-01,21.0,14.3,27.2,11.8,15.2,107,0.0,0.0,31,956.3,105.0,961,0,5.86,8.4,4.55,14.75,142.0,73.54
2023-06-02,21.5,13.6,27.8,14.4,19.6,92,0.0,0.0,29,957.5,95.0,905,0,6.55,9.4,4.1,12.2,151.71,78.17
2023-06-03,22.8,15.0,29.5,16.9,23.8,87,0.0,0.0,29,956.5,135.0,986,0,7.12,10.22,3.15,10.42,146.92,89.04
2023-06-04,25.1,16.5,31.8,15.7,19.0,91,0.0,0.0,27,953.0,120.0,1172,0,4.48,6.43,3.27,11.26,146.38,83.0
2023-06-05,26.7,18.1,33.6,12.2,16.4,92,0.0,0.0,24,948.7,35.0,1427,0,5.28,7.87,4.4,14.53,146.83,83.12
2023-06-06,25.6,17.3,32.3,11.1,23.4,157,0.0,0.0,29,947.6,20.0,728,0,10.41,17.19,15.44,27.63,190.92,86.17
2023-06-07,25.5,17.8,33.0,9.1,17.5,160,0.0,0.0,33,945.6,20.0,1178,0,11.78,19.91,13.82,30.14,182.96,94.38
2023-06-08,25.9,20.7,31.8,18.7,35.0,237,0.6,0.0,33,945.7,100.0,1062,0,6.53,13.35,11.47,18.55,167.67,75.04
2023-06-09,19.3,15.9,26.1,10.5,19.2,359,8.8,0.0,76,948.4,60.0,379,0,19.43,28.4,11.05,27.05,210.92,57.58
2023-06-10,19.1,13.9,23.4,14.7,23.3,9,0.2,0.0,56,952.0,80.0,1001,0,12.96,18.69,2.95,10.38,170.75,73.96
2023-06-11,18.8,11.6,24.4,10.3,14.4,75,0.0,0.0,48,955.2,90.0,1029,0,14.14,20.25,4.77,20.76,161.79,76.38
2023-06-12,20.7,12.4,27.7,8.1,15.4,64,0.0,0.0,46,954.9,25.0,985,0,12.35,17.74,7.76,22.97,172.0,78.71
2023-06-13,20.7,13.2,28.2,15.8,36.7,42,0.0,0.0,43,952.5,110.0,1010,0,8.53,12.63,3.87,16.94,146.08,75.5
2023-06-14,15.8,9.5,21.4,24.4,30.7,64,0.0,0.0,44,954.1,525.0,998,0,11.77,17.29,3.29,13.9,131.75,68.54
2023-06-15,17.7,10.4,24.1,11.9,20.3,82,0.0,0.0,35,950.4,75.0,838,0,10.35,14.94,4.93,16.55,155.08,73.5
2023-06-16,20.5,14.3,26.4,8.0,15.0,107,0.3,0.0,34,946.7,40.0,1064,0,11.07,16.23,6.71,21.37,174.5,84.12
2023-06-17,22.6,14.1,32.1,9.1,24.5,255,0.0,0.0,32,944.4,30.0,1091,0,10.43,15.67,10.32,23.67,181.75,80.04
2023-06-18,25.0,15.8,32.0,9.2,22.3,115,0.0,0.0,37,942.0,15.0,972,0,11.2,18.75,6.04,20.96,172.29,81.33
2023-06-19,24.9,18.5,31.0,25.4,38.6,202,4.4,0.0,35,932.8,140.0,1342,0,9.2,18.31,4.75,12.6,147.38,85.29
2023-06-20,15.1,11.3,18.5,23.9,30.5,260,0.1,0.0,45,939.6,345.0,1389,0,6.01,8.67,3.77,8.74,140.96,72.54
2023-06-21,16.2,9.9,22.0,19.1,38.4,269,0.2,0.0,37,942.3,180.0,1298,0,10.55,15.24,6.24,13.19,143.92,67.71
2023-06-22,16.2,9.9,21.5,16.0,36.0,257,0.1,0.0,50,946.1,45.0,824,0,9.09,14.13,5.04,14.09,144.29,60.92
2023-06-23,17.0,12.0,22.3,14.3,39.5,242,4.8,0.0,57,944.4,110.0,1261,0,12.53,20.17,7.94,20.41,153.42,68.58
2023-06-24,13.2,9.8,16.4,12.1,31.0,333,4.2,0.0,68,948.6,115.0,727,0,14.15,20.39,5.15,13.53,119.96,51.75
2023-06-25,14.5,8.6,19.8,7.7,13.0,14,0.7,0.0,57,949.2,35.0,946,0,14.69,21.03,11.33,11.93,130.54,53.12
2023-06-26,18.4,10.7,25.2,15.1,23.8,171,0.2,0.0,47,942.9,160.0,530,0,11.51,17.28,9.15,17.72,140.46,59.38
2023-06-27,17.8,14.1,21.6,28.2,38.8,238,0.4,0.0,50,934.7,400.0,1445,0,7.98,12.12,3.63,9.26,144.25,68.92
2023-06-28,14.7,11.7,19.4,24.3,32.1,282,8.9,0.0,67,941.4,145.0,1163,0,6.57,9.25,1.52,3.3,141.71,56.83
2023-06-29,16.6,9.1,23.4,10.2,16.2,281,0.1,0.0,53,950.0,45.0,909,0,10.58,15.03,2.53,5.02,155.88,60.25
2023-06-30,18.4,11.8,23.8,14.3,28.9,285,0.6,0.0,53,948.7,25.0,879,0,11.03,16.13,2.75,5.24,167.75,68.33
2023-07-01,19.9,11.2,26.5,7.3,18.1,44,0.0,0.0,52,950.3,25.0,760,0,10.54,15.3,2.38,7.4,171.83,69.96
2023-07-02,23.4,14.4,31.4,12.8,17.2,126,0.0,0.0,32,949.2,65.0,1031,0,5.15,7.48,1.69,5.53,153.21,75.25
2023-07-03,25.3,17.2,32.1,15.6,22.2,173,0.0,0.0,27,945.4,55.0,1277,0,4.63,7.57,2.13,4.92,156.79,77.33
2023-07-04,22.8,17.1,28.1,9.1,16.6,270,5.0,0.0,46,943.5,95.0,860,0,11.19,22.88,2.9,9.33,170.96,90.29
2023-07-05,22.5,16.6,28.3,15.8,25.9,61,0.5,0.0,50,944.8,95.0,944,0,8.9,15.29,1.62,3.39,163.67,72.96
2023-07-06,22.7,16.9,27.7,15.3,21.1,38,0.0,0.0,40,947.7,160.0,1220,0,9.11,13.25,1.61,6.41,154.21,65.96
2023-07-07,21.5,16.8,26.0,13.2,30.3,11,5.1,0.0,60,948.4,55.0,1010,0,10.77,17.55,1.68,4.88,162.5,59.33
2023-07-08,22.2,15.8,26.7,11.2,16.8,347,0.3,0.0,54,949.7,60.0,958,0,10.25,15.62,1.67,3.55,165.71,70.04
2023-07-09,22.2,14.8,27.4,10.6,16.5,26,0.0,0.0,42,951.0,50.0,1171,0,8.63,12.97,1.38,3.36,161.33,68.46
2023-07-10,23.1,14.6,30.1,8.3,15.2,60,0.0,0.0,46,952.0,50.0,968,0,8.35,12.51,1.7,4.77,168.62,70.33
2023-07-11,25.6,17.0,32.8,5.3,9.8,103,0.0,0.0,47,954.0,25.0,1077,0,10.01,15.0,3.01,7.2,183.62,80.38
2023-07-12,28.5,20.7,34.8,9.8,13.3,131,0.0,0.0,38,953.7,70.0,1263,0,10.78,17.8,2.6,7.0,183.79,82.71
2023-07-13,29.5,23.7,34.5,11.1,19.6,161,0.2,0.0,33,948.5,155.0,932,0,8.62,20.86,2.07,5.1,167.04,83.46
2023-07-14,27.9,21.6,31.7,20.6,27.3,238,0.0,0.0,30,941.4,90.0,1270,0,5.44,10.43,1.68,4.1,156.92,81.21
2023-07-15,21.7,16.9,25.1,27.1,40.8,251,0.0,0.0,32,943.3,550.0,2061,0,5.98,8.72,1.38,2.81,140.29,78.79
2023-07-16,22.2,15.4,28.5,16.1,24.1,271,0.0,0.0,38,946.2,45.0,1163,0,6.73,9.7,1.88,3.88,151.42,72.12
2023-07-17,25.1,16.2,32.2,8.6,16.8,54,0.0,0.0,38,949.9,55.0,1033,0,6.14,12.25,2.35,6.13,158.62,72.08
2023-07-18,27.9,21.2,34.4,14.9,22.8,137,0.0,0.0,33,947.2,95.0,1344,0,6.22,13.55,1.73,4.28,155.92,75.46
2023-07-19,26.3,22.8,30.2,15.1,23.7,238,0.2,0.0,36,943.6,35.0,1105,0,6.45,11.1,1.87,4.6,156.0,79.46
2023-07-20,23.7,18.3,28.4,18.8,32.6,260,0.1,0.0,42,945.2,30.0,1218,0,7.85,11.82,2.42,4.57,171.33,67.12
2023-07-21,23.9,17.0,31.5,14.2,28.3,253,0.2,0.0,45,947.7,50.0,1109,0,8.54,12.65,2.65,4.7,170.54,71.17
2023-07-22,21.5,14.7,27.5,10.6,15.9,307,0.0,0.0,51,951.4,25.0,1018,0,7.3,11.05,2.24,5.14,157.12,76.54
2023-07-23,23.4,15.0,30.7,9.6,15.8,227,0.0,0.0,40,949.1,35.0,1138,0,6.54,10.0,3.64,7.93,172.54,73.33
2023-07-24,24.4,18.5,29.4,10.9,17.3,332,0.0,0.0,38,945.7,35.0,838,0,7.06,11.21,2.7,5.65,164.33,72.21
2023-07-25,23.6,16.3,29.2,11.8,16.6,23,0.0,0.0,36,947.2,90.0,998,0,6.63,9.75,1.8,4.24,161.71,74.04
2023-07-26,24.9,18.2,30.5,14.0,20.3,87,0.0,0.0,34,946.4,220.0,776,0,6.9,10.69,2.17,7.27,157.38,76.88
2023-07-27,22.9,18.4,26.7,19.3,23.8,17,0.0,0.0,46,943.6,140.0,880,0,9.38,16.65,1.28,5.57,159.96,83.88
2023-07-28,22.4,15.6,28.6,9.3,15.6,352,1.1,0.0,51,946.7,15.0,1024,0,7.98,11.95,1.88,4.0,180.42,73.08
2023-07-29,25.8,16.8,32.8,14.3,23.6,255,0.4,0.0,39,945.1,10.0,1127,0,8.25,13.45,2.88,5.92,196.29,74.04
2023-07-30,25.5,19.6,30.6,12.2,19.6,26,0.0,0.0,49,944.4,25.0,838,0,9.42,14.5,1.92,6.76,190.79,72.12
2023-07-31,25.7,19.7,31.1,13.4,18.5,47,0.0,0.0,35,945.1,260.0,1134,0,5.83,8.55,1.72,8.17,179.75,83.54
2023-08-01,26.9,20.2,32.7,11.3,21.5,41,0.0,0.0,34,944.3,90.0,1105,0,7.29,11.11,1.92,8.82,178.04,87.75
2023-08-02,25.0,19.5,32.2,10.6,26.1,360,2.8,0.0,44,942.3,45.0,658,0,9.4,15.06,3.5,9.4,193.04,84.04
2023-08-03,25.0,17.6,31.5,7.7,11.9,335,0.0,0.0,47,942.9,30.0,887,0,9.08,16.06,3.51,9.03,197.58,85.71
2023-08-04,25.4,19.1,30.9,10.0,13.8,55,0.2,0.0,39,945.0,40.0,954,0,7.06,10.6,2.65,7.46,185.79,85.29
2023-08-05,25.0,18.6,30.5,13.3,24.3,15,0.6,0.0,47,946.6,70.0,909,0,7.46,11.05,1.68,6.95,172.79,89.42
2023-08-06,24.7,18.4,29.4,11.2,20.7,24,0.2,0.0,49,943.8,50.0,971,0,6.91,10.14,1.77,6.82,168.5,74.67
2023-08-07,22.4,17.9,27.3,14.5,22.7,59,6.2,0.0,57,940.9,120.0,832,0,7.7,11.24,2.41,13.48,167.92,80.04
2023-08-08,22.8,18.2,29.3,15.5,24.0,85,0.0,0.0,51,941.8,125.0,749,0,6.76,9.81,2.01,5.75,166.21,68.38
2023-08-09,23.1,16.3,29.7,6.9,9.8,118,0.0,0.0,56,945.5,75.0,754,0,7.41,10.66,1.9,4.62,162.0,63.62
2023-08-10,20.8,18.1,24.4,8.9,21.3,113,12.7,0.0,73,943.8,70.0,681,0,7.85,11.45,3.02,7.77,160.92,76.75
2023-08-11,14.7,11.0,18.9,16.6,23.7,16,14.7,0.0,83,946.3,95.0,533,0,9.6,14.21,1.8,4.41,170.54,60.79
2023-08-12,12.2,9.5,16.5,12.9,19.7,314,19.8,0.0,80,949.4,125.0,662,0,5.05,7.36,1.98,4.05,168.5,48.29
2023-08-13,11.1,8.1,14.6,15.4,25.3,339,0.8,0.0,71,951.6,105.0,950,0,7.42,10.84,1.44,2.8,155.79,52.58
2023-08-14,12.3,6.7,17.7,11.8,20.5,267,0.0,0.0,61,953.9,105.0,722,0,7.16,10.2,2.85,5.28,161.75,46.38
2023-08-15,14.1,9.7,19.1,10.7,21.4,252,17.1,0.0,70,951.3,45.0,548,0,10.34,15.35,2.66,5.01,164.21,57.33
2023-08-16,14.6,10.9,19.1,9.7,14.7,13,0.3,0.0,74,953.6,35.0,716,0,11.84,16.9,2.12,4.02,165.58,44.38
2023-08-17,16.0,9.0,22.3,5.9,10.7,69,0.0,0.0,62,956.1,20.0,669,0,7.99,11.42,4.53,11.37,187.67,53.79
2023-08-18,19.2,11.5,26.1,4.8,8.0,189,0.0,0.0,54,954.5,15.0,735,0,9.12,13.26,4.54,11.05,195.38,62.92
2023-08-19,20.0,12.8,27.2,6.3,8.7,218,0.0,0.0,59,952.9,20.0,714,0,8.23,12.0,4.02,11.9,186.08,65.54
2023-08-20,21.8,14.7,29.1,10.3,15.1,243,0.0,0.0,50,950.8,45.0,835,0,7.26,10.59,3.62,7.35,182.92,62.92
2023-08-21,21.3,14.0,28.4,9.2,15.6,17,0.0,0.0,57,950.1,25.0,629,0,8.98,13.67,3.88,15.16,177.17,62.58
2023-08-22,22.8,17.2,28.9,9.4,16.9,222,0.1,0.0,46,947.6,50.0,771,0,6.21,9.44,3.57,6.96,183.08,65.58
2023-08-23,23.4,15.2,30.7,11.4,23.5,188,0.0,0.0,44,945.7,40.0,946,0,8.51,15.03,3.48,5.81,176.96,70.83
2023-08-24,22.0,17.4,26.0,11.5,23.3,224,3.5,0.0,51,940.6,85.0,676,0,8.6,19.15,3.07,6.2,170.71,71.92
2023-08-25,16.4,12.5,20.3,13.0,19.2,338,0.5,0.0,65,943.0,60.0,739,0,8.2,13.75,2.9,5.63,181.62,61.08
2023-08-26,16.7,10.1,22.9,8.1,13.0,99,0.0,0.0,54,944.5,60.0,739,0,12.1,17.82,3.45,7.78,183.42,60.42
2023-08-27,18.2,14.0,24.7,14.0,24.5,205,0.7,0.0,63,939.3,110.0,695,0,8.82,17.36,3.15,6.84,175.17,60.12
2023-08-28,14.8,11.6,18.2,20.6,29.3,226,1.9,0.0,71,942.2,345.0,833,0,8.67,15.69,2.17,4.98,172.21,61.96
2023-08-29,17.1,10.0,23.7,23.6,32.3,178,0.0,0.0,47,945.6,255.0,1162,0,7.62,11.64,1.89,3.95,180.21,67.58
2023-08-30,18.3,12.2,22.9,25.4,35.0,186,0.2,0.0,46,939.8,150.0,1208,0,7.62,13.95,2.22,4.9,177.62,75.83
2023-08-31,12.8,9.2,17.2,22.7,38.5,215,1.8,0.0,65,944.8,115.0,991,0,10.49,15.69,2.23,4.46,176.67,54.88
2023-09-01,14.8,11.1,18.3,21.8,33.4,213,0.1,0.0,53,946.8,225.0,1155,0,13.5,20.84,2.33,4.53,181.96,66.12
2023-09-02,14.7,10.8,19.0,13.1,20.1,219,0.6,0.0,59,946.2,75.0,738,0,8.81,12.86,3.11,6.45,183.62,52.5
2023-09-03,14.2,11.6,17.4,20.4,28.9,213,3.1,0.0,62,941.5,400.0,1054,0,7.17,10.49,2.12,5.08,173.25,55.42
2023-09-04,11.2,9.6,13.7,18.7,25.9,260,13.2,0.0,85,942.4,450.0,742,0,4.7,6.64,2.82,5.63,176.62,43.04
2023-09-05,12.0,9.8,15.5,12.0,19.9,297,3.7,0.0,79,952.5,280.0,628,0,4.66,6.72,2.85,6.1,187.33,47.5
2023-09-06,9.2,4.7,12.9,12.0,16.6,276,0.0,0.0,69,953.0,80.0,895,0,9.0,13.0,2.97,5.99,176.33,53.54
2023-09-07,11.9,4.7,18.3,8.3,14.8,236,0.3,0.0,76,951.2,30.0,545,0,10.53,15.51,4.51,9.19,197.29,52.29
2023-09-08,14.6,10.7,19.5,9.1,14.1,220,1.1,0.0,74,950.0,50.0,447,0,12.67,20.16,4.68,9.32,196.08,53.0
2023-09-09,16.7,10.4,24.5,16.8,24.4,116,2.0,0.0,65,946.9,130.0,645,0,6.38,11.27,2.2,4.63,164.75,56.17
2023-09-10,14.6,10.7,18.9,14.3,20.2,305,0.0,0.0,72,946.3,110.0,527,0,6.74,13.12,2.45,6.0,168.54,58.67
2023-09-11,15.5,10.0,22.4,16.4,33.4,112,5.0,0.0,73,942.4,235.0,494,0,10.09,18.93,2.24,6.58,168.46,53.38
2023-09-12,10.9,9.6,12.6,32.9,43.6,226,4.9,0.0,76,941.1,660.0,1173,0,4.88,7.35,2.2,4.25,174.88,52.67
2023-09-13,9.4,7.3,11.6,20.3,28.5,296,2.8,0.0,86,947.0,295.0,680,0,5.55,8.0,2.57,4.78,179.88,45.21
2023-09-14,10.5,6.3,15.2,12.4,16.7,312,1.2,0.0,78,953.8,95.0,492,0,9.22,13.42,3.26,6.67,191.12,45.58
2023-09-15,10.7,5.7,16.1,8.9,19.8,353,0.1,0.0,82,956.2,35.0,334,0,7.58,11.12,2.95,4.49,195.96,43.54
2023-09-16,10.8,5.8,16.0,6.6,10.0,41,1.0,0.0,86,957.7,35.0,336,0,9.23,13.72,3.07,4.59,192.79,49.12
2023-09-17,11.8,6.0,17.3,7.7,10.9,61,0.2,0.0,79,957.3,40.0,410,0,11.03,16.59,3.77,7.45,204.38,43.17
2023-09-18,12.4,6.8,18.0,6.4,10.2,75,0.2,0.0,75,955.7,35.0,428,0,8.75,13.6,3.29,7.51,194.79,45.38
2023-09-19,13.1,6.1,18.9,6.7,12.4,86,0.0,0.0,68,953.4,25.0,442,0,7.33,11.2,3.99,11.17,193.83,47.33
2023-09-20,12.6,9.5,16.4,7.1,10.4,18,3.6,0.0,80,951.7,45.0,247,0,11.47,17.68,2.88,7.02,178.58,48.33
2023-09-21,11.6,8.1,16.8,7.4,11.3,1,0.5,0.0,84,957.0,35.0,286,0,13.31,20.23,3.32,11.45,185.83,48.79
2023-09-22,11.8,7.2,17.9,10.0,20.9,275,0.3,0.0,76,958.5,15.0,495,0,6.19,9.32,2.98,7.33,181.29,48.21
2023-09-23,9.9,5.4,13.4,14.6,20.3,312,3.2,0.0,70,959.1,105.0,563,0,4.19,6.29,2.22,4.44,185.54,54.08
2023-09-24,7.9,2.0,13.3,10.6,16.4,303,0.0,0.0,71,963.9,50.0,389,0,3.79,5.72,3.05,6.82,187.88,43.83
2023-09-25,12.1,7.2,17.6,12.0,17.7,277,0.0,0.0,70,961.0,45.0,265,0,5.1,7.76,3.88,7.21,181.96,47.17
2023-09-26,13.4,7.4,20.3,9.6,13.0,311,0.1,0.0,77,957.8,15.0,395,0,8.88,13.32,4.5,9.19,202.17,55.79
2023-09-27,13.2,8.9,20.0,8.0,19.0,245,5.9,0.0,80,955.5,10.0,289,0,11.06,16.63,5.9,12.36,216.54,51.88
2023-09-28,10.4,8.1,13.7,7.0,9.7,300,0.8,0.0,87,953.8,55.0,293,0,8.67,14.02,4.3,9.81,179.71,47.17
2023-09-29,10.3,5.6,14.9,9.7,14.6,39,2.0,0.0,77,951.7,30.0,396,0,12.22,19.56,2.78,6.38,200.12,48.17
2023-09-30,9.2,6.2,13.0,7.4,13.6,7,0.4,0.0,79,952.8,15.0,309,0,14.06,21.66,5.59,15.49,212.25,44.83
2023-10-01,9.8,5.0,15.8,12.1,18.1,100,1.9,0.0,77,954.8,75.0,455,0,10.75,16.41,3.19,9.72,195.71,49.54
2023-10-02,9.7,8.4,11.7,20.8,25.5,66,8.1,0.0,79,953.8,365.0,631,0,7.07,10.39,1.61,4.18,200.92,50.17
2023-10-03,8.7,5.5,12.3,18.6,24.2,45,0.1,0.0,79,956.0,145.0,555,0,5.76,8.6,2.79,8.88,192.04,52.33
2023-10-04,8.5,2.3,15.1,6.2,9.4,83,0.0,0.0,76,959.6,45.0,234,0,7.34,10.79,9.62,30.03,224.42,38.62
2023-10-05,10.2,3.9,16.7,5.7,9.4,112,0.0,0.0,74,958.0,30.0,298,0,7.44,11.18,7.22,17.4,229.46,45.88
2023-10-06,10.7,5.1,16.9,11.0,13.3,101,0.0,0.0,66,954.2,65.0,294,0,5.04,7.73,3.7,8.25,188.54,51.17
2023-10-07,10.3,4.9,16.7,8.5,15.6,203,0.5,0.0,78,951.7,45.0,295,0,10.93,19.68,4.41,8.17,190.21,43.67
2023-10-08,10.2,4.9,16.1,15.2,26.2,214,1.4,0.0,79,953.4,65.0,516,0,12.22,20.27,3.66,7.25,168.71,47.5
2023-10-09,12.8,7.2,18.6,17.8,28.9,206,0.0,0.0,66,955.2,120.0,565,0,10.97,28.52,3.19,7.09,174.54,54.04
2023-10-10,15.3,10.2,20.9,21.3,29.2,177,0.0,0.0,54,950.7,210.0,535,0,9.78,15.78,2.68,6.69,165.71,63.12
2023-10-11,10.2,6.0,15.7,15.4,23.3,254,0.0,0.0,60,954.1,55.0,501,0,6.41,13.1,3.15,7.28,177.88,52.71
2023-10-12,5.4,4.3,6.9,16.3,20.0,28,9.4,0.0,84,955.6,205.0,438,0,3.18,5.46,2.79,5.54,180.12,44.33
2023-10-13,4.4,1.2,8.3,7.1,13.1,22,0.0,0.0,79,959.6,30.0,421,0,5.43,7.93,5.51,13.1,224.71,43.12
2023-10-14,4.7,-0.8,9.7,15.0,24.0,243,0.2,0.0,66,957.5,30.0,464,0,5.6,8.77,4.38,9.17,207.83,49.42
2023-10-15,5.9,3.5,7.7,20.8,27.3,257,2.6,0.0,75,956.0,105.0,685,0,6.96,11.88,2.74,5.95,183.38,48.71
2023-10-16,6.0,1.1,10.6,12.9,22.3,227,0.0,0.0,76,960.4,90.0,303,0,8.49,13.17,4.2,7.97,190.83,39.17
2023-10-17,9.0,3.0,15.6,7.9,13.2,123,0.0,0.0,77,959.6,35.0,165,0,11.23,18.15,6.61,16.6,203.29,36.25
2023-10-18,8.8,3.4,15.5,8.8,12.4,168,0.0,0.0,67,953.7,35.0,142,0,6.95,10.39,6.71,14.46,233.17,40.17
2023-10-19,7.2,3.0,12.4,9.9,13.4,263,0.0,0.0,70,958.4,75.0,180,0,5.04,9.82,5.15,11.0,206.08,34.83
2023-10-20,10.3,4.7,17.2,15.6,19.9,144,0.0,0.0,61,954.6,130.0,299,0,4.52,7.38,3.57,8.12,179.08,41.58
2023-10-21,5.8,2.4,11.5,14.5,23.8,273,1.2,0.0,65,953.1,30.0,463,0,5.83,9.19,5.1,11.77,200.75,45.62
2023-10-22,6.3,0.9,10.5,28.9,44.8,219,9.0,0.0,75,941.7,110.0,1015,0,7.68,11.59,3.54,7.25,167.79,50.42
2023-10-23,-0.2,-2.3,3.8,26.4,39.0,269,1.0,0.14,69,951.8,415.0,1077,0,1.78,2.97,2.3,5.54,188.33,51.54
2023-10-24,1.9,-2.6,6.5,23.3,32.3,219,0.0,0.0,61,957.0,360.0,571,0,3.04,4.96,2.81,6.7,186.92,47.46
2023-10-25,7.6,2.1,12.0,26.2,34.7,211,0.1,0.0,68,947.0,380.0,792,0,6.52,12.17,2.45,5.63,160.12,53.62
2023-10-26,5.2,-2.0,9.9,27.6,35.0,256,14.5,0.0,76,942.8,780.0,1135,0,6.94,13.22,2.18,4.64,166.54,54.79
2023-10-27,-2.2,-3.2,-1.2,12.1,22.1,272,0.2,0.14,62,959.7,15.0,766,0,5.29,8.45,4.86,11.76,223.46,45.42
2023-10-28,-0.1,-4.9,3.9,12.6,18.5,140,0.7,0.49,62,957.5,65.0,373,0,9.04,14.45,5.59,11.71,220.04,40.25
2023-10-29,3.8,0.9,6.2,15.2,21.0,220,3.3,0.49,95,946.7,190.0,431,0,6.43,11.56,4.18,7.35,180.92,36.46
2023-10-30,9.6,6.9,12.9,24.0,34.2,234,9.5,0.0,82,945.8,440.0,845,0,6.05,10.83,2.82,6.25,161.5,53.83
2023-10-31,3.1,0.8,6.7,22.2,29.7,264,3.7,0.77,89,950.2,780.0,852,0,2.3,3.38,3.48,6.2,192.5,30.54
2023-11-01,1.4,0.5,3.2,24.9,30.3,242,5.3,2.31,91,956.6,675.0,812,0,2.65,3.89,3.25,5.64,190.17,33.21
2023-11-02,4.9,0.5,8.3,25.2,41.6,253,0.6,0.0,87,960.2,420.0,803,0,5.1,8.76,2.74,5.3,178.83,40.96
2023-11-03,5.8,2.5,8.0,8.4,14.0,137,0.5,0.0,94,961.4,40.0,126,0,6.1,10.13,9.0,20.72,247.17,21.46
2023-11-04,5.2,2.1,9.2,11.7,20.8,222,0.0,0.0,93,957.1,40.0,213,0,10.61,19.06,7.26,14.15,226.79,37.08
2023-11-05,4.4,-0.8,6.7,8.1,12.4,30,0.1,0.0,86,961.7,25.0,291,0,6.27,10.3,4.33,9.21,205.33,32.0
2023-11-06,-0.7,-3.9,4.2,8.0,12.7,96,0.0,0.0,78,964.9,25.0,212,1,5.63,8.14,11.19,29.45,275.42,33.71
2023-11-07,0.7,-4.6,9.3,8.0,13.2,101,0.0,0.0,67,959.3,20.0,71,1,10.49,15.17,12.62,25.97,358.5,34.5
2023-11-08,3.5,-1.8,10.7,10.1,14.8,124,0.0,0.0,41,952.3,80.0,195,0,6.73,10.01,5.77,9.7,260.38,52.38
2023-11-09,4.7,1.7,8.3,20.0,32.3,199,0.3,0.0,73,950.3,175.0,549,0,5.03,8.29,3.97,7.87,203.54,43.38
2023-11-10,4.1,3.4,5.2,21.7,28.2,232,2.9,0.0,86,959.6,250.0,714,0,3.16,4.7,3.53,7.29,195.75,38.79
2023-11-11,4.4,2.1,6.8,15.7,21.3,178,0.2,0.0,78,958.4,145.0,538,0,7.89,12.16,4.35,9.36,194.71,42.29
2023-11-12,3.2,1.6,4.7,20.1,25.0,221,4.4,0.0,88,954.1,440.0,649,0,2.61,4.08,3.59,8.24,188.62,38.67
2023-11-13,2.1,0.5,3.8,14.5,22.4,277,3.1,1.19,91,964.3,325.0,497,0,2.68,4.8,4.92,9.94,200.12,30.38
2023-11-14,2.1,-1.1,5.7,10.9,17.0,185,0.0,0.0,83,969.3,130.0,358,0,4.33,7.42,5.3,12.78,191.75,55.29
2023-11-15,3.3,-0.7,9.7,14.3,21.6,176,0.0,0.0,65,957.8,330.0,400,0,3.34,5.21,3.51,8.12,191.92,54.62
2023-11-16,4.4,1.3,8.3,15.8,24.2,211,0.0,0.0,63,949.6,165.0,315,0,3.79,6.23,4.33,10.15,224.88,53.62
2023-11-17,5.9,1.5,10.2,10.1,17.4,179,0.0,0.0,70,949.0,40.0,175,0,7.34,14.23,8.35,15.84,289.33,35.25
2023-11-18,9.5,1.8,15.0,35.0,55.8,210,2.4,0.0,59,937.9,255.0,1019,0,5.62,11.49,2.59,7.18,187.0,58.96
2023-11-19,-1.5,-7.2,1.1,21.4,49.8,268,0.3,0.21,71,956.0,45.0,685,0,2.08,3.07,3.46,8.84,207.17,52.0
2023-11-20,-5.9,-8.9,-1.7,5.8,10.1,234,0.0,0.0,70,965.2,20.0,132,1,7.17,10.38,11.6,27.77,302.75,45.58
2023-11-21,-2.7,-6.5,2.8,19.0,25.6,96,0.0,0.0,51,961.5,120.0,279,0,2.44,3.61,3.75,8.98,210.08,53.5
2023-11-22,2.0,-1.8,5.1,16.3,23.6,148,0.0,0.0,45,948.7,155.0,350,0,6.35,12.13,4.25,8.3,197.04,62.0
2023-11-23,1.6,-0.7,3.4,25.7,40.3,220,4.1,0.7,82,947.3,170.0,1054,0,4.6,14.56,3.32,6.92,193.21,44.33
2023-11-24,0.7,-3.5,4.6,27.7,38.8,204,5.3,1.82,81,944.0,470.0,919,0,5.2,13.62,2.87,6.42,178.29,56.88
2023-11-25,-3.7,-5.5,-1.2,19.8,26.7,235,0.1,0.07,69,956.3,175.0,545,0,2.76,3.98,3.72,9.09,197.04,60.33
2023-11-26,-0.2,-4.1,5.6,8.7,13.2,133,0.0,0.0,58,961.5,65.0,132,0,10.4,14.94,8.73,13.94,293.38,46.17
2023-11-27,1.9,-1.4,6.9,17.6,21.3,95,0.0,0.0,51,956.9,130.0,196,0,6.12,9.6,3.43,5.21,204.5,55.92
2023-11-28,2.2,-0.3,7.6,15.2,20.6,101,0.0,0.0,68,953.5,90.0,170,0,7.5,11.28,4.76,7.67,236.42,49.29
2023-11-29,2.9,-0.6,8.8,10.6,15.3,154,0.0,0.0,72,951.7,100.0,185,0,7.97,13.1,6.26,11.35,261.04,49.12
2023-11-30,-0.0,-3.6,3.9,23.1,26.4,230,0.7,0.07,82,957.9,430.0,815,0,2.59,4.22,3.38,8.28,194.46,39.96
2023-12-01,-1.7,-3.9,0.0,29.0,37.9,232,1.3,0.91,69,958.0,520.0,975,0,3.93,6.39,2.52,6.72,190.08,53.54
2023-12-02,0.2,-3.0,3.6,17.3,27.7,207,0.2,0.14,67,955.8,245.0,463,0,5.19,7.95,4.04,9.03,211.04,49.67
2023-12-03,-0.0,-4.2,1.5,35.0,39.8,236,13.0,5.46,93,944.4,670.0,984,0,4.2,6.97,2.36,5.09,188.42,50.75
2023-12-04,-6.1,-7.7,-4.2,18.8,29.9,258,0.1,0.07,78,959.2,210.0,680,0,2.14,3.12,4.9,9.68,209.67,57.38
2023-12-05,1.1,-3.3,3.9,23.9,28.3,216,0.4,0.0,81,952.8,340.0,508,0,5.57,9.0,3.13,6.4,196.17,54.71
2023-12-06,-1.5,-9.0,3.6,31.0,35.4,260,0.7,0.28,76,945.3,615.0,1050,0,2.45,4.0,2.27,5.75,204.08,51.21
2023-12-07,-12.1,-15.7,-8.9,15.8,28.0,297,0.0,0.0,58,960.8,240.0,786,0,2.25,3.21,4.22,10.41,223.29,49.38
2023-12-08,-18.3,-22.0,-16.1,12.8,17.3,35,0.0,0.0,59,964.4,250.0,369,0,4.8,6.92,2.48,5.7,176.38,52.17
2023-12-09,-20.6,-23.1,-17.1,9.7,14.3,43,0.0,0.0,54,967.8,155.0,313,0,6.76,9.71,5.48,15.4,224.58,43.38
2023-12-10,-22.0,-24.9,-18.7,6.3,8.5,291,0.0,0.0,64,965.5,155.0,305,1,9.27,13.22,9.05,16.66,304.54,38.21
2023-12-11,-24.4,-27.3,-21.4,19.0,27.2,38,0.0,0.0,68,961.5,135.0,405,0,4.46,6.46,11.23,28.51,238.54,32.12
2023-12-12,-26.8,-29.9,-23.1,17.5,21.7,28,0.0,0.0,63,976.1,320.0,431,0,3.58,5.1,2.78,5.34,203.71,50.25
2023-12-13,-24.5,-28.0,-20.3,11.7,14.1,68,0.0,0.0,61,987.2,160.0,243,0,2.88,8.62,5.32,14.35,208.21,47.25
2023-12-14,-18.9,-23.9,-13.4,16.1,22.4,84,0.0,0.0,57,982.6,95.0,185,0,2.84,14.07,3.78,6.97,216.29,52.75
2023-12-15,-13.5,-15.6,-9.9,23.6,27.2,75,0.0,0.0,51,973.2,250.0,321,0,3.98,9.37,2.08,4.11,199.79,70.88
2023-12-16,-13.4,-17.1,-8.1,16.7,22.1,87,0.0,0.0,47,967.9,75.0,192,0,9.33,13.46,3.17,6.27,223.58,64.62
2023-12-17,-11.0,-15.8,-4.0,11.1,14.6,117,0.0,0.0,43,966.8,45.0,134,0,8.74,12.39,5.22,10.0,253.79,55.92
2023-12-18,-6.8,-10.5,-3.7,18.1,23.6,164,0.0,0.0,43,960.6,305.0,385,0,8.15,13.65,3.72,8.61,223.42,71.08
2023-12-19,-4.1,-6.2,-2.0,23.9,31.2,208,3.9,2.73,74,953.3,440.0,668,0,5.79,9.51,2.98,8.39,224.0,64.71
2023-12-20,-6.5,-7.7,-5.1,20.6,24.2,231,3.5,2.45,85,959.5,580.0,745,0,1.75,2.62,3.21,7.48,209.46,51.88
2023-12-21,-3.9,-7.6,-1.3,28.0,33.9,225,3.7,2.52,92,964.8,350.0,624,0,1.83,2.75,2.73,5.8,199.46,51.92
2023-12-22,-1.0,-2.3,0.6,12.3,19.1,157,0.0,0.0,97,964.6,105.0,189,0,6.38,9.65,6.3,10.82,253.29,46.46
2023-12-23,-3.7,-7.7,0.4,10.9,18.3,126,0.0,0.0,87,951.5,45.0,95,0,6.56,9.8,6.17,12.93,256.46,64.58
2023-12-24,-2.8,-7.7,2.1,11.6,15.9,172,0.0,0.0,79,948.2,80.0,146,0,9.81,15.98,5.87,11.89,273.54,67.71
2023-12-25,1.8,-1.6,3.7,17.1,34.7,164,1.3,0.0,83,947.9,185.0,299,0,16.79,41.66,3.98,8.88,213.25,69.08
2023-12-26,-0.6,-4.0,4.2,32.5,40.1,211,7.1,0.42,80,947.4,480.0,1071,0,4.16,10.2,2.21,6.54,185.88,68.75
2023-12-27,-1.1,-3.8,0.4,26.4,35.0,198,3.7,2.59,82,946.2,510.0,789,0,1.65,2.83,2.97,6.83,179.38,61.0
2023-12-28,-0.8,-2.0,0.7,25.5,29.7,211,2.2,1.4,90,950.6,555.0,855,0,1.76,2.73,2.84,6.27,177.04,57.17
2023-12-29,-1.5,-6.6,1.9,39.2,45.2,212,2.8,1.75,82,939.9,580.0,1247,0,2.41,3.78,2.01,5.42,183.46,60.25
2023-12-30,-5.5,-7.6,-2.9,37.3,41.2,225,4.3,3.01,84,951.0,1180.0,1368,0,1.39,2.21,2.12,4.8,193.04,54.62
2023-12-31,-1.6,-2.9,-0.7,27.0,38.4,235,3.8,2.59,93,951.3,540.0,856,0,1.27,2.05,3.22,6.52,191.29,50.96
2024-01-01,-1.5,-2.3,-0.5,24.5,28.6,203,0.6,0.42,86,952.2,540.0,626,0,5.12,10.48,3.24,6.98,192.88,61.38
2024-01-02,-3.4,-6.8,-1.9,31.2,40.9,240,3.3,2.38,87,945.7,,,0,3.49,5.79,2.6,5.58,201.88,58.62
2024-01-03,-7.7,-9.9,-4.7,19.0,29.2,227,0.1,0.07,90,958.9,,,0,2.07,2.97,4.42,7.88,229.88,50.04
2024-01-04,-7.6,-12.7,-3.3,14.2,25.2,154,0.0,0.0,76,952.6,,,0,6.55,9.95,3.81,6.97,229.92,67.08
2024-01-05,-3.0,-3.9,-2.4,19.1,22.9,216,0.2,0.14,85,946.5,,,0,6.72,11.9,3.46,7.52,222.5,60.75
2024-01-06,-5.1,-6.4,-3.3,14.0,21.3,231,0.2,0.14,91,953.2,,,0,2.24,3.26,4.96,10.73,215.71,52.67
2024-01-07,-4.4,-9.3,1.0,17.0,36.3,172,4.1,2.45,94,951.5,,,0,5.04,8.33,4.13,7.87,207.54,65.17
2024-01-08,-3.6,-12.0,0.9,32.7,45.7,236,6.0,3.85,90,943.1,,,0,1.3,2.05,2.04,4.75,201.0,54.25
2024-01-09,-15.4,-19.0,-8.5,14.6,20.4,213,0.1,0.07,78,950.6,,,0,2.88,4.31,4.99,7.55,245.38,62.79
2024-01-10,-3.3,-13.6,1.6,35.5,56.7,215,5.4,3.78,87,932.8,,,0,4.27,7.05,2.13,4.92,193.04,64.38
2024-01-11,-14.6,-23.3,-10.1,25.2,31.8,241,2.0,1.33,80,943.9,,,0,1.77,2.76,3.77,5.64,203.21,67.33
2024-01-12,-17.2,-24.5,-10.1,19.2,27.6,182,0.0,0.0,76,955.5,,,0,4.31,6.46,4.42,5.82,220.67,64.04
2024-01-13,-7.6,-13.4,-0.6,15.1,26.3,178,0.3,0.21,81,942.7,,,0,9.5,17.55,3.74,7.17,214.67,76.17
2024-01-14,-10.2,-22.2,1.0,30.7,40.8,239,3.4,1.96,81,944.0,,,0,3.54,8.17,2.25,4.86,203.58,65.25
2024-01-15,-22.5,-25.2,-19.7,9.7,16.6,231,0.0,0.0,76,963.1,,,1,6.95,10.01,6.22,10.2,279.08,57.75
2024-01-16,-22.1,-27.3,-16.6,9.3,12.7,82,0.0,0.0,79,966.0,,,1,13.11,19.03,9.74,19.7,357.33,51.67
2024-01-17,-19.2,-22.6,-14.9,12.6,16.3,93,0.0,0.0,75,968.1,,,0,6.53,9.92,5.01,10.57,240.5,59.58
2024-01-18,-17.5,-21.3,-12.9,12.1,15.9,118,0.0,0.0,67,964.6,,,0,5.62,8.27,5.0,8.11,251.62,69.25
2024-01-19,-12.7,-15.3,-10.4,8.2,12.3,211,0.3,0.21,75,959.6,,,1,7.21,10.81,6.42,11.24,257.83,72.29
2024-01-20,-15.4,-18.6,-13.3,11.1,15.8,34,0.1,0.07,84,967.5,,,1,4.24,6.32,4.08,6.92,241.88,58.29
2024-01-21,-16.6,-20.5,-11.3,10.8,13.3,91,0.0,0.0,85,970.6,,,0,6.08,9.3,3.95,6.9,255.17,61.75
2024-01-22,-16.0,-20.2,-10.8,11.1,14.2,120,0.0,0.0,68,966.0,,,1,13.1,19.34,5.82,11.25,287.62,77.92
2024-01-23,-13.0,-18.5,-6.9,11.6,14.5,135,0.0,0.0,68,961.9,,,1,14.42,22.52,5.62,12.19,309.71,84.12
2024-01-24,-8.9,-15.1,-3.2,10.0,14.2,165,0.6,0.42,83,959.2,,,0,15.22,24.88,5.08,9.6,310.21,82.17
2024-01-25,-1.3,-2.9,1.0,12.1,19.5,153,0.5,0.28,85,953.0,,,0,15.2,26.29,4.4,9.28,280.21,87.46
2024-01-26,-9.1,-12.4,-2.9,27.0,31.8,218,1.9,1.33,82,954.5,,,0,4.26,7.03,2.64,6.35,219.92,71.25
2024-01-27,-12.7,-15.4,-11.8,24.3,30.1,229,2.5,1.75,83,960.0,,,0,4.2,7.09,3.12,6.38,216.5,68.04
2024-01-28,-13.9,-15.7,-12.0,7.0,11.5,255,0.0,0.0,85,959.8,,,1,4.55,6.77,7.31,14.13,295.75,58.25
2024-01-29,-16.6,-20.1,-13.8,7.6,10.2,57,0.0,0.0,84,959.1,,,1,5.8,8.32,10.08,23.81,374.62,52.0
2024-01-30,-14.5,-21.5,-8.0,8.4,13.0,140,0.5,0.35,82,955.7,,,1,9.66,14.59,7.26,12.7,336.71,66.5
2024-01-31,-7.7,-10.9,-4.3,19.9,32.2,198,2.1,1.47,85,951.9,,,0,2.1,3.06,3.45,6.8,232.04,57.29
2024-02-01,-7.8,-10.0,-6.1,20.0,23.3,192,1.8,1.26,81,950.6,,,0,1.89,2.73,3.48,7.39,217.38,70.29
2024-02-02,-12.3,-15.0,-8.1,24.3,30.3,225,1.5,1.05,83,954.4,,,0,1.6,2.3,2.9,6.02,219.67,64.62
2024-02-03,-9.0,-12.8,-6.8,22.2,28.2,199,3.4,2.38,81,951.2,,,0,2.12,3.29,2.63,5.37,209.25,75.38
2024-02-04,-5.8,-7.2,-4.7,26.3,35.5,217,1.6,1.26,84,951.4,,,0,4.34,7.09,2.64,5.97,213.96,79.42
2024-02-05,-4.9,-8.7,-2.2,22.6,27.9,200,0.0,0.0,88,955.0,,,0,3.96,6.34,2.9,6.3,215.08,74.17
2024-02-06,-6.2,-9.7,-4.2,23.5,33.0,169,0.1,0.07,82,951.1,,,0,8.57,15.55,2.63,6.66,248.0,90.21
2024-02-07,-3.3,-6.0,0.5,38.0,52.0,183,6.2,4.41,78,941.2,,,0,10.82,20.1,2.02,5.63,220.17,92.21
2024-02-08,-5.0,-6.2,-0.5,39.6,53.1,215,1.2,0.84,87,946.7,,,0,1.32,2.15,1.9,4.39,175.75,71.42
2024-02-09,1.9,0.4,3.2,40.4,48.0,215,2.8,0.77,88,945.5,,,0,7.29,19.3,1.77,4.1,171.0,80.0
2024-02-10,-2.2,-7.4,3.2,26.0,44.2,244,10.0,6.09,89,944.7,,,0,5.02,10.0,2.42,5.68,192.54,83.58
2024-02-11,-13.7,-19.6,-7.8,16.3,20.2,276,0.0,0.0,83,951.4,,,0,2.07,3.0,3.43,7.55,261.54,73.25
2024-02-12,-19.3,-21.7,-15.2,16.0,21.1,242,0.0,0.0,83,964.5,,,0,5.2,7.74,4.15,6.89,294.29,70.67
2024-02-13,-15.4,-23.8,-8.4,15.0,27.6,180,0.0,0.0,75,963.0,,,0,8.27,12.5,4.5,9.31,295.67,85.62
2024-02-14,-4.2,-9.4,-0.2,28.9,39.8,238,9.9,6.79,85,950.7,,,0,6.58,10.8,2.5,5.31,204.5,78.17
2024-02-15,-19.6,-31.2,-10.7,21.8,25.1,20,0.5,0.35,78,950.8,,,0,1.67,2.41,2.43,4.2,242.17,67.79
2024-02-16,-31.5,-35.6,-27.3,16.2,20.5,305,0.0,0.0,73,963.4,,,0,2.41,3.45,3.73,6.2,250.71,67.92
2024-02-17,-30.2,-34.2,-25.1,10.0,14.9,237,0.0,0.0,79,972.9,,,0,8.1,11.62,8.05,16.89,348.67,66.67
2024-02-18,-29.2,-35.5,-22.1,9.6,18.1,69,0.0,0.0,80,966.5,,,1,11.96,17.2,10.91,31.57,472.75,70.12
2024-02-19,-27.5,-31.6,-22.4,18.4,21.7,81,0.0,0.0,77,968.5,,,0,3.12,4.55,3.96,10.98,270.42,64.33
2024-02-20,-26.6,-30.0,-21.4,21.3,25.0,99,0.0,0.0,70,970.5,,,0,4.4,6.4,2.64,5.8,271.46,73.79
2024-02-21,-25.8,-29.7,-18.6,17.7,22.5,106,0.0,0.0,69,966.6,,,0,9.72,14.1,4.7,9.52,319.04,75.21
2024-02-22,-22.5,-29.3,-14.1,15.9,18.1,115,0.0,0.0,64,963.2,,,0,9.84,14.55,4.66,11.52,319.08,87.29
2024-02-23,-16.1,-21.5,-11.7,10.8,15.7,68,0.6,0.42,81,960.6,,,0,15.85,25.64,4.84,12.8,313.21,89.58
2024-02-24,-20.5,-26.5,-15.8,7.7,15.0,40,0.0,0.0,83,966.9,,,1,10.53,18.21,9.34,28.31,373.0,67.54
2024-02-25,-20.8,-27.1,-14.1,11.7,16.6,234,0.0,0.0,80,969.2,,,0,10.07,16.27,7.48,19.07,367.79,76.21
2024-02-26,-14.9,-18.8,-10.3,11.6,15.9,234,0.0,0.0,84,967.4,,,0,13.09,19.7,5.57,12.51,286.54,80.67
2024-02-27,-9.6,-14.5,-6.0,13.7,18.8,231,0.8,0.56,91,969.1,,,0,9.12,13.43,4.45,8.68,254.92,81.38
2024-02-28,-5.6,-8.8,-3.5,9.6,12.2,246,0.0,0.0,93,968.4,,,0,7.42,11.18,6.03,12.05,254.79,86.62
2024-02-29,-6.2,-10.7,-2.9,5.5,10.0,250,0.0,0.0,93,966.7,,,1,5.53,8.07,10.13,22.43,330.38,80.29
2024-03-01,-7.4,-9.1,-5.7,8.3,13.5,244,0.0,0.0,95,960.5,,,1,2.18,3.16,7.42,18.22,293.83,83.29
2024-03-02,-8.0,-10.8,-5.6,16.3,26.1,344,0.8,0.56,85,957.1,,,0,1.14,1.63,2.32,5.28,210.0,87.67
2024-03-03,-8.3,-10.3,-6.7,15.0,23.1,351,0.0,0.0,85,961.7,,,0,1.51,2.19,4.08,12.37,209.12,81.79
2024-03-04,-9.6,-12.8,-7.4,23.7,30.1,238,0.0,0.0,87,960.4,,,0,1.68,2.48,2.75,8.94,207.33,90.46
2024-03-05,-7.7,-12.7,-2.9,22.5,28.3,216,0.0,0.0,84,959.1,,,0,13.2,20.75,2.55,7.92,225.5,84.88
2024-03-06,-8.0,-13.8,-3.0,18.0,21.3,213,0.0,0.0,89,954.4,,,0,19.18,29.78,3.31,7.8,253.29,81.67
2024-03-07,-8.3,-13.5,-4.4,17.6,21.8,230,0.0,0.0,92,951.7,,,0,9.56,15.03,3.6,7.94,245.17,76.67
2024-03-08,-5.1,-9.8,-0.8,9.8,15.8,176,0.0,0.0,91,953.6,,,0,10.94,17.12,7.64,22.57,269.12,74.46
2024-03-09,-0.3,-8.2,3.0,20.1,34.3,170,2.7,0.07,90,946.5,,,0,27.67,55.44,3.84,9.84,254.46,96.17
2024-03-10,-0.8,-3.1,2.2,26.8,36.2,233,1.4,0.63,92,949.4,,,0,3.24,6.45,2.65,5.9,188.96,81.88
2024-03-11,-4.3,-12.5,-1.3,18.2,29.7,246,0.7,0.49,86,955.5,,,0,8.24,13.28,4.66,12.05,236.25,79.08
2024-03-12,-6.2,-12.9,-2.9,14.2,17.6,7,1.5,1.05,89,950.1,,,0,4.12,6.47,4.68,11.3,257.17,73.08
2024-03-13,-7.3,-12.4,-4.5,23.1,33.7,233,1.5,1.05,83,953.7,,,0,2.9,4.35,3.13,6.33,239.21,82.46
2024-03-14,-11.0,-12.4,-9.6,18.1,22.4,256,0.3,0.21,86,962.1,,,0,1.88,2.67,2.8,7.62,268.29,84.12
2024-03-15,-8.4,-11.0,-6.0,24.1,29.8,235,1.3,0.91,85,966.5,,,0,1.99,2.88,2.65,6.42,232.92,88.0
2024-03-16,-6.4,-10.0,-3.8,24.0,31.1,229,0.2,0.14,90,966.8,,,0,6.35,9.83,2.57,6.29,201.38,88.58
2024-03-17,-8.8,-16.6,-1.0,9.7,18.1,205,0.0,0.0,89,964.7,,,1,19.95,30.66,6.64,15.56,288.75,86.12
2024-03-18,-5.7,-16.0,2.2,13.7,17.5,129,0.0,0.0,74,956.7,,,1,9.58,19.37,5.09,11.46,273.71,96.83
2024-03-19,-0.0,-2.5,1.6,17.2,22.8,229,0.1,0.07,88,952.6,,,0,10.83,23.77,2.85,6.58,211.0,81.29
2024-03-20,-0.5,-5.1,0.8,9.5,16.5,22,0.5,0.35,91,953.1,,,0,6.43,14.32,3.09,7.52,213.71,79.62
2024-03-21,-3.8,-8.2,1.9,15.4,19.1,53,0.0,0.0,81,952.3,,,0,8.85,16.72,4.47,14.39,255.04,79.71
2024-03-22,-5.6,-12.4,0.1,7.0,12.0,45,0.0,0.0,87,954.3,,,1,15.25,23.67,8.18,23.56,331.54,75.62
2024-03-23,-4.5,-13.0,3.0,8.1,11.9,128,0.0,0.0,83,952.6,,,1,23.62,35.52,10.91,25.15,425.67,87.75
2024-03-24,-1.3,-5.6,2.8,6.3,12.7,242,0.0,0.0,95,953.2,,,1,21.02,32.65,8.33,17.99,345.58,80.33
2024-03-25,0.3,-4.0,3.6,13.5,19.4,222,0.8,0.0,90,956.5,,,0,13.41,25.59,4.36,7.73,216.62,73.38
2024-03-26,2.7,-3.2,12.2,10.5,18.2,125,0.0,0.0,80,954.7,,,1,16.16,35.19,5.1,9.93,255.33,71.33
2024-03-27,3.6,-1.4,10.3,12.5,18.4,186,0.0,0.0,81,949.5,,,0,14.47,52.01,4.47,7.83,225.12,68.75
2024-03-28,4.1,-1.2,11.2,20.5,48.6,169,7.3,0.14,85,944.7,,,0,15.1,100.81,3.78,6.42,204.12,61.88
2024-03-29,4.5,0.3,10.4,28.0,37.8,215,7.8,1.54,79,944.5,,,0,14.47,81.73,2.03,5.04,178.58,79.5
2024-03-30,0.0,-3.5,3.2,25.6,34.0,242,2.3,1.47,79,947.9,,,0,3.45,6.36,2.26,5.81,187.17,67.38
2024-03-31,-0.2,-4.0,7.1,16.9,22.0,262,0.0,0.0,65,962.4,,,0,8.54,12.5,2.81,9.06,207.17,86.79
2024-04-01,1.5,-5.2,9.4,10.0,14.2,241,0.0,0.0,66,962.2,,,0,11.17,16.45,4.37,12.11,223.42,69.25
2024-04-02,2.4,-3.2,9.2,11.8,21.0,273,0.1,0.0,77,956.8,,,0,12.31,19.9,4.21,9.13,211.17,64.88
2024-04-03,1.9,-2.6,7.0,6.0,9.0,33,0.0,0.0,79,959.4,,,0,13.3,20.21,7.17,19.27,240.83,60.04
2024-04-04,4.4,-3.0,12.9,8.2,12.7,97,0.0,0.0,67,960.6,,,0,22.32,40.03,7.63,21.73,258.79,55.12
2024-04-05,7.1,-0.8,16.3,10.2,15.1,113,0.0,0.0,59,955.9,,,0,9.61,24.68,3.36,7.77,215.54,63.29
2024-04-06,7.8,-0.4,16.4,8.8,20.3,50,0.0,0.0,62,951.0,,,0,12.9,22.55,4.63,12.62,217.42,59.92
2024-04-07,6.6,-1.0,14.1,9.4,16.2,57,0.0,0.0,76,956.9,,,0,12.73,24.46,2.73,8.34,202.08,57.79
2024-04-08,7.4,2.8,11.0,13.6,22.5,186,8.5,0.0,82,950.7,,,0,15.69,27.5,3.44,7.83,179.75,65.04
2024-04-09,5.5,3.4,8.7,20.0,29.9,257,3.0,0.0,87,948.4,,,0,6.4,10.05,2.43,5.03,172.21,64.0
2024-04-10,7.2,2.3,12.2,18.7,28.7,267,1.1,0.0,77,950.2,,,0,7.35,12.53,2.43,5.21,177.83,66.08
2024-04-11,2.8,-0.1,4.8,15.3,21.5,328,0.6,0.0,75,952.9,,,0,3.53,5.24,2.25,5.25,183.75,57.67
2024-04-12,1.6,-5.3,8.5,10.2,19.2,239,0.0,0.0,64,955.5,,,0,7.99,11.65,3.15,8.41,177.38,71.04
2024-04-13,6.5,-0.3,13.7,18.1,24.6,223,0.0,0.0,53,948.6,,,0,8.59,12.39,2.97,7.8,171.17,75.08
2024-04-14,10.4,3.5,17.4,20.7,32.4,224,0.1,0.0,57,945.9,,,0,11.75,23.8,2.54,6.28,160.38,72.04
2024-04-15,8.9,3.4,14.3,10.0,15.6,349,0.3,0.0,80,949.7,,,0,10.69,17.05,3.23,8.3,165.5,53.38
2024-04-16,8.3,0.4,15.5,8.2,16.9,94,0.0,0.0,68,954.7,,,0,6.2,9.16,5.12,15.7,173.67,55.58
2024-04-17,11.0,6.4,16.3,17.8,32.2,237,0.2,0.0,66,954.7,,,0,8.45,16.32,2.91,6.05,166.92,65.17
2024-04-18,12.2,3.7,19.7,10.8,18.6,241,0.0,0.0,70,956.8,,,0,13.3,21.39,4.29,9.25,180.67,61.71
2024-04-19,14.5,5.3,22.5,11.4,19.8,335,0.0,0.0,73,955.9,,,0,8.63,20.57,2.2,5.58,157.08,62.92
2024-04-20,14.0,8.1,20.3,16.1,22.6,62,0.0,0.0,63,959.6,,,0,6.43,14.35,2.7,10.47,150.71,69.04
2024-04-21,13.4,5.1,21.8,16.5,24.0,65,0.0,0.0,52,961.6,,,0,3.73,12.11,1.63,3.32,159.04,69.38
2024-04-22,14.9,5.6,22.9,13.8,23.8,49,0.5,0.0,59,958.4,,,0,8.24,22.0,2.77,9.25,168.5,63.58
2024-04-23,12.3,5.7,18.3,13.0,15.6,62,0.0,0.0,42,956.5,,,0,2.69,4.01,3.39,12.08,159.0,71.5
2024-04-24,8.9,3.8,15.2,19.8,28.2,61,0.0,0.0,53,952.7,,,0,5.9,10.71,3.63,17.55,159.83,60.5
2024-04-25,4.5,-1.1,9.5,27.0,32.9,76,0.0,0.0,44,956.4,,,0,5.4,7.65,1.06,3.53,160.33,72.17
2024-04-26,5.3,-1.0,10.2,18.4,22.5,78,0.0,0.0,43,962.2,,,0,7.69,11.24,1.15,2.37,163.67,71.75
2024-04-27,6.5,0.1,12.4,17.2,25.7,51,0.0,0.0,36,962.9,,,0,7.03,10.14,2.32,8.55,167.17,76.58
2024-04-28,7.6,-2.5,14.9,7.8,11.1,338,0.0,0.0,50,960.9,,,0,11.36,16.32,4.23,17.59,175.12,71.75
2024-04-29,13.2,6.0,20.2,18.6,28.8,255,1.1,0.0,53,955.4,,,0,12.58,27.2,2.27,6.13,166.5,70.04
2024-04-30,12.2,7.4,20.1,14.5,27.9,43,1.3,0.0,76,950.2,,,0,14.43,28.46,2.88,7.27,166.58,52.62
2024-05-01,6.2,1.6,10.4,18.7,31.7,328,3.1,0.0,67,945.9,,,0,7.98,13.88,2.99,8.39,156.04,71.92
2024-05-02,10.2,3.7,16.6,27.0,34.7,230,0.1,0.0,45,945.3,,,0,4.73,7.3,1.79,4.44,154.92,81.17
2024-05-03,9.2,2.2,15.4,8.4,18.1,276,0.6,0.0,73,941.8,,,0,7.67,11.43,4.48,14.37,169.33,67.75
2024-05-04,14.0,7.4,19.9,17.8,23.4,218,6.3,0.0,61,937.7,,,0,11.48,25.78,2.0,4.78,148.88,76.21
2024-05-05,8.4,5.1,10.0,10.5,18.0,2,12.7,0.0,84,941.1,,,0,15.41,29.82,3.49,6.22,168.96,57.5
2024-05-06,5.8,-1.2,11.3,6.3,18.2,46,0.0,0.0,62,956.8,,,0,10.43,14.99,3.92,13.26,166.67,72.42
2024-05-07,11.8,6.1,18.7,13.8,24.9,175,2.9,0.0,70,955.1,,,0,12.82,19.55,3.69,8.0,165.46,60.17
2024-05-08,14.1,5.7,21.2,14.3,22.9,87,0.0,0.0,70,956.5,,,0,9.35,16.34,2.21,5.26,155.54,66.54
2024-05-09,19.2,13.3,26.0,15.4,24.9,163,0.0,0.0,50,948.5,,,0,5.99,10.0,2.31,6.04,145.33,77.04
2024-05-10,15.0,10.8,18.7,12.9,20.9,309,2.5,0.0,71,950.2,,,0,9.17,14.77,1.96,5.02,152.38,70.54
2024-05-11,11.6,7.8,16.0,12.1,16.7,8,0.0,0.0,59,956.2,,,0,6.89,9.98,2.5,10.96,153.38,68.42
2024-05-12,12.5,3.2,19.0,6.3,10.6,88,0.0,0.0,49,959.2,,,0,7.39,10.77,3.23,10.25,169.88,85.38
2024-05-13,16.3,7.7,23.2,14.6,19.6,172,0.0,0.0,45,952.6,,,0,5.47,8.45,2.36,5.86,152.25,81.42
2024-05-14,17.9,14.8,25.4,19.8,32.4,203,4.3,0.0,63,947.3,,,0,12.96,32.71,2.24,4.61,150.88,79.88
2024-05-15,11.8,7.4,14.9,20.2,31.2,43,9.7,0.0,82,950.0,,,0,9.78,20.74,3.78,12.03,149.88,59.88
2024-05-16,11.3,7.3,16.3,19.9,22.7,69,0.0,0.0,61,955.9,,,0,6.15,10.04,2.5,9.5,144.33,70.38
2024-05-17,14.5,6.3,21.0,6.5,16.1,13,0.0,0.0,60,952.3,,,0,10.74,18.32,3.84,12.1,182.29,75.21
2024-05-18,17.6,10.7,25.4,12.3,21.4,147,6.4,0.0,65,944.8,,,0,13.72,27.03,3.26,7.87,163.04,78.38
2024-05-19,15.3,12.2,18.9,21.8,30.8,220,10.3,0.0,78,943.9,,,0,12.12,18.8,2.25,5.37,145.29,73.67
2024-05-20,12.5,7.9,15.9,24.1,32.4,225,3.8,0.0,69,948.5,,,0,9.03,14.8,1.71,4.14,149.92,69.38
2024-05-21,11.8,7.4,16.4,18.0,32.1,248,0.1,0.0,67,952.6,,,0,8.76,12.88,2.0,4.58,145.62,67.71
2024-05-22,12.3,6.5,17.5,13.0,18.6,244,0.5,0.0,68,954.8,,,0,8.25,11.92,2.19,5.31,144.17,66.12
2024-05-23,14.8,7.3,20.2,13.0,19.0,239,0.2,0.0,60,953.6,,,0,6.05,8.72,2.21,4.73,143.21,73.38
2024-05-24,14.8,10.1,20.8,12.7,30.6,62,3.3,0.0,65,949.0,,,0,10.57,15.84,3.33,8.53,149.67,68.08
2024-05-25,10.0,5.6,14.8,22.2,28.3,61,9.8,0.0,79,946.2,,,0,6.87,10.15,2.45,8.17,140.17,59.38
2024-05-26,6.8,4.7,10.4,24.5,34.5,235,8.8,0.21,81,944.9,,,0,3.65,5.6,2.28,5.02,139.92,61.83
2024-05-27,13.0,6.0,19.9,22.0,30.0,267,9.5,0.0,75,948.8,,,0,5.58,8.08,1.57,3.86,140.25,73.33
2024-05-28,7.1,4.1,11.0,18.1,24.6,319,0.8,0.0,64,954.8,,,0,4.9,7.05,1.28,3.31,137.67,67.12
2024-05-29,12.5,4.7,19.4,20.8,29.4,245,0.0,0.0,61,953.8,,,0,4.04,5.77,1.78,4.04,142.0,68.71
2024-05-30,15.6,8.3,21.3,18.9,31.7,248,0.0,0.0,58,952.1,,,0,3.57,5.14,1.7,3.55,143.25,69.25
2024-05-31,11.4,6.9,15.4,12.2,22.2,24,0.0,0.0,70,957.1,,,0,7.52,11.04,2.68,11.44,139.42,69.25
2024-06-01,12.6,5.1,18.5,7.8,11.3,325,0.0,0.0,65,954.1,,,0,8.66,12.62,2.58,9.68,150.12,69.71
2024-06-02,12.0,7.6,15.6,13.0,26.5,5,5.7,0.0,69,950.2,,,0,8.07,11.57,2.88,7.36,155.54,72.83
2024-06-03,13.1,5.2,18.8,9.8,14.2,304,0.0,0.0,62,956.5,,,0,9.41,13.77,2.44,7.65,145.75,77.75
2024-06-04,16.6,8.9,23.1,13.9,22.5,263,0.0,0.0,57,955.6,,,0,5.38,9.23,2.31,4.98,143.92,73.88
2024-06-05,18.6,9.9,24.5,8.2,11.9,228,0.0,0.0,64,953.6,,,0,9.62,21.65,3.89,9.47,173.12,74.54
2024-06-06,19.6,14.3,24.6,15.2,23.1,233,1.9,0.0,61,948.4,,,0,10.54,18.63,2.46,5.41,162.79,73.29
2024-06-07,19.5,14.4,23.9,15.7,27.2,234,2.4,0.0,72,944.5,,,0,8.23,13.06,2.18,5.35,155.42,74.17
2024-06-08,20.2,15.1,25.5,14.1,24.3,259,0.4,0.0,72,944.2,,,0,10.67,19.07,2.2,5.01,157.17,68.62
2024-06-09,22.8,14.5,30.4,14.2,27.7,205,0.3,0.0,58,945.7,,,0,9.51,31.83,2.98,6.64,157.62,63.42
2024-06-10,22.4,17.6,27.6,15.0,25.7,234,4.5,0.0,60,945.4,,,0,8.59,15.4,2.12,5.08,147.5,74.79
2024-06-11,18.6,14.9,22.1,16.7,26.7,321,0.9,0.0,72,948.8,,,0,8.87,12.31,1.89,4.45,139.88,63.29
2024-06-12,14.4,12.1,17.4,17.3,28.2,334,7.3,0.0,80,951.5,,,0,8.93,12.81,1.55,3.02,135.75,60.25
2024-06-13,16.6,12.6,21.2,15.1,20.6,24,2.6,0.0,77,950.9,,,0,6.79,9.92,2.14,8.41,144.17,60.79
2024-06-14,18.3,13.0,22.9,11.8,19.3,30,2.2,0.0,76,949.9,,,0,9.69,14.1,2.23,8.9,145.17,67.21
2024-06-15,18.8,12.8,24.5,12.0,22.7,28,4.3,0.0,79,950.1,,,0,10.0,14.53,2.11,9.69,153.04,74.96
2024-06-16,20.9,15.4,26.0,9.4,14.8,7,0.6,0.0,72,951.0,,,0,9.85,14.52,1.87,4.2,150.12,62.0
2024-06-17,20.8,15.2,26.2,7.6,21.2,328,3.5,0.0,80,950.2,,,0,15.43,24.11,2.35,6.16,161.04,71.04
2024-06-18,20.2,14.5,24.6,16.0,27.5,13,1.7,0.0,73,951.3,,,0,9.61,14.71,1.5,2.97,150.12,61.0
2024-06-19,16.7,11.3,21.4,10.8,14.4,47,0.0,0.0,62,954.6,,,0,8.89,13.1,1.81,5.79,138.42,73.5
2024-06-20,20.0,10.8,26.9,10.8,18.2,197,0.0,0.0,54,948.2,,,0,5.13,7.46,2.84,7.03,136.5,74.04
2024-06-21,23.0,15.9,30.3,13.6,22.2,228,0.0,0.0,44,941.5,,,0,5.08,8.73,2.21,5.49,133.17,74.08
2024-06-22,22.2,14.9,27.5,8.4,10.5,314,0.0,0.0,60,942.5,,,0,7.25,10.74,2.97,7.93,156.17,74.71
2024-06-23,24.5,15.6,31.8,12.2,23.2,130,0.0,0.0,53,943.3,,,0,5.57,9.2,2.93,6.67,160.92,78.29
2024-06-24,24.4,19.4,30.2,13.6,26.2,222,0.1,0.0,49,943.0,,,0,10.15,33.51,2.6,5.52,140.0,74.46
2024-06-25,22.5,17.1,27.7,13.6,23.8,228,0.4,0.0,45,944.5,,,0,9.1,27.09,2.76,5.72,137.54,74.25
2024-06-26,23.5,13.8,30.8,9.5,15.5,162,0.0,0.0,46,945.2,,,0,3.79,5.8,3.29,7.52,141.38,73.75
2024-06-27,25.2,17.4,31.9,8.3,20.7,51,0.0,0.0,47,946.2,,,0,6.11,14.46,2.81,8.82,151.62,77.92
2024-06-28,28.0,20.4,36.2,15.9,20.4,114,0.0,0.0,45,942.9,,,0,6.16,12.72,3.32,12.58,137.54,78.38
2024-06-29,22.6,18.6,26.5,12.9,18.9,252,0.0,0.0,47,942.3,,,0,8.27,13.4,2.07,5.19,129.54,83.92
2024-06-30,22.0,14.5,29.0,13.8,23.8,206,0.8,0.0,42,939.9,,,0,7.18,23.25,2.64,4.83,134.75,80.38
2024-07-01,18.9,15.0,22.8,15.3,25.4,230,1.1,0.0,52,936.9,110.0,1404,0,11.56,24.5,2.48,5.48,138.0,66.75
2024-07-02,15.8,12.1,19.8,12.1,17.3,235,7.7,0.0,69,937.8,150.0,858,0,8.37,11.89,2.69,6.52,131.58,46.54
2024-07-03,16.8,12.6,22.7,13.4,25.3,267,12.4,0.0,78,941.3,160.0,565,0,8.46,13.14,2.37,4.97,137.21,55.08
2024-07-04,16.8,12.5,20.5,16.7,28.6,340,3.8,0.0,80,944.3,330.0,692,0,7.33,10.47,1.43,3.0,129.25,51.25
2024-07-05,17.9,14.7,22.6,15.2,20.8,354,0.7,0.0,75,944.0,20.0,719,0,9.55,14.44,1.33,3.03,133.62,57.71
2024-07-06,16.2,15.1,18.5,12.2,21.6,94,28.2,0.0,89,939.8,35.0,365,0,11.35,16.56,3.51,7.6,142.04,51.67
2024-07-07,17.3,14.0,21.8,16.8,21.3,57,8.5,0.0,85,938.9,270.0,444,0,5.38,7.62,1.54,3.47,134.62,53.5
2024-07-08,18.3,15.9,22.0,16.5,22.7,21,5.3,0.0,86,942.5,345.0,594,0,5.49,7.71,2.31,7.73,134.75,60.08
2024-07-09,18.9,15.1,23.4,15.8,20.9,25,0.0,0.0,71,949.3,235.0,836,0,7.11,10.29,1.47,5.75,119.88,57.08
2024-07-10,18.3,12.4,22.7,8.3,11.1,37,1.4,0.0,72,953.4,60.0,608,0,8.6,12.84,1.93,6.15,135.96,62.21
2024-07-11,19.8,13.5,25.4,7.1,11.0,88,0.0,0.0,62,951.3,70.0,827,0,8.4,12.45,2.18,9.76,127.17,76.0
2024-07-12,21.5,14.9,27.6,12.8,18.5,113,0.0,0.0,52,944.4,95.0,969,0,5.96,8.91,1.85,4.17,123.75,66.96
2024-07-13,21.9,16.5,28.7,14.4,18.4,104,0.5,0.0,59,940.9,40.0,643,0,7.3,11.05,2.51,5.74,132.67,63.12
2024-07-14,21.3,16.9,27.4,11.0,19.1,102,16.0,0.0,74,942.2,45.0,394,0,13.53,23.36,4.7,12.65,159.38,71.67
2024-07-15,22.9,17.3,28.8,11.2,20.2,92,2.0,0.0,69,943.0,75.0,695,0,7.76,13.26,2.19,4.48,147.75,73.33
2024-07-16,21.1,16.2,25.7,9.2,18.4,186,5.1,0.0,69,943.0,60.0,550,0,13.93,45.81,3.17,7.52,144.29,73.04
2024-07-17,19.6,15.6,23.5,9.9,13.2,205,0.8,0.0,74,941.4,80.0,598,0,13.59,25.08,3.72,8.79,141.5,67.67
2024-07-18,18.4,15.1,22.7,10.2,17.9,280,4.6,0.0,85,940.1,70.0,454,0,14.15,23.49,3.49,6.89,147.62,62.42
2024-07-19,18.6,13.8,23.2,5.6,8.3,291,0.7,0.0,82,940.2,30.0,473,0,13.11,18.76,3.48,9.93,160.33,60.62
2024-07-20,19.2,14.2,24.5,5.3,11.3,228,1.9,0.0,78,940.6,15.0,610,0,11.67,16.69,3.73,8.99,163.5,66.17
2024-07-21,20.1,13.5,25.3,10.0,18.9,289,0.2,0.0,72,943.6,25.0,651,0,8.88,12.95,2.87,6.84,160.04,59.92
2024-07-22,21.2,15.2,25.6,4.7,8.7,352,0.0,0.0,72,946.6,10.0,550,0,9.28,13.56,3.33,9.69,168.42,60.46
2024-07-23,23.4,16.6,28.9,7.8,13.0,188,0.0,0.0,61,944.0,35.0,798,0,10.7,16.12,3.02,7.89,159.38,67.04
2024-07-24,23.1,17.6,28.0,9.7,16.5,226,2.7,0.0,67,940.6,35.0,629,0,12.11,18.01,3.03,7.65,171.29,64.62
2024-07-25,23.1,18.1,29.3,13.1,16.9,63,0.0,0.0,72,941.0,105.0,648,0,10.72,15.68,2.19,7.52,162.67,63.58
2024-07-26,26.0,20.5,31.0,21.3,30.8,185,0.1,0.0,47,939.2,235.0,914,0,7.16,13.17,2.04,4.49,148.21,72.46
2024-07-27,21.5,14.4,26.6,9.2,13.5,246,0.0,0.0,52,944.4,15.0,832,0,5.89,8.95,3.07,7.5,151.67,72.92
2024-07-28,21.5,17.3,26.3,12.0,23.9,275,0.0,0.0,49,944.9,15.0,831,0,8.45,12.59,3.1,6.98,151.25,66.21
2024-07-29,19.5,12.9,25.7,8.3,17.0,314,0.0,0.0,53,946.5,20.0,914,0,7.38,10.67,2.26,5.25,142.0,63.0
2024-07-30,21.0,13.1,26.9,10.2,15.4,239,0.0,0.0,48,947.2,40.0,775,0,6.73,9.89,2.52,6.28,152.71,67.12
2024-07-31,23.6,16.1,29.8,10.2,14.1,269,0.0,0.0,47,949.6,55.0,886,0,7.6,11.25,2.94,6.06,172.12,65.46
2024-08-01,26.1,18.7,32.4,11.1,17.7,126,0.0,0.0,45,946.5,50.0,1031,0,6.44,9.55,1.97,4.78,157.71,69.54
2024-08-02,26.1,21.7,32.0,13.9,29.2,134,2.6,0.0,42,939.4,55.0,805,0,6.96,10.79,2.73,7.76,163.5,79.54
2024-08-03,22.0,16.7,26.8,14.2,22.4,316,0.6,0.0,58,941.9,15.0,789,0,9.06,14.65,2.85,6.55,167.92,78.46
2024-08-04,21.3,15.4,28.7,11.9,30.8,211,0.1,0.0,53,944.4,30.0,649,0,6.99,10.35,3.16,6.78,169.46,70.17
2024-08-05,20.5,14.0,26.1,12.2,20.4,283,0.2,0.0,58,945.8,15.0,946,0,6.88,10.02,2.45,4.77,173.58,67.0
2024-08-06,21.6,13.9,27.6,8.1,12.9,279,0.0,0.0,57,947.4,10.0,798,0,7.93,11.41,3.6,7.45,188.42,69.29
2024-08-07,23.4,16.5,31.0,11.8,27.8,224,0.4,0.0,51,945.3,25.0,906,0,6.86,10.72,2.73,5.51,173.25,72.42
2024-08-08,22.5,15.3,29.5,8.5,20.2,227,3.2,0.0,65,943.5,15.0,641,0,11.2,21.11,4.6,12.05,198.79,74.75
2024-08-09,20.5,16.7,24.7,10.0,20.0,193,26.6,0.0,81,939.1,45.0,343,0,24.43,75.43,3.6,7.62,166.12,71.83
2024-08-10,16.8,14.2,19.7,15.2,24.8,346,1.7,0.0,76,943.3,215.0,554,0,6.47,10.49,1.78,4.13,150.04,50.0
2024-08-11,17.0,13.3,20.9,7.9,13.3,60,0.7,0.0,61,947.4,215.0,734,0,10.59,15.2,2.37,6.03,156.33,61.25
2024-08-12,19.8,14.3,25.7,14.6,23.1,207,2.5,0.0,62,944.2,20.0,812,0,7.61,10.9,2.51,5.7,164.83,61.17
2024-08-13,21.8,12.2,28.4,13.9,27.4,196,0.0,0.0,53,946.2,15.0,867,0,9.56,13.79,3.96,8.0,182.88,64.62
2024-08-14,21.9,15.7,27.7,13.4,26.5,265,0.0,0.0,52,946.1,125.0,700,0,6.75,11.62,2.77,8.19,169.42,71.42
2024-08-15,20.3,12.7,28.6,13.3,32.8,207,4.0,0.0,57,945.4,35.0,864,0,5.82,9.57,3.77,7.67,186.33,68.88
2024-08-16,17.0,11.4,23.3,14.2,31.1,237,5.4,0.0,74,943.7,75.0,714,0,7.81,12.91,2.77,5.91,172.21,71.25
2024-08-17,17.4,10.7,23.1,12.1,22.7,215,0.1,0.0,61,944.7,65.0,958,0,11.15,17.93,3.0,5.5,170.96,69.5
2024-08-18,16.7,12.1,21.4,16.4,26.8,233,0.0,0.0,62,945.9,125.0,877,0,10.52,16.69,2.42,4.99,177.46,70.58
2024-08-19,17.2,12.0,22.7,16.4,25.6,240,0.5,0.0,63,948.6,70.0,852,0,8.86,12.86,2.45,4.73,180.92,55.46
2024-08-20,17.4,13.6,21.9,18.2,34.2,234,1.6,0.0,67,945.5,80.0,571,0,9.85,14.65,2.66,4.96,168.96,60.46
2024-08-21,16.6,11.4,21.5,7.9,12.7,346,0.1,0.0,71,947.1,40.0,578,0,7.65,11.01,3.25,7.23,182.54,60.08
2024-08-22,18.3,10.8,24.6,10.7,19.1,208,0.7,0.0,59,945.5,15.0,879,0,9.38,13.6,4.38,8.25,184.71,63.25
2024-08-23,18.3,13.9,23.3,15.2,30.8,247,0.0,0.0,59,941.3,125.0,1004,0,8.63,12.76,2.92,6.1,185.88,65.29
2024-08-24,14.2,10.9,18.0,15.8,26.7,255,4.0,0.0,76,942.3,75.0,588,0,8.88,12.68,2.76,5.48,195.54,52.0
2024-08-25,12.4,9.3,16.4,19.2,26.7,270,1.2,0.0,75,948.8,165.0,716,0,7.39,10.6,2.31,4.55,216.54,59.46
2024-08-26,13.2,8.5,17.3,12.4,20.3,265,0.4,0.0,69,952.2,35.0,433,0,10.83,15.62,3.02,6.02,182.38,53.58
2024-08-27,13.8,8.0,18.6,10.9,17.4,38,0.3,0.0,73,952.4,30.0,553,0,7.59,10.88,2.37,5.06,180.58,55.67
2024-08-28,15.2,9.7,20.9,16.2,19.4,46,0.0,0.0,61,954.6,175.0,871,0,7.46,10.82,2.75,15.09,168.58,62.46
2024-08-29,15.6,8.8,21.5,7.9,13.9,323,0.0,0.0,62,954.5,45.0,617,0,8.14,11.78,3.81,16.09,184.42,56.0
2024-08-30,17.5,12.5,23.5,13.7,19.5,277,0.1,0.0,58,953.2,45.0,558,0,6.03,8.79,3.0,7.36,190.58,66.71
2024-08-31,15.0,11.2,18.7,12.9,21.4,355,0.6,0.0,72,952.1,40.0,624,0,8.06,11.78,2.28,6.28,195.67,53.58
2024-09-01,10.1,7.8,12.9,19.3,27.6,335,0.8,0.0,73,955.5,250.0,865,0,5.95,8.5,1.28,3.16,179.21,49.25
2024-09-02,9.9,4.9,14.2,16.1,20.5,311,0.3,0.0,63,961.9,330.0,891,0,8.28,12.0,1.77,4.22,191.0,55.33
2024-09-03,14.7,8.4,21.2,20.8,30.1,250,0.0,0.0,49,956.4,245.0,875,0,3.85,5.62,1.82,4.47,196.5,60.79
2024-09-04,14.5,9.9,22.2,16.1,26.5,271,4.4,0.0,58,948.0,175.0,725,0,6.01,8.72,2.07,5.29,194.33,51.67
2024-09-05,9.2,6.2,13.1,16.7,27.2,321,1.3,0.0,80,947.2,235.0,685,0,4.01,5.69,1.82,4.15,195.17,44.79
2024-09-06,7.8,4.8,10.7,15.1,21.1,305,1.5,0.0,79,950.0,220.0,704,0,6.86,9.82,2.44,5.53,188.79,46.92
2024-09-07,10.0,5.7,14.0,16.1,25.2,269,0.8,0.0,70,954.5,135.0,751,0,13.15,19.32,2.9,6.3,186.08,49.71
2024-09-08,12.9,7.8,18.6,9.2,14.4,229,0.0,0.0,52,957.5,45.0,799,0,7.2,10.45,3.46,7.24,196.12,52.92
2024-09-09,12.6,5.7,19.0,8.6,17.1,25,0.0,0.0,64,958.6,35.0,612,0,10.45,15.17,3.68,7.88,204.58,49.5
2024-09-10,13.9,6.4,20.5,8.3,16.1,38,0.0,0.0,65,959.5,30.0,545,0,9.35,13.63,3.42,6.12,202.58,51.83
2024-09-11,14.3,8.6,20.3,15.8,27.8,58,0.0,0.0,67,960.8,50.0,594,0,8.31,12.09,3.52,12.45,189.58,51.54
2024-09-12,11.2,7.5,14.7,21.5,27.2,45,0.0,0.0,63,962.8,295.0,808,0,4.05,6.03,2.79,10.88,178.33,54.17
2024-09-13,10.3,5.2,14.8,15.4,25.8,23,0.3,0.0,74,959.5,165.0,613,0,12.74,21.0,1.75,4.14,194.92,55.42
2024-09-14,13.0,7.5,19.0,13.2,23.2,25,0.3,0.0,72,958.5,80.0,579,0,5.28,7.89,1.8,3.88,174.58,59.71
2024-09-15,12.5,5.6,17.8,12.4,18.5,29,0.0,0.0,71,956.7,50.0,611,0,5.65,8.64,2.16,6.15,165.29,58.88
2024-09-16,8.7,4.3,11.8,26.9,32.8,54,0.0,0.0,64,959.9,500.0,878,0,4.01,5.81,2.45,9.6,184.62,53.25
2024-09-17,6.9,1.7,11.6,24.9,34.8,60,0.0,0.0,52,965.3,505.0,945,0,3.05,4.39,2.04,7.33,167.33,51.08
2024-09-18,8.5,1.4,14.8,18.0,23.2,73,0.0,0.0,49,965.5,200.0,585,0,1.41,2.02,1.82,4.77,166.12,44.21
2024-09-19,11.3,3.4,18.1,17.4,20.5,89,0.0,0.0,45,958.6,175.0,497,0,3.1,4.48,1.55,3.05,168.33,49.12
2024-09-20,13.5,7.5,20.5,14.6,29.6,216,0.0,0.0,47,950.7,55.0,681,0,9.53,15.99,3.15,6.9,181.17,56.79
2024-09-21,12.7,5.3,19.7,10.5,16.4,238,0.0,0.0,54,953.0,30.0,455,0,7.62,11.5,5.0,10.5,202.38,55.42
2024-09-22,13.8,6.2,20.8,14.3,23.5,229,0.0,0.0,38,949.8,35.0,684,0,5.58,8.33,4.42,8.46,195.88,53.92
2024-09-23,13.4,7.8,19.2,18.5,30.8,255,0.0,0.0,52,950.8,90.0,759,0,4.73,7.4,2.32,4.85,165.04,54.46
2024-09-24,8.2,2.7,13.6,10.2,15.8,323,0.0,0.0,57,955.5,25.0,587,0,4.72,7.49,3.78,8.3,185.04,54.29
2024-09-25,6.7,1.0,11.9,11.3,16.3,39,0.0,0.0,54,956.7,80.0,491,0,3.6,5.37,2.55,5.8,167.46,47.88
2024-09-26,4.6,-1.2,9.1,12.2,18.3,5,0.0,0.0,60,957.3,45.0,743,0,5.09,8.0,2.25,4.1,173.42,47.5
2024-09-27,3.7,-1.9,8.1,10.9,21.1,300,0.0,0.0,61,963.9,40.0,406,0,5.17,8.14,3.52,7.51,187.75,50.12
2024-09-28,9.3,6.1,15.0,10.7,16.7,235,0.5,0.0,64,966.5,20.0,464,0,10.24,16.0,3.9,8.24,188.58,54.08
2024-09-29,10.3,2.5,17.7,6.0,10.3,147,0.0,0.0,70,968.6,10.0,309,1,14.61,21.7,8.18,23.22,250.92,49.33
2024-09-30,11.9,4.2,20.0,8.3,14.5,63,0.0,0.0,56,965.3,15.0,272,0,11.98,17.43,4.93,10.95,212.67,53.83
2024-10-01,14.5,6.3,22.7,14.8,23.8,76,0.0,0.0,38,957.1,65.0,315,0,5.0,7.33,2.35,6.69,148.46,59.88
2024-10-02,12.3,7.4,16.5,19.6,28.8,54,0.1,0.0,42,952.8,125.0,528,0,4.55,7.63,5.89,30.31,153.08,46.46
2024-10-03,7.2,2.5,12.1,21.8,25.0,60,0.0,0.0,41,961.3,360.0,632,0,1.97,3.01,4.85,16.98,161.5,51.54
2024-10-04,8.4,0.9,15.7,16.9,20.5,91,0.0,0.0,43,963.0,190.0,434,0,2.02,3.84,3.17,8.02,161.08,51.0
2024-10-05,10.4,2.3,17.0,11.4,16.2,101,0.0,0.0,36,956.1,70.0,281,0,3.17,6.23,2.83,5.85,163.92,50.67
2024-10-06,12.4,6.4,18.6,12.8,21.8,238,0.0,0.0,38,950.8,50.0,449,0,6.14,9.56,4.13,8.92,189.29,49.67
2024-10-07,9.4,2.1,16.6,10.9,20.7,281,0.0,0.0,51,958.1,30.0,445,0,8.18,14.05,3.92,7.99,195.17,49.88
2024-10-08,9.4,1.2,16.6,8.7,13.2,214,0.0,0.0,62,962.3,20.0,279,0,13.37,20.81,7.73,17.6,247.12,45.62
2024-10-09,12.4,5.0,20.1,10.2,16.1,229,0.0,0.0,48,955.1,25.0,314,0,11.42,18.5,7.45,15.14,224.96,47.17
2024-10-10,13.1,5.5,21.2,11.9,19.0,153,0.0,0.0,42,945.9,30.0,438,0,9.86,15.7,6.13,12.8,207.79,49.67
2024-10-11,11.3,8.1,14.1,15.8,21.4,204,11.6,0.0,78,937.9,135.0,486,0,11.27,22.14,4.28,8.68,174.08,55.25
2024-10-12,2.3,-2.2,8.5,22.4,28.2,49,4.9,0.77,84,948.5,165.0,468,0,3.36,5.05,6.47,18.36,165.75,39.21
2024-10-13,-1.5,-3.5,1.8,27.2,29.7,65,0.0,0.0,64,959.9,575.0,702,0,3.56,5.18,2.72,9.84,164.62,53.71
2024-10-14,-1.4,-4.5,3.8,22.8,27.1,74,0.0,0.0,61,958.4,265.0,505,0,2.55,3.68,1.53,3.83,162.5,55.67
2024-10-15,1.4,-2.6,5.8,13.7,17.8,66,0.0,0.0,64,956.9,160.0,297,0,8.89,13.86,2.02,4.14,168.29,46.08
2024-10-16,1.5,-2.1,7.2,15.7,17.8,52,0.0,0.0,69,959.7,125.0,317,0,8.0,12.15,4.12,12.44,167.92,45.58
2024-10-17,1.4,-3.5,7.6,9.4,12.0,65,0.0,0.0,64,965.1,60.0,250,0,7.77,11.92,6.7,25.51,196.29,47.21
2024-10-18,1.4,-4.8,8.0,6.9,10.8,78,0.0,0.0,68,964.8,30.0,190,1,6.53,9.54,8.88,29.72,242.83,39.0
2024-10-19,3.2,-2.3,9.0,6.6,10.6,60,0.0,0.0,70,962.3,20.0,144,0,7.48,11.14,12.81,38.3,275.25,34.42
2024-10-20,3.8,-3.2,10.2,6.3,10.0,135,0.0,0.0,64,958.9,10.0,135,1,10.96,15.83,17.44,32.96,325.67,36.38
2024-10-21,5.7,1.4,11.9,8.7,17.4,187,2.9,0.07,57,951.2,40.0,161,0,8.56,13.15,8.43,14.46,239.38,42.38
2024-10-22,5.9,3.1,9.9,14.0,20.8,232,0.0,0.0,76,948.8,130.0,412,0,10.78,17.94,4.61,9.58,182.04,44.0
2024-10-23,4.8,3.3,5.7,22.7,28.7,235,1.7,0.0,84,949.3,535.0,839,0,7.63,12.06,3.23,6.89,169.62,38.62
2024-10-24,4.2,3.4,5.1,25.8,29.6,231,3.9,0.0,88,951.2,790.0,943,0,2.53,3.82,2.85,6.42,173.71,44.83
2024-10-25,7.0,4.3,9.5,24.2,34.8,226,2.0,0.0,83,952.6,110.0,838,0,7.36,16.53,3.25,6.81,161.25,48.12
2024-10-26,6.1,2.5,8.9,12.0,22.8,210,0.9,0.0,87,953.4,45.0,384,0,10.07,21.18,5.42,10.44,250.54,37.92
2024-10-27,5.0,0.3,7.1,12.4,24.7,199,4.4,0.0,92,952.7,45.0,422,0,7.16,11.53,4.84,9.87,276.21,43.25
2024-10-28,2.3,0.3,7.0,30.4,44.4,241,8.7,0.56,93,945.7,600.0,1012,0,1.41,2.1,2.33,5.09,178.08,48.21
2024-10-29,0.9,-0.8,2.8,14.0,19.9,255,0.6,0.42,81,957.5,95.0,581,0,3.5,5.12,4.12,9.4,284.83,45.92
2024-10-30,0.7,-3.0,4.2,13.8,19.9,203,1.6,0.56,82,959.1,75.0,562,0,6.48,9.49,4.36,9.83,212.29,44.29
2024-10-31,2.3,-0.6,4.9,15.5,23.0,192,3.9,0.21,89,956.2,225.0,528,0,1.57,2.57,4.14,9.36,210.62,43.71
2024-11-01,1.7,-1.8,4.2,17.2,23.7,240,1.2,0.0,85,956.1,180.0,548,0,3.44,5.18,4.71,9.59,213.58,43.42
2024-11-02,3.8,-0.1,6.3,25.2,44.3,220,1.6,0.0,77,951.8,455.0,900,0,5.14,8.37,2.69,6.15,179.62,58.46
2024-11-03,8.7,2.8,13.0,27.5,33.3,206,0.1,0.0,73,951.5,585.0,813,0,6.67,14.17,2.48,6.15,175.83,63.75
2024-11-04,8.0,-1.1,13.8,25.5,35.3,220,0.4,0.0,65,945.0,420.0,726,0,8.2,16.33,2.7,8.62,190.12,70.92
2024-11-05,-1.4,-5.1,3.1,9.7,16.1,80,0.0,0.0,78,953.0,75.0,321,0,7.12,11.92,4.23,11.08,291.38,54.5
2024-11-06,3.9,-2.9,10.7,34.1,47.5,214,3.1,0.35,73,942.7,130.0,1290,0,5.25,9.77,2.4,5.06,175.21,56.88
2024-11-07,-3.9,-4.6,-2.9,46.4,57.7,234,2.7,1.96,59,951.1,1330.0,1689,0,1.38,2.31,1.5,3.75,165.17,58.62
2024-11-08,-4.4,-6.7,-2.5,17.4,31.8,251,0.5,0.35,61,958.2,735.0,969,0,2.64,4.35,3.19,8.71,182.04,54.96
2024-11-09,-6.4,-7.7,-5.2,24.2,30.0,238,0.4,0.28,63,959.1,835.0,1092,0,2.14,3.25,2.5,6.73,184.04,56.83
2024-11-10,-2.8,-5.5,-1.3,37.9,43.7,231,6.7,4.55,87,947.6,945.0,1105,0,1.58,2.57,1.85,4.38,166.21,53.75
2024-11-11,-2.9,-10.2,-0.2,25.3,32.0,251,6.1,4.2,91,947.9,565.0,830,0,2.35,3.42,3.0,5.73,188.42,54.08
2024-11-12,-11.0,-12.3,-10.0,12.3,16.0,259,0.0,0.0,81,958.6,260.0,571,0,3.55,4.53,3.95,8.98,201.92,61.08
2024-11-13,-11.6,-16.4,-6.5,15.3,22.9,228,1.0,0.7,84,954.7,220.0,466,0,5.91,6.93,3.87,9.09,205.12,64.75
2024-11-14,-6.1,-9.3,-3.2,20.5,26.3,234,2.4,1.68,87,960.1,695.0,875,0,2.74,2.81,3.41,8.24,184.79,62.75
2024-11-15,-3.9,-5.7,-3.1,17.2,21.0,227,0.1,0.07,91,962.9,495.0,640,0,2.74,2.94,3.67,9.83,204.12,59.5
2024-11-16,-7.9,-10.9,-3.6,7.6,12.6,164,0.0,0.0,85,959.9,35.0,120,1,9.17,9.47,7.03,14.07,374.42,67.25
2024-11-17,-8.8,-12.6,-4.0,6.2,8.0,193,0.0,0.0,82,955.5,45.0,94,1,13.47,13.91,7.26,13.02,401.67,79.17
2024-11-18,-9.3,-13.9,-4.6,5.1,7.2,127,0.0,0.0,85,957.0,20.0,45,1,31.8,33.32,11.42,28.69,475.0,78.67
2024-11-19,-5.8,-10.4,-1.0,6.1,9.9,116,0.0,0.0,82,956.8,25.0,45,1,26.83,29.4,10.84,30.12,489.96,82.21
2024-11-20,-0.4,-3.5,2.1,9.4,14.4,158,4.3,2.94,84,951.3,45.0,155,1,16.05,21.25,7.06,16.57,337.12,85.08
2024-11-21,-1.4,-2.8,-0.2,21.7,28.1,261,4.0,2.87,94,955.4,420.0,789,0,4.13,5.61,3.16,7.63,220.29,54.21
2024-11-22,-4.0,-6.6,-1.5,9.2,19.6,329,0.1,0.07,91,971.6,150.0,435,1,5.86,6.03,7.6,19.62,309.38,50.79
2024-11-23,-8.8,-12.4,-5.7,6.3,10.6,96,0.0,0.0,86,978.3,40.0,111,1,19.77,20.37,14.9,49.58,415.83,47.67
2024-11-24,-4.7,-9.4,-0.8,15.1,19.4,83,0.0,0.0,69,975.7,65.0,182,0,7.71,9.35,5.67,12.45,213.92,73.29
2024-11-25,-3.2,-4.9,-0.5,18.6,21.1,74,0.0,0.0,73,969.5,245.0,289,0,7.89,10.28,7.57,18.06,197.12,73.92
2024-11-26,-4.1,-7.1,-0.2,12.3,17.3,90,0.0,0.0,75,964.4,65.0,147,0,9.78,11.42,4.35,9.25,270.04,79.83
2024-11-27,-5.3,-8.9,-1.0,9.2,11.5,113,0.0,0.0,78,960.5,40.0,72,1,17.29,17.97,8.02,21.53,346.71,83.88
2024-11-28,-5.5,-9.2,-0.3,6.5,10.6,121,0.0,0.0,77,953.0,30.0,51,1,17.28,17.94,8.99,24.99,440.29,80.67
2024-11-29,-0.5,-4.1,1.3,6.7,9.2,204,0.0,0.0,82,950.9,50.0,119,1,17.67,18.57,9.7,22.63,438.62,67.46
2024-11-30,-2.3,-5.0,-0.3,7.4,12.4,246,0.0,0.0,98,952.5,35.0,168,0,8.04,8.62,8.76,18.16,369.17,47.58
2024-12-01,-2.1,-8.3,-0.3,13.9,15.9,241,4.0,2.8,95,954.4,330.0,521,0,3.0,3.23,4.65,12.23,217.58,39.79
2024-12-02,-8.1,-9.7,-6.5,2.9,8.8,294,0.0,0.0,87,962.0,75.0,193,0,12.78,13.11,14.16,36.44,766.58,54.62
2024-12-03,-10.0,-12.1,-7.8,3.1,6.7,213,0.0,0.0,86,966.5,20.0,168,1,26.28,27.04,16.6,36.48,707.29,50.29
2024-12-04,-9.5,-14.9,-6.3,5.6,8.3,218,0.0,0.0,87,967.9,45.0,201,1,19.48,19.92,10.78,22.43,480.21,59.88
2024-12-05,-7.4,-9.5,-5.5,6.4,10.8,188,0.0,0.0,87,964.1,40.0,211,1,11.21,11.5,9.31,20.67,589.17,69.67
2024-12-06,-7.0,-9.6,-5.4,7.9,11.0,217,1.0,0.7,89,961.3,85.0,268,1,12.72,13.51,7.4,14.67,359.0,70.88
2024-12-07,-7.3,-11.4,-4.3,8.0,12.7,256,2.0,1.47,89,961.3,150.0,324,0,7.64,8.13,6.88,16.26,346.62,56.08
2024-12-08,-17.2,-22.3,-11.8,7.0,10.6,347,0.0,0.0,82,968.4,40.0,191,0,7.15,7.77,4.95,9.4,477.17,64.54
2024-12-09,-20.2,-25.2,-17.0,7.6,11.3,61,0.0,0.0,79,974.1,50.0,132,0,10.5,11.05,7.87,16.44,386.75,55.58
2024-12-10,-25.6,-29.0,-22.4,8.2,13.6,168,0.0,0.0,77,970.5,35.0,74,1,19.12,19.95,10.88,24.1,510.04,54.67
2024-12-11,-16.8,-23.0,-13.5,17.4,20.7,216,0.0,0.0,76,967.2,180.0,354,0,9.19,11.67,3.75,7.8,245.71,71.46
2024-12-12,-12.2,-14.2,-9.3,16.9,20.3,201,0.0,0.0,68,961.3,250.0,375,0,13.14,16.42,3.71,8.75,252.71,78.79
2024-12-13,-8.6,-12.6,-5.0,17.5,26.7,166,0.0,0.0,61,953.2,185.0,335,0,10.3,11.76,3.16,9.39,243.54,92.25
2024-12-14,-2.9,-6.6,1.8,17.0,25.7,179,2.3,1.61,76,947.2,300.0,438,0,14.5,18.03,4.0,10.42,259.83,87.5
2024-12-15,-5.3,-11.3,0.4,18.4,22.5,241,3.5,2.45,84,950.8,495.0,753,0,5.55,6.92,3.45,9.62,223.17,68.08
2024-12-16,-13.6,-16.1,-11.1,19.3,25.1,219,0.4,0.28,80,971.9,265.0,705,0,4.71,5.62,3.37,8.79,204.83,65.62
2024-12-17,-13.4,-17.2,-10.3,12.5,14.1,146,0.0,0.0,66,962.1,230.0,329,0,5.35,6.26,3.54,8.33,241.5,76.12
2024-12-18,-8.5,-12.5,-5.2,15.0,19.8,192,0.2,0.14,73,950.4,230.0,409,0,9.36,12.68,3.82,9.21,243.58,83.29
2024-12-19,-4.1,-7.4,-1.4,21.0,26.7,172,0.4,0.28,83,947.2,355.0,533,0,6.37,7.65,3.01,8.5,219.42,82.54
2024-12-20,-6.3,-10.7,-2.2,18.0,26.9,206,2.1,1.47,86,949.2,565.0,808,0,3.49,3.83,3.81,11.56,230.67,61.54
2024-12-21,-12.3,-13.7,-11.3,14.9,19.0,247,2.2,1.54,85,959.5,325.0,529,0,4.27,4.27,4.13,9.84,255.75,50.54
2024-12-22,-12.7,-15.1,-9.7,16.5,19.0,228,3.5,2.45,84,964.3,305.0,503,0,4.73,4.76,3.9,8.83,242.46,60.38
2024-12-23,-7.6,-9.4,-6.8,10.1,18.0,250,1.8,1.26,91,965.7,185.0,339,0,8.06,8.38,5.44,11.6,328.33,65.58
2024-12-24,-8.1,-9.6,-7.2,3.5,5.8,214,0.0,0.0,94,969.3,60.0,92,1,12.51,12.84,13.04,20.4,594.21,53.38
2024-12-25,-12.7,-17.7,-9.0,7.0,12.3,98,0.0,0.0,88,969.6,40.0,106,1,5.42,5.57,10.1,18.47,404.96,60.08
2024-12-26,-9.4,-15.3,-5.5,8.9,12.6,143,0.0,0.0,59,964.3,55.0,174,0,12.51,13.38,5.69,13.6,329.12,86.42
2024-12-27,-12.4,-14.0,-10.4,15.7,19.6,225,0.0,0.0,83,958.9,230.0,386,0,9.97,10.67,3.85,9.01,271.92,80.17
2024-12-28,-8.8,-14.1,-6.6,16.7,25.9,227,1.1,0.77,90,959.7,220.0,446,0,2.9,2.99,3.98,9.06,273.83,64.08
2024-12-29,-9.1,-10.0,-8.1,11.6,18.2,222,0.2,0.14,88,956.7,215.0,370,0,4.01,4.11,5.38,12.25,278.29,63.38
2024-12-30,-7.2,-8.7,-5.9,9.2,13.2,67,1.7,1.19,89,954.8,90.0,210,0,4.14,4.31,5.48,10.14,356.38,59.29
2024-12-31,-6.5,-7.9,-4.8,7.1,10.7,101,0.4,0.28,91,955.8,95.0,200,0,6.98,7.4,7.44,13.24,422.38,63.58
2025-01-01,-7.7,-9.5,-4.9,14.7,24.6,213,0.0,0.0,89,955.1,290.0,542,0,3.94,4.11,5.06,12.56,278.79,70.08
2025-01-02,-5.9,-8.7,-3.7,24.0,31.2,228,3.6,2.52,88,952.9,605.0,991,0,1.69,1.78,2.83,8.3,219.46,63.17
2025-01-03,-6.4,-8.8,-3.7,23.7,30.6,220,1.2,0.21,90,956.7,550.0,695,0,2.29,2.47,2.88,7.1,219.12,63.42
2025-01-04,-5.3,-6.7,-3.7,14.8,23.5,229,0.0,0.0,94,959.3,365.0,507,0,2.72,2.77,4.55,12.54,239.46,65.33
2025-01-05,-9.2,-12.5,-6.9,6.6,9.7,216,0.0,0.0,92,959.6,155.0,308,0,4.94,5.02,8.8,22.39,290.75,66.79
2025-01-06,-11.7,-17.4,-8.6,8.4,11.0,189,0.0,0.0,87,961.2,110.0,189,0,7.13,7.22,6.64,12.42,292.67,71.58
2025-01-07,-4.9,-8.3,-1.8,10.2,13.0,152,1.1,0.77,88,957.6,80.0,292,0,6.88,7.25,6.05,12.56,264.92,67.92
2025-01-08,-10.4,-20.9,-3.9,12.0,26.5,313,3.3,2.31,85,964.4,65.0,318,0,7.89,8.89,5.6,9.8,344.58,66.04
2025-01-09,-12.1,-20.9,-8.2,14.4,19.4,220,0.0,0.0,74,976.1,85.0,289,0,8.34,9.55,4.78,8.16,263.08,69.67
2025-01-10,-7.9,-9.6,-5.4,10.6,12.7,206,0.0,0.0,68,971.2,110.0,192,0,9.38,10.92,4.93,9.96,297.58,72.96
2025-01-11,-12.1,-16.0,-7.9,6.5,10.2,223,0.0,0.0,75,966.6,25.0,74,0,17.6,18.85,8.65,17.88,529.0,70.92
2025-01-12,-12.6,-16.3,-7.2,3.3,7.1,139,0.0,0.0,62,964.8,10.0,22,1,37.22,38.8,16.98,43.18,764.75,69.29
2025-01-13,-10.5,-14.2,-5.1,6.6,9.8,107,0.0,0.0,71,963.3,20.0,36,1,30.63,33.14,14.33,33.7,551.83,74.5
2025-01-14,-8.5,-12.2,-2.8,7.1,11.0,124,0.0,0.0,69,960.5,30.0,43,1,26.02,27.76,10.9,28.02,485.75,81.46
2025-01-15,-8.9,-13.2,-5.1,12.5,19.3,197,0.0,0.0,71,953.8,80.0,244,0,14.76,16.35,4.21,9.56,330.67,94.46
2025-01-16,-7.6,-8.5,-7.2,18.2,22.6,223,0.3,0.21,88,950.8,435.0,584,0,5.29,5.75,3.41,10.31,276.04,62.67
2025-01-17,-6.9,-7.4,-6.5,19.9,23.6,220,0.5,0.35,89,949.7,590.0,729,0,2.36,2.47,3.1,9.38,236.62,58.58
2025-01-18,-6.8,-8.6,-5.0,13.8,19.6,227,0.5,0.35,87,951.7,315.0,621,0,2.89,2.92,4.25,11.89,263.54,53.42
2025-01-19,-3.8,-9.3,-1.3,14.9,20.5,218,1.4,1.12,91,952.6,250.0,554,0,3.67,3.73,4.4,11.06,251.67,60.54
2025-01-20,-2.3,-3.2,-1.5,20.1,26.8,192,2.1,1.47,90,948.5,530.0,641,0,2.13,2.19,3.03,9.68,216.71,76.0
2025-01-21,-2.7,-3.6,-0.9,29.0,39.4,215,3.9,2.73,89,938.5,935.0,1265,0,1.55,1.67,2.19,7.37,195.54,64.92
2025-01-22,-12.3,-16.6,-2.9,27.4,37.4,239,2.7,1.89,80,941.0,950.0,1352,0,2.2,2.71,2.16,6.33,189.0,75.79
2025-01-23,-25.4,-29.4,-19.9,17.4,25.0,262,0.2,0.14,74,967.5,115.0,510,0,4.62,5.24,3.22,5.56,228.83,72.42
2025-01-24,-27.1,-33.9,-20.7,8.6,11.6,156,0.0,0.0,70,982.6,35.0,91,0,14.65,15.68,7.08,11.17,388.62,70.17
2025-01-25,-17.3,-22.3,-12.5,8.9,11.5,124,0.0,0.0,62,973.7,65.0,120,0,10.34,11.22,6.24,14.65,340.04,78.25
2025-01-26,-12.9,-18.7,-6.7,10.2,11.6,112,0.0,0.0,62,963.3,40.0,61,1,12.81,14.28,6.54,14.47,331.33,81.04
2025-01-27,-11.2,-15.5,-8.4,10.8,17.2,216,0.0,0.0,69,958.4,30.0,215,1,14.86,17.76,4.61,10.08,331.12,94.96
2025-01-28,-14.1,-18.3,-11.4,14.0,16.5,232,0.0,0.0,85,958.6,270.0,397,0,6.62,8.27,3.68,9.49,247.96,76.08
2025-01-29,-9.7,-11.6,-6.8,19.1,22.0,223,4.2,2.94,87,953.6,395.0,475,0,2.82,3.02,3.24,7.72,217.0,72.96
2025-01-30,-5.6,-10.4,-3.6,14.1,21.7,272,5.9,4.13,91,953.7,320.0,484,0,1.97,1.99,3.65,8.56,274.54,63.38
2025-01-31,-15.3,-18.3,-11.1,8.1,10.9,281,0.8,0.56,84,963.1,90.0,236,0,8.47,8.7,6.7,12.11,390.33,54.67
2025-02-01,-12.3,-17.4,-7.8,15.9,21.6,221,2.6,1.82,85,966.2,145.0,389,0,5.88,6.34,3.78,8.11,258.21,70.08
2025-02-02,-5.5,-7.6,-4.3,12.0,18.9,238,0.6,0.42,93,967.5,200.0,343,0,3.36,3.42,3.91,8.94,291.29,70.46
2025-02-03,-6.1,-9.7,-3.5,9.0,13.1,116,0.0,0.0,89,971.0,80.0,201,0,8.77,8.88,5.99,13.92,308.5,67.0
2025-02-04,-8.5,-11.4,-5.2,17.8,21.9,77,0.0,0.0,81,970.4,125.0,275,0,2.18,2.24,1.68,4.31,242.25,74.58
2025-02-05,-7.3,-11.1,-5.1,23.0,25.7,67,0.0,0.0,88,971.7,315.0,574,0,1.62,1.67,2.17,4.92,231.46,72.46
2025-02-06,-12.8,-18.6,-7.5,20.3,21.6,57,0.0,0.0,83,968.8,360.0,509,0,3.76,4.21,3.61,5.11,256.67,76.92
2025-02-07,-17.8,-20.7,-13.2,19.2,21.3,66,0.0,0.0,77,965.4,280.0,322,0,4.97,5.33,2.05,3.31,249.0,82.96
2025-02-08,-16.9,-20.7,-10.6,16.4,20.1,68,0.0,0.0,75,965.2,95.0,242,0,7.0,7.54,2.62,5.47,280.58,78.88
2025-02-09,-16.0,-24.9,-8.4,5.6,9.3,355,0.0,0.0,80,963.3,10.0,119,0,12.37,13.2,5.72,14.22,543.38,77.79
2025-02-10,-12.1,-15.6,-8.0,6.5,13.1,239,0.0,0.0,87,967.7,35.0,157,0,7.8,7.95,6.2,15.05,357.79,79.83
2025-02-11,-11.1,-13.0,-6.6,9.6,13.0,225,0.0,0.0,90,964.9,50.0,169,0,5.0,5.06,4.75,10.17,335.71,83.96
2025-02-12,-12.6,-17.4,-8.1,12.3,19.4,227,0.0,0.0,87,959.2,65.0,227,0,8.75,10.09,3.65,8.05,284.71,87.17
2025-02-13,-7.6,-14.1,-3.9,24.8,34.0,235,0.0,0.0,89,957.1,450.0,824,0,1.97,2.24,2.08,5.98,228.83,82.79
2025-02-14,-4.9,-6.3,-3.8,13.3,24.4,245,0.4,0.07,90,959.5,60.0,663,0,3.3,3.85,3.4,9.62,280.17,85.25
2025-02-15,-8.5,-11.5,-5.4,5.8,13.1,152,0.2,0.14,88,955.6,20.0,211,1,11.32,12.86,8.4,24.34,476.08,85.04
2025-02-16,-9.1,-12.2,-6.2,3.9,7.8,223,0.0,0.0,87,958.0,20.0,167,1,13.11,15.18,11.83,36.92,458.88,78.25
2025-02-17,-9.5,-13.0,-6.5,9.3,14.1,205,0.0,0.0,85,964.9,100.0,343,0,7.4,9.02,6.25,16.4,311.33,90.71
2025-02-18,-13.6,-19.0,-6.6,7.5,10.7,137,0.0,0.0,82,963.5,35.0,116,0,12.63,18.64,6.25,15.48,368.5,96.79
2025-02-19,-11.0,-18.4,-3.5,6.1,11.0,102,0.0,0.0,79,959.2,15.0,57,1,16.19,20.71,6.72,17.53,501.42,93.58
2025-02-20,-9.4,-15.8,-3.4,5.0,11.4,131,0.0,0.0,82,959.5,10.0,74,1,32.3,52.43,8.6,24.56,505.46,109.12
2025-02-21,-11.4,-17.2,-4.3,5.3,10.7,87,0.0,0.0,85,962.7,15.0,93,1,19.94,30.92,8.0,22.15,437.67,99.92
2025-02-22,-6.1,-12.9,2.0,9.9,13.0,110,0.0,0.0,73,961.4,50.0,110,0,25.08,41.55,4.48,10.3,371.5,112.12
2025-02-23,-4.1,-7.7,1.1,9.2,15.3,114,0.0,0.0,75,958.6,25.0,111,0,21.25,40.82,7.12,16.23,381.96,103.75
2025-02-24,-5.1,-12.2,1.1,10.1,13.0,85,0.0,0.0,81,954.4,40.0,88,0,14.28,25.47,3.29,6.34,365.29,98.25
2025-02-25,-4.6,-8.8,0.0,7.8,12.7,104,0.0,0.0,72,949.3,40.0,72,1,22.03,41.52,6.75,16.02,447.88,111.25
2025-02-26,-5.7,-10.4,-0.5,14.8,24.9,238,2.8,1.96,84,950.1,15.0,366,0,13.81,24.07,4.49,11.44,321.21,96.21
2025-02-27,-11.7,-16.2,-8.7,9.8,21.4,247,0.0,0.0,85,961.3,15.0,392,1,4.77,5.02,5.26,17.11,436.46,90.17
2025-02-28,-15.2,-21.9,-9.7,3.5,6.1,50,0.0,0.0,86,960.1,10.0,110,1,13.86,14.22,9.08,31.59,507.46,87.0
2025-03-01,-13.9,-19.3,-9.5,3.5,6.8,202,0.0,0.0,87,961.8,20.0,136,1,11.22,11.84,10.72,32.71,395.08,86.58
2025-03-02,-11.9,-21.1,-2.7,8.6,15.7,91,0.0,0.0,81,959.1,35.0,137,1,11.72,14.92,6.6,19.52,356.29,95.0
2025-03-03,-7.9,-14.4,-1.8,12.4,18.1,115,1.6,1.12,77,953.9,15.0,240,0,21.83,26.53,7.28,11.34,407.67,102.46
2025-03-04,-10.2,-14.2,-7.5,14.9,23.3,219,1.7,1.19,83,959.5,275.0,618,0,7.55,8.3,4.2,10.62,257.21,91.58
2025-03-05,-10.1,-14.7,-5.2,16.0,21.6,194,0.2,0.07,78,961.7,300.0,506,0,7.95,9.75,3.27,9.04,263.21,97.29
2025-03-06,-3.4,-9.4,0.4,28.1,40.6,197,5.2,3.64,82,944.5,405.0,893,0,10.52,14.0,2.4,7.35,215.25,99.67
2025-03-07,-3.6,-6.4,-2.2,18.4,28.6,242,2.5,1.75,88,940.5,330.0,854,0,2.92,2.93,2.82,8.13,226.5,80.04
2025-03-08,-3.9,-6.7,-1.0,16.3,22.5,200,3.6,2.52,89,940.7,310.0,581,0,4.6,4.64,3.67,11.14,233.46,82.88
2025-03-09,-6.2,-13.5,-2.0,17.3,24.2,273,2.6,1.82,90,942.6,400.0,556,0,3.62,3.73,3.38,9.1,258.21,87.25
2025-03-10,-10.0,-15.0,-5.2,20.2,28.3,230,1.7,0.98,85,956.5,335.0,626,0,5.56,5.97,2.74,6.85,258.29,97.5
2025-03-11,-4.6,-6.7,-2.5,15.6,21.5,247,2.8,1.82,92,957.9,195.0,506,0,4.59,4.68,3.66,7.92,244.17,87.75
2025-03-12,-5.3,-10.0,-2.8,7.0,11.1,109,0.2,0.0,86,967.7,55.0,252,0,10.55,10.65,6.57,16.13,355.92,86.71
2025-03-13,-8.3,-13.7,-1.6,9.0,11.2,153,0.0,0.0,69,966.9,70.0,170,0,15.53,17.44,4.53,9.62,302.88,104.38
2025-03-14,-7.2,-14.3,0.8,7.5,11.2,168,0.0,0.0,64,961.7,35.0,135,0,21.4,25.16,4.65,10.28,318.67,105.38
2025-03-15,-6.9,-11.9,0.1,3.4,7.7,118,0.0,0.0,78,959.5,10.0,48,0,39.88,52.13,10.14,30.92,631.08,111.38
2025-03-16,-5.6,-15.5,1.3,7.4,11.6,188,0.0,0.0,80,959.1,15.0,147,0,38.57,51.15,7.52,20.46,354.71,104.29
2025-03-17,0.7,-3.8,3.8,12.8,15.8,193,0.0,0.0,72,957.8,140.0,259,0,18.4,34.28,3.26,7.48,273.79,104.21
2025-03-18,2.8,0.9,5.3,10.7,13.4,181,0.0,0.0,73,958.2,100.0,164,0,16.24,34.5,3.42,7.91,270.71,107.67
2025-03-19,2.8,0.8,5.8,10.9,12.3,158,0.0,0.0,69,956.3,135.0,176,0,20.79,53.7,3.98,8.05,267.33,125.58
2025-03-20,3.3,-1.3,7.6,12.2,15.6,181,0.0,0.0,65,951.1,85.0,201,0,20.57,55.48,3.87,7.66,256.58,118.54
2025-03-21,2.5,-3.0,6.0,14.0,24.7,242,0.6,0.0,81,951.0,90.0,425,0,12.4,27.2,3.55,8.32,259.62,89.62
2025-03-22,-1.3,-3.9,2.1,10.2,15.6,73,0.0,0.0,80,960.5,80.0,461,0,10.66,12.9,3.16,9.3,225.96,80.5
2025-03-23,-2.0,-5.7,2.6,7.0,11.9,345,0.0,0.0,75,955.1,15.0,368,0,11.84,13.67,3.78,11.19,283.46,80.42
2025-03-24,-4.3,-7.8,-0.5,14.2,21.6,298,0.0,0.0,80,955.4,175.0,608,0,6.61,8.71,2.9,7.7,224.42,86.92
2025-03-25,-6.0,-12.6,0.0,7.3,11.8,4,0.0,0.0,64,967.0,125.0,473,0,8.58,11.37,2.79,6.98,272.0,82.58
2025-03-26,-4.1,-11.3,2.3,7.0,12.8,78,0.0,0.0,68,970.5,20.0,383,0,14.3,18.9,4.37,10.81,317.08,77.83
2025-03-27,-0.9,-6.4,5.8,16.4,18.8,68,0.0,0.0,56,964.9,200.0,452,0,7.9,9.85,1.77,5.51,201.21,85.21
2025-03-28,0.7,-4.1,6.9,15.1,18.9,80,0.0,0.0,51,962.4,175.0,430,0,9.86,12.35,1.85,5.93,200.96,85.54
2025-03-29,1.3,-3.8,8.7,8.9,13.5,90,0.0,0.0,56,962.8,35.0,368,0,8.96,10.59,2.72,6.73,259.83,80.5
2025-03-30,2.7,-5.1,10.7,4.8,8.3,84,0.0,0.0,62,963.8,10.0,346,0,18.75,24.02,7.63,23.15,345.83,71.42
2025-03-31,4.5,-2.5,11.5,5.6,11.1,213,0.0,0.0,66,961.9,10.0,497,1,29.84,46.99,8.88,29.46,395.42,64.25
2025-04-01,5.0,1.6,10.2,11.8,17.8,291,0.8,0.0,73,956.9,30.0,584,0,14.07,20.92,3.55,8.6,250.38,76.38
2025-04-02,4.2,-1.6,10.8,3.7,9.4,64,0.0,0.0,70,959.1,10.0,556,0,14.54,15.85,6.12,14.43,391.62,72.58
2025-04-03,6.7,-0.3,13.5,14.5,21.6,189,0.0,0.0,57,952.1,50.0,593,1,11.33,12.36,4.03,11.83,218.29,81.46
2025-04-04,9.5,1.8,19.5,24.5,41.0,214,3.3,0.0,64,937.6,340.0,998,0,6.28,11.22,2.33,7.35,179.29,85.42
2025-04-05,4.1,-1.1,9.6,12.8,17.0,242,0.0,0.0,69,951.5,125.0,687,0,8.41,8.67,3.33,11.17,226.08,75.08
2025-04-06,7.6,1.1,14.5,9.5,14.3,222,0.0,0.0,65,953.0,10.0,532,1,6.99,7.26,5.38,15.46,284.83,74.5
2025-04-07,8.5,3.0,15.3,14.9,23.2,148,6.6,0.0,71,948.3,65.0,413,0,12.62,19.98,5.39,13.1,203.88,69.92
2025-04-08,10.5,6.0,15.3,15.0,21.1,243,7.9,0.0,88,945.7,25.0,550,0,9.07,15.57,3.82,10.01,234.29,70.0
2025-04-09,10.0,2.2,18.1,6.3,10.7,195,0.3,0.0,77,955.8,25.0,500,0,17.48,20.6,7.26,21.82,364.17,61.5
2025-04-10,12.8,4.8,20.5,9.5,16.1,170,0.0,0.0,62,957.2,35.0,704,0,14.88,18.91,4.78,15.05,214.58,72.67
2025-04-11,14.5,7.7,21.9,13.7,17.1,162,0.0,0.0,49,952.9,100.0,538,0,5.88,8.42,3.57,11.0,175.96,85.54
2025-04-12,16.4,9.3,24.4,11.3,17.3,187,0.0,0.0,47,947.3,35.0,555,0,6.2,12.22,4.42,11.92,218.5,87.54
2025-04-13,12.8,6.9,20.2,13.9,24.0,38,0.2,0.0,68,945.7,35.0,275,0,7.92,16.38,4.59,12.59,200.46,59.46
2025-04-14,7.6,3.5,12.4,11.1,20.9,0,2.6,0.0,73,953.6,115.0,641,0,7.4,10.53,4.34,11.47,201.83,83.62
2025-04-15,8.3,3.9,13.6,11.7,17.8,288,2.7,0.0,71,954.2,80.0,775,0,15.72,20.35,3.03,7.31,191.83,84.29
2025-04-16,7.5,2.9,12.5,13.6,16.2,323,0.0,0.0,68,956.3,155.0,825,0,9.92,10.78,3.11,11.03,194.96,83.92
2025-04-17,6.1,1.0,12.1,18.9,29.8,275,0.0,0.0,61,950.5,170.0,1096,0,5.93,6.56,2.15,5.88,181.5,80.71
2025-04-18,1.8,-3.3,5.8,15.3,28.0,289,1.3,0.77,54,952.6,60.0,1080,0,10.95,14.0,2.74,7.75,192.21,80.62
2025-04-19,-0.2,-5.3,4.4,7.0,14.2,39,0.0,0.0,52,956.2,35.0,674,0,10.61,13.65,4.86,14.29,233.29,82.12
2025-04-20,10.1,-1.5,18.1,18.7,32.6,230,0.0,0.0,50,955.1,60.0,876,0,9.23,10.83,4.08,11.15,186.12,83.71
2025-04-21,14.6,9.3,20.7,14.9,19.6,251,0.0,0.0,64,956.0,55.0,692,0,11.12,14.2,3.05,7.19,193.88,81.46
2025-04-22,13.6,5.5,20.7,6.4,13.1,326,0.6,0.0,74,957.4,20.0,482,0,13.7,18.0,4.79,10.0,243.38,73.42
2025-04-23,14.2,7.8,21.3,8.5,15.2,243,0.5,0.0,66,955.7,10.0,626,0,11.81,13.16,5.13,10.03,206.38,77.96
2025-04-24,12.8,6.6,18.9,10.8,15.2,54,0.0,0.0,65,957.6,10.0,501,0,11.04,14.27,4.38,9.86,205.75,71.62
2025-04-25,14.6,7.6,21.3,9.2,12.9,149,0.2,0.0,57,955.8,75.0,700,0,9.1,15.64,4.33,12.63,182.12,76.58
2025-04-26,16.8,9.6,23.0,13.7,20.1,173,0.0,0.0,42,951.0,55.0,865,0,5.46,8.08,3.5,8.57,165.33,84.25
2025-04-27,20.0,14.5,27.8,21.5,34.8,214,0.1,0.0,37,944.8,320.0,1226,0,7.49,19.93,2.58,7.31,153.29,92.46
2025-04-28,18.2,11.1,24.1,15.1,22.0,223,0.2,0.0,59,947.7,130.0,645,0,7.86,16.47,3.0,9.52,162.25,85.83
2025-04-29,11.0,5.0,14.7,17.6,27.2,263,0.0,0.0,51,951.8,190.0,1013,0,5.74,7.91,2.3,6.74,162.92,85.83
2025-04-30,6.0,1.3,10.6,10.2,17.1,288,0.0,0.0,48,962.3,175.0,894,0,5.3,5.77,2.85,7.26,189.33,81.92
2025-05-01,8.4,0.1,15.8,7.7,12.1,82,0.0,0.0,49,959.3,50.0,453,0,5.55,5.83,3.57,8.46,205.04,68.08
2025-05-02,11.3,4.6,17.9,8.5,20.6,326,0.0,0.0,45,956.9,15.0,927,0,5.99,7.37,3.65,6.46,197.79,75.38
2025-05-03,12.6,5.3,18.8,8.0,15.1,114,0.0,0.0,48,961.7,30.0,666,0,5.45,5.86,3.75,8.97,206.42,71.79
2025-05-04,17.2,10.3,23.4,17.0,26.6,209,0.7,0.0,35,950.0,170.0,726,0,3.0,7.95,3.23,8.24,162.96,84.67
2025-05-05,15.1,9.2,20.0,10.4,17.1,331,0.0,0.0,44,952.2,30.0,895,0,4.03,4.57,3.58,6.89,192.92,82.04
2025-05-06,16.6,8.2,23.4,5.6,10.1,217,0.0,0.0,45,955.5,15.0,681,0,7.64,7.84,5.5,15.19,229.88,89.46
2025-05-07,18.6,10.3,25.4,5.3,10.7,138,0.0,0.0,45,950.1,10.0,687,0,14.22,15.0,8.23,22.35,221.42,84.75
2025-05-08,21.0,11.8,28.9,10.4,16.4,132,0.0,0.0,37,946.0,25.0,709,0,8.62,11.28,5.91,12.52,179.96,84.04
2025-05-09,20.2,15.0,26.3,11.4,22.7,203,0.0,0.0,39,943.6,35.0,501,0,11.17,22.9,5.53,11.61,169.21,77.33
2025-05-10,17.1,12.7,22.8,16.9,27.0,247,3.0,0.0,64,948.3,205.0,809,0,7.33,10.41,2.95,6.76,158.67,80.46
2025-05-11,15.3,10.9,19.6,13.2,22.0,292,0.0,0.0,67,952.7,100.0,789,0,8.58,9.16,3.02,5.86,171.25,69.5
2025-05-12,16.7,9.0,22.7,4.8,10.3,153,0.0,0.0,60,956.6,10.0,575,0,15.84,16.71,5.62,21.39,199.08,75.29
2025-05-13,21.6,13.3,28.7,9.9,14.8,200,0.0,0.0,41,952.7,25.0,728,0,6.94,6.98,5.5,12.35,179.29,85.25
2025-05-14,23.8,15.8,30.8,9.8,12.7,214,0.0,0.0,33,950.7,15.0,824,0,5.05,6.17,5.14,9.35,166.12,82.42
2025-05-15,25.7,16.1,33.4,7.6,11.1,195,0.0,0.0,30,952.9,20.0,771,0,6.39,7.65,5.7,9.93,161.96,82.88
2025-05-16,27.5,19.2,34.7,10.2,15.5,214,0.0,0.0,24,951.5,25.0,752,0,3.87,4.08,4.71,8.24,155.79,88.04
2025-05-17,27.9,21.1,35.1,16.3,24.8,215,0.0,0.0,27,943.0,75.0,1221,0,2.5,4.02,2.89,6.38,144.88,90.17
2025-05-18,16.2,9.1,19.8,18.4,36.6,281,17.2,0.0,70,938.6,195.0,966,0,6.76,12.32,3.43,9.21,150.58,85.62
2025-05-19,13.1,9.4,16.9,11.0,21.8,338,0.7,0.0,62,954.9,40.0,1103,0,10.19,10.79,3.37,5.09,204.12,76.62
2025-05-20,14.9,7.6,20.7,8.4,11.4,161,0.0,0.0,59,956.4,35.0,744,0,13.82,14.67,6.72,14.83,178.96,81.83
2025-05-21,18.2,11.8,23.7,11.5,17.7,211,0.0,0.0,49,952.8,10.0,841,0,5.47,7.95,3.32,7.26,190.62,89.75
2025-05-22,20.5,11.8,26.9,12.7,21.5,146,0.1,0.0,44,948.6,40.0,920,0,4.19,6.42,4.11,7.28,169.38,86.33
2025-05-23,18.3,13.4,22.4,19.9,29.3,245,0.0,0.0,46,944.1,305.0,1371,0,5.34,8.9,2.15,5.69,148.92,97.04
2025-05-24,14.6,11.0,18.8,13.6,19.1,272,7.6,0.0,63,949.0,150.0,977,0,9.83,10.2,2.63,5.75,159.62,89.29
2025-05-25,12.9,8.6,17.4,9.2,13.6,18,1.7,0.0,64,948.3,95.0,597,0,14.1,14.49,5.75,13.89,188.62,76.25
2025-05-26,10.4,5.6,14.7,15.2,20.7,9,0.0,0.0,58,953.5,105.0,1138,0,9.08,9.45,3.89,10.68,150.17,76.67
2025-05-27,11.5,8.4,15.2,9.2,13.5,357,0.0,0.0,46,959.9,15.0,798,0,8.33,8.92,2.88,5.29,161.96,84.46
2025-05-28,16.8,8.6,24.1,15.4,22.3,309,0.2,0.0,43,955.5,150.0,946,0,6.73,7.15,2.56,5.57,156.79,85.5
2025-05-29,16.2,9.2,21.7,12.5,15.8,40,0.0,0.0,47,956.7,130.0,749,0,5.62,5.93,3.11,8.2,159.62,79.62
2025-05-30,18.7,11.9,23.8,13.4,22.7,22,0.0,0.0,47,953.7,25.0,1119,0,6.96,8.05,3.78,4.38,175.54,80.29
2025-05-31,19.8,11.6,26.7,7.6,18.6,25,0.0,0.0,40,956.1,30.0,1041,0,6.05,7.89,3.65,6.0,177.92,83.88
2025-06-01,20.2,13.3,27.4,4.9,18.4,139,1.6,0.0,50,955.2,20.0,738,0,14.53,18.71,5.18,10.91,186.08,94.75
2025-06-02,19.3,12.7,26.2,4.6,16.6,111,0.2,0.0,58,950.8,15.0,643,0,17.01,18.9,5.95,15.73,193.83,100.54
2025-06-03,21.2,12.8,28.0,7.9,14.4,199,0.0,0.0,49,947.4,25.0,872,0,11.8,13.59,6.1,11.65,177.29,93.0
2025-06-04,23.6,16.5,29.9,13.7,26.2,205,0.2,0.0,39,944.7,15.0,952,0,11.1,29.44,4.65,9.24,153.67,89.5
2025-06-05,21.8,16.8,24.7,13.4,29.5,272,0.0,0.0,38,945.8,100.0,1064,0,8.61,13.38,3.19,7.25,161.25,97.25
2025-06-06,23.4,14.5,29.9,10.0,19.0,83,0.0,0.0,36,949.0,30.0,852,0,6.15,6.22,5.92,9.05,172.08,91.08
2025-06-07,22.2,18.1,26.1,10.1,18.0,128,0.7,0.0,48,947.8,110.0,374,0,20.95,41.43,5.27,11.88,171.33,86.75
2025-06-08,19.8,14.5,26.6,15.1,24.0,262,3.0,0.0,67,949.4,135.0,790,0,18.43,27.56,3.25,5.9,161.5,78.33
2025-06-09,17.0,14.0,21.1,17.7,20.5,52,0.2,0.0,71,953.7,405.0,702,0,21.53,23.35,3.78,14.13,146.04,79.33
2025-06-10,19.5,13.3,25.1,15.8,20.7,74,0.0,0.0,53,953.3,260.0,708,0,17.24,19.54,2.09,4.65,154.92,83.21
2025-06-11,23.6,15.7,30.4,9.4,15.2,110,0.0,0.0,40,952.5,105.0,951,0,11.45,14.09,2.82,6.16,176.29,85.33
2025-06-12,23.3,17.0,28.4,8.0,12.3,184,0.0,0.0,43,953.0,60.0,640,0,22.64,32.17,5.62,14.72,174.08,89.0
2025-06-13,22.8,18.0,27.8,6.3,9.3,210,0.2,0.0,51,951.9,65.0,460,0,19.46,26.42,6.28,14.27,206.33,92.33
2025-06-14,22.3,16.5,27.2,7.3,18.8,259,1.9,0.0,56,949.0,75.0,616,0,13.2,16.47,4.16,9.5,194.21,91.88
2025-06-15,21.9,17.1,26.8,7.6,15.7,320,2.2,0.0,61,947.1,20.0,717,0,12.46,14.53,3.85,7.33,194.33,85.29
2025-06-16,23.9,17.4,28.7,6.4,14.0,15,0.0,0.0,54,948.0,15.0,935,0,9.57,10.86,3.12,4.29,223.88,79.54
2025-06-17,25.9,18.5,31.9,8.2,11.9,128,0.3,0.0,44,946.2,55.0,970,0,13.45,14.58,3.43,9.67,170.46,92.75
2025-06-18,28.3,20.2,34.9,9.2,22.9,229,0.0,0.0,33,943.2,55.0,1048,0,9.12,13.54,4.58,10.17,173.46,94.92
2025-06-19,26.5,21.7,30.7,15.8,26.2,222,0.3,0.0,36,940.2,85.0,1257,0,10.7,17.87,3.94,8.23,173.12,92.88
2025-06-20,22.5,17.3,28.7,15.7,26.4,219,0.0,0.0,43,943.3,35.0,1282,0,12.9,26.77,4.9,10.28,204.96,91.83
2025-06-21,21.5,15.8,27.1,20.4,30.8,245,0.4,0.0,45,946.0,25.0,1506,0,11.35,13.67,2.82,6.22,194.38,91.04
2025-06-22,23.7,17.2,30.2,12.9,20.8,241,0.4,0.0,43,945.9,30.0,1045,0,8.21,8.8,4.6,7.38,200.67,78.79
2025-06-23,20.5,16.2,25.3,13.5,22.0,259,0.5,0.0,50,942.7,65.0,804,0,9.0,16.48,4.68,8.52,194.21,82.67
2025-06-24,19.2,13.3,23.6,9.8,14.4,258,0.3,0.0,54,944.8,80.0,930,0,12.22,12.44,3.59,7.61,205.54,82.46
2025-06-25,17.4,13.9,20.9,13.2,18.5,47,2.0,0.0,73,944.5,45.0,665,0,11.05,11.22,3.17,9.5,202.12,81.08
2025-06-26,16.1,13.7,20.1,16.7,24.7,80,21.7,0.0,83,942.4,275.0,585,0,9.18,9.72,2.42,3.97,190.58,73.54
2025-06-27,15.8,12.7,19.2,12.4,18.4,336,7.1,0.0,80,945.4,40.0,569,0,10.78,11.4,4.43,8.63,210.33,72.46
2025-06-28,19.2,12.1,24.8,10.3,20.9,163,0.0,0.0,62,942.8,60.0,670,0,13.44,13.87,5.41,13.36,183.58,80.0
2025-06-29,17.3,13.7,21.6,12.2,19.4,227,6.4,0.0,73,936.9,40.0,737,0,10.77,16.7,3.43,8.75,166.21,82.17
2025-06-30,16.3,12.4,20.2,10.8,14.5,258,1.9,0.0,77,937.3,80.0,680,0,9.78,10.42,3.63,7.87,180.04,75.75
2025-07-01,19.3,13.1,24.3,7.3,11.5,277,0.3,0.0,69,944.3,30.0,624,0,8.3,9.9,4.4,7.42,192.88,75.46
2025-07-02,21.6,14.6,26.6,5.1,8.2,327,0.0,0.0,64,949.5,15.0,639,0,9.77,12.01,6.35,8.54,239.29,79.33
2025-07-03,23.7,16.4,29.1,5.2,13.6,103,0.0,0.0,57,950.4,30.0,686,0,7.68,8.55,5.88,10.64,211.42,87.83
2025-07-04,26.3,18.9,33.4,12.8,18.4,153,0.0,0.0,41,944.2,130.0,755,0,6.7,8.17,3.4,7.88,161.5,93.88
2025-07-05,20.1,17.1,25.1,15.8,24.6,294,1.5,0.0,60,940.1,190.0,964,0,10.3,12.49,2.66,5.37,160.0,86.04
2025-07-06,20.1,14.7,24.9,11.6,19.6,290,0.0,0.0,57,944.3,60.0,995,0,9.41,9.49,3.36,6.15,174.04,81.92
2025-07-07,20.5,15.7,25.6,9.9,23.0,293,3.8,0.0,63,943.9,45.0,616,0,9.1,9.66,4.28,7.17,185.04,78.25
2025-07-08,19.6,14.5,23.7,12.0,18.9,35,0.0,0.0,54,947.9,285.0,904,0,13.67,13.9,2.68,3.59,165.58,70.79
2025-07-09,18.2,15.2,22.2,13.7,18.8,58,1.2,0.0,55,948.2,340.0,831,0,14.64,14.92,4.26,12.65,159.88,70.08
2025-07-10,19.7,14.9,24.0,11.3,17.9,40,0.0,0.0,47,948.5,35.0,1141,0,14.5,14.85,3.88,9.08,163.46,75.83
2025-07-11,20.9,13.5,26.8,9.2,18.5,267,0.4,0.0,56,949.4,35.0,959,0,14.49,14.99,4.71,7.22,184.46,79.21
2025-07-12,20.9,16.7,25.5,12.9,18.0,289,0.0,0.0,55,948.6,55.0,984,0,11.21,11.38,3.74,7.31,167.92,77.71
2025-07-13,20.1,13.6,26.0,11.8,19.6,271,0.0,0.0,46,946.8,70.0,1050,0,12.29,12.44,5.17,10.72,162.46,80.04
2025-07-14,19.7,13.6,24.8,9.9,15.2,318,0.0,0.0,45,945.3,100.0,1262,0,13.08,13.3,3.43,5.84,161.04,69.08
2025-07-15,21.2,14.4,26.7,6.7,12.3,298,0.0,0.0,44,945.0,30.0,1090,0,15.18,15.45,5.85,9.35,184.54,65.33
2025-07-16,23.9,15.7,30.1,7.8,14.9,352,0.0,0.0,38,945.5,50.0,1047,0,10.25,10.41,4.89,8.34,184.88,76.83
2025-07-17,26.8,20.8,33.2,14.2,21.4,239,0.0,0.0,31,944.9,95.0,1182,0,4.19,5.28,3.39,6.44,168.12,89.96
2025-07-18,27.0,19.4,33.0,9.2,16.0,164,0.2,0.0,35,946.2,115.0,1095,0,5.97,6.43,4.15,10.25,167.58,91.96
2025-07-19,22.5,17.3,26.2,14.3,19.3,330,0.2,0.0,51,944.5,55.0,1060,0,9.56,11.88,2.76,5.27,172.12,89.25
2025-07-20,18.9,13.0,24.2,12.6,15.2,36,0.0,0.0,46,953.0,145.0,882,0,10.85,11.14,2.31,3.45,166.96,71.17
2025-07-21,21.9,14.1,27.8,8.1,13.5,12,0.0,0.0,39,953.6,35.0,904,0,4.27,4.33,4.41,5.91,168.04,76.0
2025-07-22,23.9,16.4,29.9,8.9,17.8,83,0.0,0.0,33,953.0,95.0,1078,0,7.35,7.43,3.33,9.96,170.12,86.83
2025-07-23,25.1,19.3,29.4,8.3,16.0,115,0.0,0.0,27,946.1,190.0,691,0,7.04,7.25,3.73,12.19,152.5,81.21
2025-07-24,26.0,21.0,31.4,12.8,23.2,181,0.0,0.0,28,940.5,155.0,1040,0,5.35,7.06,2.71,6.53,158.67,90.88
2025-07-25,26.6,20.4,34.3,11.6,26.0,228,0.1,0.0,32,937.3,40.0,890,0,8.28,9.73,4.4,9.3,162.12,90.0
2025-07-26,24.4,20.1,30.4,12.0,23.8,219,0.3,0.0,49,937.9,55.0,793,0,12.81,14.35,4.71,10.4,182.58,88.04
2025-07-27,23.0,18.2,27.8,17.4,33.5,211,1.1,0.0,51,938.3,125.0,1113,0,9.93,29.53,3.63,8.4,175.17,88.58
2025-07-28,22.5,15.5,29.0,11.1,22.0,207,0.0,0.0,50,942.3,75.0,1154,0,9.48,16.45,3.94,9.15,169.96,86.21
2025-07-29,19.6,16.6,24.0,12.1,21.7,204,6.1,0.0,67,940.3,35.0,869,0,11.62,15.17,3.82,9.43,175.42,86.17
2025-07-30,18.3,15.2,22.2,7.0,12.0,242,4.5,0.0,68,938.4,40.0,576,0,13.91,23.82,5.58,13.73,192.96,78.12
2025-07-31,18.9,14.7,23.0,8.4,17.6,227,1.5,0.0,70,939.2,20.0,638,0,11.05,11.71,5.88,10.24,205.79,68.33
2025-08-01,17.9,13.8,22.5,8.7,17.1,240,1.8,0.0,77,940.4,25.0,468,0,9.24,9.53,5.32,9.64,196.79,70.17
2025-08-02,18.5,13.3,23.3,8.3,15.4,337,1.6,0.0,77,943.2,10.0,626,0,9.82,10.17,4.59,5.95,188.38,70.04
2025-08-03,17.4,13.3,21.9,12.7,19.3,6,0.3,0.0,67,950.2,240.0,846,0,8.49,8.69,2.4,2.91,182.25,62.42
2025-08-04,14.1,9.8,18.4,10.2,14.6,14,0.0,0.0,55,955.4,95.0,898,0,9.74,9.87,2.86,3.64,180.83,61.88
2025-08-05,15.1,8.5,21.0,5.0,11.4,306,0.0,0.0,54,955.6,15.0,846,0,13.78,13.98,5.79,7.48,202.46,64.5
2025-08-06,17.8,11.8,24.1,15.2,22.8,268,2.2,0.0,54,949.9,50.0,796,0,10.04,11.01,3.91,8.25,175.58,78.71
2025-08-07,18.2,10.9,24.9,9.0,13.6,76,0.3,0.0,55,947.8,75.0,532,0,8.75,8.94,4.88,14.39,184.5,73.88
2025-08-08,18.8,13.2,24.6,9.8,18.6,10,14.9,0.0,69,945.1,45.0,651,0,8.72,12.57,3.95,7.65,175.04,78.38
2025-08-09,15.8,12.4,19.9,12.7,16.3,37,0.2,0.0,63,949.6,65.0,797,0,8.83,9.06,2.93,7.33,165.29,63.88
2025-08-10,16.1,10.5,20.8,5.4,8.8,29,0.0,0.0,66,953.2,25.0,586,0,10.76,11.1,4.18,4.07,196.33,56.79
2025-08-11,18.6,11.8,24.7,8.3,16.8,113,0.0,0.0,54,951.2,45.0,704,0,10.6,10.87,5.92,9.51,177.75,74.83
2025-08-12,18.4,14.6,21.2,21.6,32.5,254,1.7,0.0,58,943.8,205.0,1120,0,7.23,7.51,2.24,6.15,162.83,88.42
2025-08-13,17.7,11.4,23.6,8.4,11.4,226,0.0,0.0,65,947.6,15.0,644,0,11.83,11.97,4.67,10.06,200.21,78.54
2025-08-14,19.4,14.7,24.4,18.7,26.9,223,3.2,0.0,54,940.4,105.0,1125,0,6.72,9.3,3.4,6.36,192.71,87.79
2025-08-15,16.7,13.1,21.3,16.5,24.4,236,3.1,0.0,72,941.1,250.0,864,0,8.34,8.48,3.24,7.64,208.5,85.04
2025-08-16,16.0,12.4,20.3,10.9,19.6,219,3.5,0.0,76,941.2,65.0,578,0,9.62,10.42,3.88,9.35,207.58,81.67
2025-08-17,15.6,11.9,20.4,13.9,23.4,232,3.3,0.0,75,942.4,70.0,658,0,8.12,9.4,3.64,7.33,189.0,75.21
2025-08-18,15.4,12.1,19.7,11.4,20.1,253,8.4,0.0,72,948.0,55.0,590,0,9.77,9.88,3.75,6.12,183.79,71.83
2025-08-19,16.5,10.9,22.5,8.3,15.1,256,0.7,0.0,68,950.0,30.0,453,0,9.99,10.67,5.33,8.14,234.54,71.46
2025-08-20,19.2,12.7,25.1,5.9,10.8,176,0.0,0.0,63,946.1,10.0,646,0,13.85,15.31,9.97,16.22,214.88,72.29
2025-08-21,20.1,15.3,25.0,9.8,15.0,256,0.1,0.0,51,942.9,35.0,666,0,4.99,6.94,3.94,7.17,193.71,77.96
2025-08-22,16.0,11.6,19.5,11.9,24.0,277,0.0,0.0,64,944.1,50.0,796,0,6.31,6.6,3.73,6.18,219.75,71.67
2025-08-23,16.8,10.8,21.8,9.8,14.9,303,1.1,0.0,68,946.9,55.0,548,0,9.79,11.14,4.33,6.73,223.88,72.75
2025-08-24,18.8,12.6,24.2,6.1,14.2,5,0.2,0.0,64,954.0,10.0,649,0,11.56,13.7,4.27,5.16,234.79,72.08
2025-08-25,19.1,12.4,24.7,10.0,13.3,58,0.0,0.0,51,957.2,100.0,567,0,5.86,5.91,3.71,8.95,188.79,72.79
2025-08-26,19.9,12.9,26.0,9.9,12.1,77,0.0,0.0,49,957.8,120.0,624,0,4.14,4.18,5.26,13.79,181.04,75.12
2025-08-27,21.4,13.5,28.6,7.1,11.3,115,0.0,0.0,42,957.7,10.0,656,0,5.0,5.01,4.09,9.64,182.33,84.38
2025-08-28,23.8,15.7,30.2,8.4,11.2,192,0.0,0.0,33,954.8,60.0,543,0,4.98,5.16,4.43,9.93,198.71,87.21
2025-08-29,22.7,18.4,26.4,8.9,15.9,354,0.2,0.0,41,951.0,55.0,648,0,6.71,10.17,4.08,7.52,185.04,81.62
2025-08-30,16.6,9.9,21.3,14.0,28.7,324,3.1,0.0,61,945.8,110.0,979,0,7.8,9.49,4.13,14.04,169.96,82.54
2025-08-31,12.3,8.5,15.9,17.5,23.2,297,0.5,0.0,61,952.1,255.0,1175,0,9.23,9.43,2.66,5.64,166.17,66.21
2025-09-01,12.3,9.0,15.8,12.4,19.2,279,2.1,0.0,77,946.9,245.0,676,0,8.58,9.46,4.11,8.46,178.67,57.79
2025-09-02,11.3,6.4,15.5,12.0,18.5,330,0.2,0.0,71,950.9,145.0,768,0,7.4,7.6,2.3,3.83,196.12,63.79
2025-09-03,13.3,8.3,18.1,5.5,10.5,326,0.0,0.0,68,956.9,20.0,616,0,9.5,10.06,5.89,9.6,226.38,58.71
2025-09-04,16.2,10.4,22.0,5.7,9.5,215,0.0,0.0,62,956.8,25.0,389,0,14.05,17.0,6.75,13.99,245.88,64.38
2025-09-05,18.0,10.5,24.2,8.4,17.2,53,0.0,0.0,60,953.2,10.0,538,0,7.26,14.86,5.26,6.63,275.17,64.71
2025-09-06,18.3,12.3,24.0,13.5,19.6,95,0.0,0.0,53,950.6,190.0,647,0,2.82,3.09,2.3,4.92,164.88,76.79
2025-09-07,19.1,13.8,25.3,9.6,17.3,133,0.2,0.0,48,945.7,20.0,696,0,5.74,11.92,4.11,9.1,185.5,73.29
2025-09-08,14.6,11.2,19.0,10.7,21.3,269,7.5,0.0,72,940.9,25.0,426,0,9.65,11.73,5.44,9.09,190.17,61.54
2025-09-09,13.5,8.8,17.4,8.2,17.6,318,0.3,0.0,68,949.4,40.0,778,0,9.76,11.38,4.31,8.91,191.75,74.21
2025-09-10,13.5,9.8,19.4,10.2,18.2,217,6.1,0.0,66,948.6,65.0,653,0,12.53,13.56,6.44,12.14,171.5,66.0
2025-09-11,11.2,7.6,14.9,11.5,17.6,278,0.5,0.0,76,949.5,55.0,678,0,8.38,8.55,4.09,7.95,176.75,54.92
2025-09-12,11.1,7.6,15.5,7.3,13.3,22,1.3,0.0,83,955.5,30.0,472,0,7.32,7.45,3.81,5.51,195.46,53.21
2025-09-13,9.2,5.6,12.6,15.4,19.8,36,1.7,0.0,71,958.1,255.0,834,0,6.72,7.19,4.0,10.65,161.25,50.75
2025-09-14,7.8,2.2,12.8,11.5,19.0,62,0.0,0.0,66,964.1,75.0,695,0,7.51,7.75,3.64,6.23,173.38,54.08
2025-09-15,10.1,3.8,15.9,17.5,23.8,83,0.0,0.0,62,960.3,220.0,636,0,6.39,6.59,2.35,3.99,159.38,58.62
2025-09-16,11.7,6.1,17.3,11.8,19.0,103,0.3,0.0,62,951.9,100.0,436,0,5.49,6.51,4.22,8.55,185.29,64.21
2025-09-17,11.0,5.8,14.9,5.8,10.6,236,0.3,0.0,73,951.8,60.0,476,0,12.38,15.01,7.99,20.35,185.46,53.08
2025-09-18,10.3,6.8,14.2,5.1,10.5,299,1.3,0.0,84,952.1,40.0,349,0,14.13,16.58,8.55,15.93,230.5,51.71
2025-09-19,9.8,6.8,14.2,7.6,15.4,314,7.2,0.0,84,953.4,45.0,424,0,9.5,10.72,4.46,5.85,222.21,64.17
2025-09-20,10.8,7.9,14.4,8.9,13.0,28,0.4,0.0,79,954.9,85.0,465,0,10.54,11.29,4.83,14.37,201.08,60.08
2025-09-21,12.2,5.7,19.0,8.8,12.6,102,0.0,0.0,68,955.9,75.0,519,0,13.06,14.03,5.26,10.47,189.04,59.75
2025-09-22,14.0,9.1,20.6,9.2,13.3,152,0.2,0.0,62,947.5,50.0,454,0,5.48,6.32,4.83,11.32,209.67,70.96
2025-09-23,11.5,8.8,14.6,11.8,20.3,303,4.7,0.0,77,949.0,105.0,561,0,7.85,9.33,3.61,6.8,191.33,64.33
2025-09-24,13.6,7.3,20.5,13.6,21.0,233,0.0,0.0,67,956.6,105.0,438,0,3.87,3.91,4.15,9.06,192.29,59.67
2025-09-25,15.8,9.4,22.3,5.9,9.8,212,0.0,0.0,67,954.2,25.0,224,0,7.41,7.47,8.77,22.41,329.38,56.46
2025-09-26,15.9,9.7,22.8,5.4,8.4,174,0.0,0.0,68,949.0,30.0,306,0,10.57,10.58,11.62,31.34,316.96,55.12
2025-09-27,15.5,9.2,22.5,7.8,15.1,209,0.0,0.0,59,949.2,65.0,526,0,5.5,5.92,5.67,11.9,212.08,64.5
2025-09-28,11.6,6.4,15.0,12.6,16.8,284,2.1,0.0,75,953.1,90.0,441,0,5.91,7.24,4.2,7.62,173.96,52.75
2025-09-29,4.5,2.3,6.2,16.7,18.3,47,0.1,0.0,75,957.4,480.0,624,0,9.87,10.09,4.75,14.27,156.92,43.12
2025-09-30,1.8,0.3,3.1,16.1,18.6,42,0.4,0.0,80,952.7,545.0,609,0,5.83,6.12,9.12,26.5,165.88,40.5
2025-10-01,2.1,-2.9,5.6,12.4,16.3,319,0.0,0.0,65,953.2,590.0,897,0,8.51,9.0,6.7,16.98,179.5,50.67
2025-10-02,4.0,2.3,5.8,17.9,24.8,257,1.3,0.07,71,954.4,430.0,789,0,6.63,6.75,3.42,7.17,170.04,54.75
2025-10-03,2.4,-1.1,5.3,6.2,9.8,323,0.2,0.0,76,963.7,20.0,603,0,7.29,7.57,5.53,12.12,225.92,48.67
2025-10-04,0.9,-2.6,6.6,11.5,20.2,306,0.0,0.0,72,963.2,35.0,780,0,7.71,8.15,5.12,9.75,214.33,50.12
2025-10-05,-0.9,-5.7,3.2,4.5,7.4,48,0.0,0.0,66,970.2,70.0,562,0,11.51,13.17,7.35,14.52,349.5,47.54
2025-10-06,1.0,-5.7,7.2,4.8,7.5,204,0.0,0.0,60,965.2,30.0,244,1,18.93,20.72,8.99,17.62,279.17,52.79
2025-10-07,2.4,-2.5,8.2,6.6,15.1,27,0.0,0.0,64,961.9,10.0,370,1,15.62,16.85,7.38,13.65,296.08,52.62
2025-10-08,1.0,-4.4,6.6,6.7,10.0,65,0.0,0.0,74,961.9,35.0,247,1,15.92,16.45,10.92,21.83,312.88,40.83
2025-10-09,3.1,-4.9,11.1,5.3,13.2,4,0.0,0.0,65,960.3,10.0,290,1,20.65,20.97,10.4,21.22,380.38,49.04
2025-10-10,3.7,-0.9,9.5,8.3,10.7,72,0.0,0.0,72,961.0,60.0,282,0,8.73,8.84,7.1,18.23,261.21,45.88
2025-10-11,3.3,-1.0,10.3,9.0,19.9,41,0.0,0.0,70,955.4,25.0,278,0,10.59,10.79,7.08,17.38,294.42,45.83
2025-10-12,-0.1,-1.3,1.7,17.9,20.6,67,1.4,0.91,80,956.2,445.0,589,0,3.95,4.09,3.88,9.74,164.42,54.92
2025-10-13,0.3,-3.9,5.0,13.2,15.8,71,0.0,0.0,70,960.9,160.0,431,0,6.61,6.88,2.39,5.24,185.38,65.08
2025-10-14,-3.1,-6.5,2.1,14.8,18.4,62,0.0,0.0,63,967.4,195.0,406,0,7.78,8.08,2.37,6.46,191.83,60.25
2025-10-15,-2.7,-8.4,4.4,16.1,18.9,92,0.0,0.0,58,971.3,310.0,424,0,2.87,3.02,2.15,5.07,197.29,61.21
2025-10-16,-0.6,-6.8,6.5,16.9,20.9,91,0.0,0.0,47,966.5,225.0,375,0,3.94,4.13,2.32,4.1,183.08,67.79
2025-10-17,1.6,-4.5,9.2,12.7,17.2,104,0.0,0.0,44,959.6,80.0,277,0,4.01,4.3,3.54,6.87,213.58,62.92
2025-10-18,3.4,-0.9,8.6,10.4,12.4,227,0.0,0.0,52,956.3,60.0,334,0,7.62,8.97,5.3,13.03,259.83,51.62
2025-10-19,0.5,-4.8,5.9,5.2,10.8,293,0.0,0.0,74,961.0,25.0,330,1,19.62,21.55,10.18,20.82,407.79,39.67
2025-10-20,1.2,-5.0,7.7,8.2,12.5,66,0.0,0.0,63,962.5,30.0,297,1,20.27,21.62,10.55,24.65,317.71,43.29
2025-10-21,2.6,-2.8,9.1,14.0,18.1,64,0.0,0.0,63,963.2,110.0,351,0,11.5,12.85,2.82,9.56,218.29,51.29
2025-10-22,3.5,-1.3,9.8,15.8,17.5,84,0.0,0.0,61,965.9,225.0,340,0,9.17,9.75,2.35,8.54,206.96,57.04
2025-10-23,4.2,-1.7,12.0,11.5,15.4,98,0.0,0.0,53,964.9,95.0,198,0,5.13,5.55,4.1,7.92,228.17,60.75
2025-10-24,5.3,-0.7,12.6,9.3,11.9,107,0.0,0.0,49,959.4,60.0,133,0,11.31,12.04,7.6,14.67,255.88,53.83
2025-10-25,5.5,1.3,9.6,7.1,11.2,97,1.7,0.0,65,950.8,10.0,61,0,26.33,32.29,11.79,17.92,438.62,41.33
2025-10-26,4.4,3.2,6.4,14.6,16.9,35,0.0,0.0,80,952.0,70.0,371,0,12.5,15.27,5.57,11.38,239.17,38.54
2025-10-27,2.7,-0.7,5.5,11.7,12.9,40,0.0,0.0,75,957.9,115.0,395,0,5.97,6.37,8.55,22.87,242.25,39.46
2025-10-28,2.9,-2.0,9.3,10.8,13.1,72,0.0,0.0,67,960.0,95.0,239,0,8.03,8.84,5.03,16.1,245.12,48.75
2025-10-29,3.2,-2.7,10.4,5.6,9.8,92,0.0,0.0,63,960.2,15.0,79,1,23.61,26.74,14.38,36.07,471.08,46.17
2025-10-30,3.3,-2.3,11.1,6.7,10.3,129,0.0,0.0,64,959.2,30.0,79,1,17.6,18.58,11.05,26.29,342.58,52.0
2025-10-31,7.0,0.8,14.1,13.3,20.1,167,0.0,0.0,61,951.0,70.0,344,0,6.98,7.77,4.67,12.0,232.42,61.46
2025-11-01,4.5,1.8,8.2,22.8,32.2,244,11.0,0.0,87,952.8,280.0,913,0,6.2,6.48,3.34,8.4,199.0,48.21
2025-11-02,4.0,2.0,6.8,11.5,17.0,191,0.0,0.0,76,955.1,230.0,551,0,11.39,11.72,5.32,14.58,217.71,47.42
2025-11-03,3.7,1.5,6.0,17.5,22.7,223,2.7,0.35,85,944.8,495.0,738,0,5.33,6.9,3.88,10.24,185.88,46.88
2025-11-04,-5.9,-14.5,1.2,14.5,19.4,307,2.6,1.82,79,954.8,380.0,629,0,3.5,3.96,2.64,5.88,226.04,57.58
2025-11-05,-11.8,-16.4,-8.8,10.8,15.9,295,0.0,0.0,72,967.6,315.0,716,0,6.55,7.02,3.64,8.53,216.5,65.17
2025-11-06,-6.9,-10.4,-3.7,20.1,27.3,227,3.0,2.1,82,964.0,470.0,674,0,6.38,7.09,3.28,7.68,199.25,58.58
2025-11-07,-3.7,-6.8,-0.9,21.2,22.3,229,0.2,0.14,68,958.7,480.0,588,0,3.67,4.22,2.93,7.17,190.96,64.67
2025-11-08,-0.3,-2.7,1.5,22.8,27.4,232,0.0,0.0,54,954.3,470.0,731,0,3.69,4.09,2.77,7.26,165.25,67.96
2025-11-09,1.0,-0.1,2.4,23.4,28.5,224,6.4,4.48,71,947.7,585.0,808,0,6.57,7.4,3.29,7.97,165.54,67.5
2025-11-10,-1.7,-3.8,0.9,18.0,28.5,268,0.6,0.14,89,952.2,540.0,767,0,2.22,2.32,3.67,8.78,216.67,44.54
2025-11-11,-0.5,-2.9,1.4,20.8,26.4,222,0.1,0.07,87,958.7,640.0,780,0,6.14,6.36,3.04,8.86,190.5,51.29
2025-11-12,1.5,0.3,2.6,20.3,24.8,231,4.5,0.07,95,953.6,400.0,599,0,3.62,4.22,3.55,7.67,185.92,55.12
2025-11-13,-2.9,-5.1,0.8,8.9,15.4,311,0.0,0.0,83,963.8,350.0,533,0,4.85,5.35,6.36,16.97,241.08,49.0
2025-11-14,-3.0,-6.6,2.2,7.2,10.3,135,0.0,0.0,64,968.1,65.0,184,1,15.72,17.35,12.9,36.03,323.08,41.71
2025-11-15,0.3,-2.9,5.7,7.3,9.7,155,0.0,0.0,52,965.5,60.0,144,0,9.76,10.37,7.58,16.44,289.58,51.42
2025-11-16,1.4,-1.7,7.1,7.6,10.1,134,0.0,0.0,47,962.1,55.0,136,0,7.83,8.42,6.23,14.25,290.17,63.75
2025-11-17,1.5,-1.9,6.8,10.7,13.4,214,0.0,0.0,57,962.6,45.0,207,1,10.18,12.83,6.24,14.95,286.12,55.88
2025-11-18,1.1,-2.7,7.5,6.7,9.0,112,0.0,0.0,66,964.2,30.0,53,1,24.29,28.97,13.71,31.88,450.33,37.83
2025-11-19,1.5,-1.4,8.0,7.2,10.1,144,0.0,0.0,55,960.3,40.0,87,1,16.48,17.67,10.96,24.99,407.5,48.25
2025-11-20,1.3,-3.2,5.7,12.3,16.0,222,0.0,0.0,68,962.3,75.0,242,0,6.88,9.11,5.4,12.84,270.12,45.08
2025-11-21,3.1,-0.1,4.5,13.3,17.4,244,6.5,0.0,94,964.2,165.0,309,0,6.8,10.7,5.38,11.21,319.21,40.0
2025-11-22,-2.4,-5.4,0.1,10.7,15.4,89,0.0,0.0,75,972.4,175.0,330,0,5.79,6.73,4.01,10.97,227.46,48.92
2025-11-23,0.3,-2.2,2.3,18.0,22.3,216,0.0,0.0,75,965.4,385.0,461,0,10.56,15.0,4.26,13.56,194.83,51.17
2025-11-24,1.5,0.7,2.4,14.8,22.8,240,4.7,0.0,98,960.8,65.0,352,0,7.38,10.98,5.89,11.37,395.62,46.54
2025-11-25,2.2,-0.3,5.5,12.1,18.7,213,0.0,0.0,92,964.5,30.0,289,0,10.32,12.84,6.06,13.07,315.0,43.67
2025-11-26,2.9,0.7,6.7,13.2,18.3,221,0.0,0.0,76,956.3,145.0,318,0,5.68,7.79,4.21,10.46,246.92,62.0
2025-11-27,-0.2,-2.0,1.9,10.5,13.2,271,0.1,0.07,89,955.4,205.0,342,0,5.81,7.54,5.19,12.18,252.04,41.21
2025-11-28,-2.5,-4.0,-1.6,5.6,7.2,33,0.0,0.0,69,964.7,195.0,545,0,4.15,4.43,5.37,15.08,280.79,60.46
2025-11-29,-3.2,-6.7,1.0,10.6,12.4,174,0.0,0.0,68,963.8,155.0,381,0,6.75,7.34,5.0,13.72,248.42,50.75
2025-11-30,-2.0,-4.7,-0.4,8.2,11.3,240,0.0,0.0,84,961.6,230.0,269,0,12.52,14.02,7.91,19.43,276.62,33.33
2025-12-01,-0.1,-1.2,1.2,4.3,7.3,221,0.0,0.0,80,963.7,10.0,142,0,17.62,18.79,9.38,19.08,582.46,29.96
2025-12-02,-1.2,-4.9,1.4,4.2,8.0,53,0.0,0.0,84,961.7,10.0,147,1,15.32,16.47,8.92,18.95,595.46,25.67
2025-12-03,-1.6,-2.4,-0.5,5.0,7.6,105,1.2,0.84,88,958.0,150.0,266,0,11.72,12.23,12.75,31.68,351.25,23.88
2025-12-04,-2.3,-2.9,-1.3,12.4,17.3,244,0.1,0.07,88,958.0,240.0,451,0,8.52,9.25,5.77,16.0,229.17,53.46
2025-12-05,-2.4,-3.6,-1.9,11.9,17.0,254,0.0,0.0,85,961.3,290.0,502,0,7.4,7.76,5.21,14.65,224.17,56.71
2025-12-06,-2.3,-3.7,-0.4,11.1,18.3,218,0.0,0.0,85,963.8,245.0,477,0,15.17,17.88,7.56,20.99,243.62,51.0
2025-12-07,-1.8,-3.1,-0.7,8.1,15.0,240,1.8,0.14,94,960.2,175.0,362,0,7.84,9.71,6.96,21.13,322.29,55.46
2025-12-08,-1.2,-2.1,-0.5,11.4,16.7,210,3.1,1.82,91,955.8,245.0,462,0,9.64,11.63,7.48,17.84,263.62,58.17
2025-12-09,-11.2,-22.5,-3.0,16.0,19.6,269,3.0,2.1,81,955.1,400.0,650,0,4.19,4.48,3.31,9.51,221.33,42.08
2025-12-10,-22.8,-25.6,-20.0,8.7,17.9,330,0.0,0.0,73,970.6,10.0,361,1,9.33,12.03,4.53,12.14,509.96,66.38
2025-12-11,-16.4,-26.2,-9.8,10.7,14.0,123,0.0,0.0,65,972.5,65.0,153,1,12.62,14.9,7.01,17.7,303.62,67.96
2025-12-12,-5.3,-10.3,-2.2,11.9,16.9,161,0.0,0.0,59,951.4,95.0,345,0,7.61,9.4,4.42,11.44,254.25,80.71
2025-12-13,-3.0,-5.9,-0.8,18.3,22.5,222,3.4,2.31,92,945.2,515.0,682,0,4.35,5.29,4.08,11.45,230.5,51.42
2025-12-14,-2.2,-5.9,2.7,15.4,25.6,188,0.2,0.0,90,945.1,340.0,554,0,3.11,3.2,4.61,12.69,237.17,60.0
2025-12-15,-7.3,-9.9,2.8,27.8,37.4,225,5.3,2.8,81,948.8,870.0,1487,0,2.57,3.22,2.3,7.96,185.42,61.88
2025-12-16,-8.0,-10.1,-5.3,25.0,32.1,221,1.4,0.91,82,953.8,1100.0,1391,0,3.45,4.31,2.65,8.39,180.12,67.21
2025-12-17,-14.2,-16.2,-11.0,16.6,22.4,242,0.0,0.0,80,956.0,510.0,661,0,4.37,5.13,3.81,11.03,223.5,57.42
2025-12-18,-13.9,-16.5,-10.6,13.3,14.7,235,0.1,0.07,84,961.6,340.0,417,0,8.95,10.0,4.9,10.68,272.75,48.33
2025-12-19,-8.8,-10.9,-7.3,16.6,20.2,215,0.4,0.35,84,963.3,420.0,507,0,11.2,12.12,3.96,10.12,244.33,54.08
2025-12-20,-8.0,-9.3,-6.7,17.7,22.1,211,2.7,1.89,84,949.3,430.0,630,0,5.74,6.17,3.61,9.67,218.62,59.75
2025-12-21,-13.1,-20.1,-7.7,8.6,15.0,265,0.7,0.49,85,955.9,125.0,332,0,7.88,8.14,7.93,16.9,389.96,42.33
2025-12-22,-13.2,-19.6,-6.6,16.1,20.2,221,0.0,0.0,85,964.0,240.0,428,0,4.71,4.73,4.19,9.7,251.38,49.25
2025-12-23,-4.1,-7.9,-2.6,14.0,16.9,206,0.2,0.07,90,961.6,315.0,456,0,4.25,4.36,4.25,10.77,228.29,59.17
2025-12-24,-5.8,-8.7,-3.7,16.5,19.1,203,1.3,0.91,85,957.1,315.0,509,0,7.7,8.64,3.7,10.13,222.54,67.29
2025-12-25,-4.7,-7.6,-3.3,18.9,23.4,220,3.6,2.45,91,950.9,325.0,647,0,3.95,4.39,3.56,9.78,224.25,58.92
2025-12-26,-15.4,-26.6,-6.9,12.9,20.2,249,3.3,2.31,83,950.0,140.0,394,0,5.07,5.34,4.27,9.79,272.67,57.88
2025-12-27,-22.7,-26.0,-18.4,7.3,11.5,201,0.0,0.0,78,957.6,30.0,109,0,16.48,17.0,8.59,16.95,474.42,52.83
2025-12-28,-18.0,-24.5,-11.7,9.1,12.2,120,0.0,0.0,73,953.5,35.0,86,1,13.57,14.6,7.7,18.38,367.42,68.38
2025-12-29,-5.5,-9.1,-2.8,12.3,17.3,155,0.1,0.07,78,946.9,85.0,209,1,11.38,16.46,4.12,10.1,271.33,83.71
2025-12-30,1.0,-2.6,2.6,16.4,25.2,184,0.7,0.0,86,941.0,210.0,440,0,12.58,18.82,4.21,10.7,240.17,85.5
2025-12-31,0.4,-3.0,2.2,13.8,26.6,191,4.4,1.68,95,944.7,55.0,410,0,5.6,7.27,4.42,9.42,294.04,68.04
2026-01-01,-7.4,-10.5,-3.6,12.4,23.5,229,0.1,0.07,88,961.1,145.0,411,0,3.44,3.58,6.2,18.53,263.0,65.62
2026-01-02,-7.9,-12.2,-4.2,8.3,12.7,110,0.0,0.0,86,959.1,60.0,151,0,7.27,7.62,6.6,19.44,316.83,69.12
2026-01-03,-6.4,-10.9,-4.5,7.6,11.7,166,0.0,0.0,87,956.1,45.0,214,0,14.04,16.68,9.03,22.26,373.75,66.75
2026-01-04,-5.6,-11.2,-2.9,13.4,17.2,204,3.7,2.59,89,958.9,80.0,473,0,8.87,11.61,4.75,12.38,264.96,55.88
2026-01-05,-8.6,-10.4,-7.1,17.4,20.8,227,0.6,0.42,88,967.7,420.0,522,0,2.53,2.61,4.15,10.57,222.54,66.04
2026-01-06,-6.5,-9.8,-5.2,22.8,29.4,226,1.3,0.91,84,963.6,445.0,634,0,5.59,6.97,2.47,7.27,204.79,71.04
2026-01-07,-9.4,-11.2,-7.5,13.6,15.8,250,0.0,0.0,90,967.0,450.0,490,0,2.31,2.55,3.56,10.63,227.79,74.71
2026-01-08,-12.8,-15.3,-11.2,7.7,13.3,237,0.0,0.0,86,970.4,70.0,272,0,11.1,11.86,10.74,28.42,376.96,67.29
2026-01-09,-11.1,-15.4,-6.7,8.9,11.4,124,0.0,0.0,68,963.3,60.0,98,0,12.15,13.43,7.32,15.9,352.67,71.29
2026-01-10,-7.2,-12.1,-3.0,8.7,14.2,185,0.0,0.0,65,953.3,50.0,173,0,11.64,14.28,5.05,10.72,325.67,82.92
2026-01-11,-1.8,-6.8,1.9,11.2,19.2,184,0.0,0.0,74,948.5,50.0,222,0,15.92,20.52,5.33,11.36,329.5,85.38
2026-01-12,-4.5,-10.0,0.9,25.2,30.2,238,7.9,5.18,91,949.6,550.0,765,0,3.3,4.73,2.8,7.88,235.08,60.67
2026-01-13,-12.9,-16.9,-10.2,10.8,21.9,296,0.1,0.07,83,964.5,195.0,377,0,5.72,6.07,6.03,13.67,302.71,58.83
2026-01-14,-19.4,-22.9,-17.2,19.9,22.3,67,0.0,0.0,76,967.3,275.0,360,0,3.62,3.71,3.74,9.57,227.0,54.54
2026-01-15,-20.9,-23.6,-17.1,20.1,23.6,72,0.0,0.0,73,970.4,275.0,354,0,2.69,2.9,3.94,6.26,212.25,67.25
2026-01-16,-23.1,-27.2,-19.3,18.3,20.8,57,0.0,0.0,73,971.3,245.0,349,0,3.72,3.92,6.62,9.03,224.08,61.79
2026-01-17,-25.6,-28.5,-21.7,13.4,16.3,70,0.0,0.0,69,975.4,130.0,228,0,3.93,4.17,4.02,5.87,250.83,65.17
2026-01-18,-23.1,-26.1,-18.5,6.0,11.4,112,0.0,0.0,65,969.8,20.0,63,0,15.83,17.1,9.02,18.72,467.92,64.92
2026-01-19,-19.5,-24.6,-14.1,7.9,12.8,190,0.0,0.0,67,962.4,50.0,139,0,17.88,20.4,5.82,9.82,354.58,73.92
2026-01-20,-16.0,-19.0,-12.4,13.3,15.3,207,0.0,0.0,72,958.4,210.0,336,0,21.2,26.1,4.23,8.81,269.0,72.04
2026-01-21,-16.8,-21.6,-12.9,7.5,12.6,196,0.0,0.0,78,958.0,20.0,154,0,27.72,31.33,9.92,24.07,429.17,58.71
2026-01-22,-18.2,-22.2,-13.9,11.9,15.7,60,0.0,0.0,79,955.4,30.0,190,0,16.24,17.64,5.76,10.51,290.33,60.54
2026-01-23,-17.0,-22.5,-14.2,10.2,14.7,50,2.7,1.89,80,955.3,15.0,213,0,9.96,11.16,10.97,12.92,321.12,48.42
2026-01-24,-19.4,-27.1,-13.5,5.1,8.0,175,0.2,0.14,82,957.6,25.0,104,0,22.57,24.22,13.87,31.33,583.75,47.71
2026-01-25,-13.3,-18.4,-9.0,6.9,9.7,123,0.8,0.56,81,955.3,45.0,107,0,17.56,24.66,6.68,15.1,414.88,73.08
2026-01-26,-11.5,-16.0,-8.7,5.1,8.5,226,0.9,0.63,88,956.6,20.0,157,0,16.57,19.54,9.65,26.87,550.58,68.21
2026-01-27,-11.5,-16.3,-6.9,8.4,13.7,66,0.5,0.35,85,958.4,40.0,161,0,9.31,10.01,5.88,12.03,489.62,65.46
2026-01-28,-12.2,-17.0,-10.1,6.9,12.1,42,0.8,0.56,86,960.0,75.0,118,0,10.01,11.35,6.27,10.76,555.79,63.21
2026-01-29,-14.7,-19.7,-10.0,4.8,7.3,194,0.0,0.0,88,967.3,20.0,115,0,15.33,15.71,11.45,26.61,551.17,70.21
2026-01-30,-17.2,-25.8,-9.1,8.2,11.8,102,0.0,0.0,71,961.3,20.0,38,0,21.9,24.8,12.58,34.36,471.38,72.33
2026-01-31,-11.8,-16.7,-4.4,9.1,11.7,106,0.0,0.0,71,956.0,25.0,43,0,21.6,28.53,9.22,23.46,446.67,76.42
2026-02-01,-9.4,-12.9,-3.8,9.6,12.5,106,0.0,0.0,77,955.6,40.0,56,0,25.46,34.73,6.8,17.8,446.83,94.29
2026-02-02,-5.5,-11.4,0.3,9.1,11.5,143,0.7,0.49,85,952.7,40.0,167,0,24.58,37.18,5.81,14.91,392.75,94.38
2026-02-03,-9.0,-16.2,-2.0,8.0,10.6,11,0.6,0.28,89,955.9,125.0,189,0,11.96,17.31,7.81,13.42,353.75,69.17
2026-02-04,-11.1,-17.7,-5.7,8.9,12.5,123,0.0,0.0,85,959.9,85.0,168,0,6.48,8.25,6.66,11.57,322.83,74.62
2026-02-05,-4.6,-8.8,-1.0,13.4,18.7,158,0.0,0.0,77,950.2,165.0,298,0,7.22,11.85,3.17,7.33,272.38,99.54
2026-02-06,-2.7,-9.9,0.7,24.5,28.4,207,2.1,0.63,86,947.2,385.0,786,0,4.22,9.39,2.88,8.25,215.67,72.46
2026-02-07,-12.0,-14.7,-10.4,15.2,22.7,241,1.9,1.33,85,960.7,375.0,462,0,6.61,6.95,4.05,10.19,265.46,65.83
2026-02-08,-12.4,-17.8,-7.8,12.4,18.6,174,0.0,0.0,77,959.8,180.0,283,0,6.61,7.4,3.84,8.97,256.0,80.75
2026-02-09,-2.6,-7.6,2.0,16.3,19.4,178,1.5,1.05,72,939.3,380.0,502,0,9.5,18.81,3.05,8.06,214.67,93.38
2026-02-10,0.4,-0.7,3.0,21.9,30.7,211,5.9,2.24,92,935.7,365.0,722,0,4.79,8.46,3.01,7.73,200.83,77.38
2026-02-11,-10.7,-16.3,0.2,25.0,30.3,242,5.6,3.99,82,946.0,775.0,903,0,2.54,3.12,2.0,7.02,205.83,78.33
2026-02-12,-18.3,-22.0,-15.5,9.0,19.1,224,0.2,0.14,80,961.9,35.0,240,0,12.48,13.4,7.36,18.71,362.54,73.92
2026-02-13,-17.4,-22.7,-10.5,10.0,12.6,99,0.0,0.0,74,960.3,35.0,63,0,11.25,12.52,5.89,14.29,382.08,73.04
2026-02-14,-15.7,-20.0,-9.3,8.0,11.5,111,0.0,0.0,66,958.5,25.0,43,0,18.89,20.32,9.32,27.65,470.29,85.5
2026-02-15,-11.1,-18.7,-3.5,10.6,12.9,118,0.0,0.0,76,957.9,30.0,94,0,15.82,18.86,6.92,18.63,309.67,91.79
2026-02-16,-3.0,-8.2,1.1,13.4,14.9,177,0.0,0.0,82,952.2,95.0,250,0,13.54,20.89,3.52,8.37,247.92,106.5
2026-02-17,-0.5,-3.5,1.4,13.8,19.3,218,0.0,0.0,92,954.7,120.0,351,0,17.24,31.76,3.88,9.58,256.58,89.04
2026-02-18,1.5,0.6,2.5,20.7,25.9,223,2.7,0.49,98,949.1,190.0,581,0,6.4,13.54,2.93,7.01,226.88,69.54
2026-02-19,-6.8,-16.1,0.3,15.3,19.6,37,13.8,9.59,90,952.1,85.0,308,0,1.75,2.0,3.45,7.41,257.92,72.0
2026-02-20,-14.4,-19.1,-9.9,13.2,21.8,81,0.0,0.0,77,964.6,60.0,193,0,6.23,7.88,5.34,12.33,280.29,76.5
2026-02-21,-8.2,-12.8,-5.0,17.0,23.9,176,5.3,3.71,78,955.0,135.0,526,0,4.23,5.5,3.04,7.14,226.29,87.62
2026-02-22,-5.9,-8.9,-2.8,14.4,25.4,217,1.7,1.19,89,952.1,200.0,673,0,3.01,3.21,3.45,10.97,251.5,79.0
2026-02-23,-15.2,-21.0,-3.5,22.4,33.2,256,2.8,1.96,80,949.1,65.0,644,0,5.03,5.71,3.07,7.03,255.88,81.83
2026-02-24,-21.8,-27.3,-16.7,5.4,10.7,59,0.0,0.0,78,964.9,10.0,62,0,16.04,17.47,7.31,21.27,495.96,77.92
2026-02-25,-18.2,-22.8,-12.8,12.1,16.4,73,0.0,0.0,70,965.4,50.0,154,0,12.26,13.68,3.59,8.02,273.83,82.83
2026-02-26,-20.6,-25.2,-17.5,17.8,20.6,60,0.0,0.0,72,961.3,190.0,308,0,9.87,11.31,3.19,8.84,238.42,72.21
2026-02-27,-25.8,-29.2,-21.1,10.9,16.3,57,0.0,0.0,72,963.3,25.0,172,0,11.14,11.94,9.48,20.72,347.83,59.67
2026-02-28,-26.0,-31.7,-19.9,2.2,4.7,205,0.0,0.0,77,962.5,10.0,60,0,20.56,22.78,11.45,33.54,761.67,67.79
2026-03-01,-20.6,-28.5,-13.0,8.0,11.1,118,0.0,0.0,75,962.6,25.0,105,0,20.27,23.31,9.75,27.45,442.88,74.83
2026-03-02,-13.4,-16.8,-9.6,10.6,15.1,207,0.0,0.0,80,958.1,120.0,239,0,16.22,22.65,4.66,10.6,293.83,90.58
2026-03-03,-7.9,-11.1,-5.6,15.9,20.0,226,1.8,1.26,86,957.1,105.0,464,0,11.1,16.78,3.32,8.92,249.17,87.75
2026-03-04,-6.2,-11.0,-1.1,9.0,13.3,182,0.0,0.0,82,955.9,55.0,207,0,16.77,25.31,4.49,9.74,278.88,92.88
2026-03-05,-4.5,-7.8,-2.6,14.9,17.4,219,1.1,0.77,92,953.4,165.0,443,0,6.53,9.26,3.54,8.42,226.25,90.71
2026-03-06,-2.7,-4.2,-1.5,13.1,20.5,231,1.0,0.7,91,957.1,115.0,499,0,4.62,4.95,5.37,13.81,247.96,81.25
2026-03-07,-2.1,-4.3,0.1,19.5,26.8,203,0.1,0.07,90,956.2,425.0,634,0,3.62,4.83,3.09,8.72,197.21,95.58
2026-03-08,-1.5,-4.9,1.7,20.4,29.4,216,2.5,1.19,89,950.4,405.0,808,0,3.73,5.58,2.68,7.66,201.75,92.04
2026-03-09,-3.4,-6.4,0.2,14.2,24.6,227,2.0,1.33,89,947.0,280.0,666,0,4.63,5.5,3.6,10.42,244.71,82.62
2026-03-10,-12.0,-23.8,-3.3,25.3,40.8,233,0.6,0.49,81,949.1,265.0,913,0,6.77,8.95,2.97,7.38,225.33,79.0
2026-03-11,-20.7,-25.6,-15.7,21.2,28.5,228,0.0,0.0,74,973.6,365.0,578,0,9.91,13.38,2.26,6.75,231.67,84.33
2026-03-12,-10.1,-15.2,-5.9,25.4,30.4,224,2.8,1.96,82,970.4,600.0,685,0,18.58,24.87,2.29,6.82,233.25,82.58
2026-03-13,-4.4,-6.0,-2.1,19.8,23.8,230,0.0,0.0,87,967.8,415.0,563,0,14.4,22.95,3.01,8.35,229.25,82.88
2026-03-14,-2.2,-5.7,-0.1,13.6,17.9,239,0.0,0.0,88,965.8,205.0,445,0,20.0,42.33,3.56,10.06,246.62,87.62
2026-03-15,-4.2,-6.2,-2.2,9.2,14.3,249,1.3,0.91,91,964.5,90.0,233,0,6.86,9.71,4.84,10.3,445.21,91.71
2026-03-16,-1.9,-4.3,0.6,9.9,14.6,100,0.0,0.0,87,967.7,100.0,337,0,5.08,5.23,4.05,10.16,376.42,90.42
2026-03-17,-5.0,-9.2,0.1,9.4,12.3,80,0.0,0.0,87,960.9,35.0,161,0,8.85,9.92,3.9,12.68,328.29,89.29
2026-03-18,-6.3,-11.8,-1.8,4.8,8.3,5,0.0,0.0,95,957.1,20.0,112,0,5.87,6.42,5.47,13.62,425.17,86.54
2026-03-19,-5.2,-8.2,-2.2,4.5,10.9,283,0.0,0.0,96,958.2,10.0,163,0,5.35,7.02,5.45,13.67,399.5,104.08
2026-03-20,-4.8,-7.7,-0.1,4.1,8.5,66,0.0,0.0,94,959.0,30.0,96,0,10.62,13.85,10.01,30.96,457.46,105.29
2026-03-21,-3.6,-9.6,3.2,5.6,10.9,91,0.0,0.0,81,952.4,10.0,38,0,25.08,35.74,12.1,42.51,572.75,109.46
2026-03-22,-1.2,-7.8,4.5,5.3,7.8,274,0.0,0.0,76,950.3,25.0,119,0,31.17,41.34,7.51,20.88,474.58,95.75
2026-03-23,-0.5,-5.4,4.2,5.7,10.7,339,0.0,0.0,87,952.2,30.0,212,0,18.33,25.97,5.15,13.79,383.29,86.42
2026-03-24,-2.1,-4.1,1.8,6.5,9.6,273,0.0,0.0,92,960.7,30.0,226,0,11.39,13.09,7.99,25.89,336.04,94.79
2026-03-25,1.5,-4.3,7.6,5.4,9.6,122,0.0,0.0,74,961.1,30.0,259,0,18.05,20.54,8.37,28.95,334.67,80.04
2026-03-26,5.3,-0.9,14.1,9.5,13.3,84,0.0,0.0,62,958.2,55.0,205,0,13.1,16.68,4.12,10.84,250.96,70.83
2026-03-27,6.3,0.4,13.5,14.1,17.7,81,0.0,0.0,62,959.4,70.0,380,0,7.84,20.2,2.33,6.99,212.54,74.58
2026-03-28,6.7,1.6,14.4,15.1,16.6,79,0.0,0.0,77,956.3,170.0,410,0,18.63,48.2,2.36,12.95,208.04,74.54
2026-03-29,7.2,-0.1,16.6,10.7,14.2,82,0.0,0.0,66,952.8,75.0,246,0,9.02,12.83,2.85,7.73,211.12,71.54
2026-03-30,8.5,1.2,17.5,12.1,15.4,90,0.0,0.0,55,951.4,90.0,320,0,4.86,6.52,2.75,7.48,180.83,70.46
2026-03-31,9.4,1.6,18.9,7.6,12.0,83,0.0,0.0,59,949.1,40.0,221,0,5.43,9.78,4.17,11.41,273.12,64.58
2026-04-01,9.3,1.7,17.3,9.3,16.8,55,0.0,0.0,63,949.8,10.0,276,0,8.88,13.62,3.93,13.02,256.83,62.88
2026-04-02,10.3,1.8,20.1,8.7,16.2,96,0.0,0.0,66,952.4,30.0,293,0,8.38,9.74,6.52,25.68,289.12,67.12
2026-04-03,11.9,3.7,21.2,8.0,14.8,79,0.0,0.0,59,950.2,15.0,338,0,6.78,8.04,4.04,11.23,253.54,69.12
2026-04-04,12.3,3.6,21.4,10.1,14.7,149,0.3,0.0,52,944.5,45.0,334,0,3.6,4.53,4.42,11.75,216.92,72.25
2026-04-05,10.9,7.4,13.9,13.8,23.4,249,0.2,0.0,78,944.1,45.0,538,0,11.67,14.51,3.76,10.27,225.5,73.83
2026-04-06,9.4,1.6,15.9,4.5,12.1,51,0.0,0.0,74,947.6,10.0,563,0,17.88,20.19,7.25,19.02,331.21,71.21
2026-04-07,11.9,5.3,19.5,9.5,12.7,128,0.0,0.0,65,946.1,25.0,693,0,11.04,13.51,3.4,10.75,244.79,77.46
2026-04-08,10.2,7.5,12.4,11.7,19.6,44,1.1,0.0,73,946.7,20.0,363,0,14.02,15.83,2.93,6.7,236.04,70.92
2026-04-09,9.0,5.9,13.9,13.9,21.2,129,8.1,0.0,83,948.4,60.0,368,0,10.21,17.28,4.36,13.37,198.08,70.58
2026-04-10,7.9,4.7,10.6,13.6,17.9,270,2.2,0.0,90,953.7,325.0,444,0,8.99,11.36,3.75,9.24,216.75,52.25
2026-04-11,8.3,3.1,13.9,7.3,12.5,26,0.0,0.0,78,961.3,30.0,461,0,12.75,16.68,4.1,12.68,227.92,63.88
2026-04-12,8.9,2.0,15.4,5.6,10.6,89,0.0,0.0,68,961.5,20.0,433,0,11.1,13.47,4.52,13.76,265.33,67.42
2026-04-13,9.8,3.1,16.9,9.3,17.9,350,0.5,0.0,73,958.6,10.0,537,0,7.57,8.9,4.11,8.97,225.42,70.88
2026-04-14,7.3,1.1,13.5,7.8,15.4,70,0.0,0.0,65,958.3,10.0,449,0,5.51,5.82,6.6,21.7,263.25,73.62
2026-04-15,7.1,2.3,13.5,11.6,22.0,32,4.5,1.05,74,949.7,20.0,393,0,10.72,13.97,5.2,11.98,207.88,70.88
2026-04-16,-1.5,-3.7,1.7,19.5,23.6,49,7.3,4.55,87,948.8,480.0,584,0,10.02,11.92,5.1,14.15,189.96,75.5
2026-04-17,-1.2,-5.5,4.0,15.4,21.6,28,0.0,0.0,61,955.8,45.0,838,0,7.4,9.02,3.89,10.67,212.33,83.96
2026-04-18,3.4,-2.6,10.2,9.3,11.2,227,0.0,0.0,59,964.0,50.0,513,0,13.03,14.65,4.47,13.46,203.5,91.71
2026-04-19,6.4,-1.3,13.7,6.1,10.2,72,0.0,0.0,55,957.2,35.0,534,0,26.37,29.58,6.57,21.86,200.38,97.25
2026-04-20,9.1,-0.3,17.0,4.8,8.5,120,0.0,0.0,54,953.9,15.0,490,0,15.6,16.75,7.7,22.35,222.29,80.04
2026-04-21,12.9,6.3,19.9,9.2,14.5,171,0.4,0.0,54,948.1,70.0,698,0,5.17,9.99,4.37,9.72,189.58,83.25
2026-04-22,15.2,8.7,21.9,13.0,25.3,183,0.8,0.0,58,943.4,30.0,580,0,14.09,34.19,4.83,11.69,170.04,80.62
2026-04-23,13.5,10.2,16.0,13.5,19.3,242,1.5,0.0,77,943.7,160.0,561,0,12.79,23.45,3.65,8.74,173.08,80.12
2026-04-24,12.4,4.5,19.4,7.9,15.7,219,0.0,0.0,68,952.6,25.0,688,0,9.77,12.97,5.08,12.45,197.42,76.54
2026-04-25,16.0,8.2,22.7,11.8,20.6,185,0.0,0.0,58,952.1,25.0,816,0,7.96,13.27,4.09,9.54,169.5,77.75
2026-04-26,14.0,5.3,23.7,18.9,31.3,207,6.5,0.0,64,948.8,60.0,847,0,5.51,9.35,2.69,6.7,165.79,88.88
2026-04-27,8.1,1.9,13.3,7.2,13.9,317,0.0,0.0,65,958.4,40.0,732,0,10.03,10.75,3.85,7.97,202.21,76.54
2026-04-28,10.7,4.1,16.7,14.4,18.3,88,0.0,0.0,51,960.0,130.0,677,0,7.5,8.19,2.62,9.15,163.71,79.38
2026-04-29,13.4,4.9,22.4,9.4,17.7,88,0.0,0.0,51,957.0,40.0,382,0,2.99,3.2,4.08,9.78,176.38,80.33
2026-04-30,17.0,9.2,26.4,10.0,13.9,112,0.0,0.0,38,953.2,50.0,629,0,2.47,2.7,3.76,7.95,161.79,81.12
2026-05-01,18.9,10.5,26.6,13.2,17.5,172,0.0,0.0,35,948.6,85.0,917,0,2.62,4.38,3.16,7.8,153.38,86.96
2026-05-02,14.6,8.7,19.2,11.1,16.1,309,0.0,0.0,50,954.6,80.0,645,0,4.54,5.16,2.95,7.05,175.21,85.25
2026-05-03,14.1,9.3,19.0,11.4,13.7,20,0.0,0.0,43,956.3,155.0,698,0,2.57,2.72,2.63,4.55,181.62,81.54
2026-05-04,14.6,8.1,20.6,8.0,12.7,95,0.0,0.0,39,957.2,100.0,784,0,6.27,6.54,4.05,11.15,185.79,81.58
2026-05-05,17.8,9.9,24.8,13.0,16.6,192,0.0,0.0,36,954.3,115.0,904,0,4.3,4.83,3.41,9.19,164.33,81.17
2026-05-06,20.1,13.0,27.1,12.4,17.3,222,0.0,0.0,33,953.4,120.0,999,0,6.31,17.31,3.52,7.74,164.58,81.67
2026-05-07,21.3,13.5,29.3,11.8,18.7,196,0.3,0.0,42,951.2,80.0,1101,0,5.73,12.44,3.51,7.36,169.83,80.17
2026-05-08,19.6,13.5,26.0,7.1,18.6,211,0.8,0.0,57,950.1,25.0,476,0,11.65,22.12,6.31,18.29,187.42,81.33
2026-05-09,20.4,14.0,25.6,15.4,23.7,229,0.0,0.0,46,946.4,30.0,1371,0,7.0,15.84,3.35,7.29,160.33,95.58
2026-05-10,13.2,8.2,16.7,14.3,23.4,282,1.6,0.0,61,944.5,250.0,793,0,7.4,11.24,2.8,5.64,152.21,77.79
2026-05-11,7.1,3.4,10.2,13.8,19.5,331,0.0,0.0,44,955.8,160.0,1271,0,6.02,7.09,2.5,4.84,153.12,80.17
2026-05-12,7.9,0.2,14.0,12.4,19.4,268,0.0,0.0,45,962.2,85.0,1031,0,5.33,5.75,3.45,6.41,158.46,78.96
2026-05-13,10.0,7.2,13.5,8.0,13.4,264,0.3,0.0,50,959.7,95.0,581,0,8.15,9.81,4.48,6.82,157.0,61.67
2026-05-14,11.7,4.2,17.8,12.0,19.4,42,0.0,0.0,46,959.1,45.0,1048,0,9.72,11.56,3.81,3.82,171.79,67.92
2026-05-15,11.9,3.9,18.7,11.2,16.3,83,0.0,0.0,32,960.2,130.0,776,0,1.39,1.53,3.2,6.73,160.83,73.08
2026-05-16,15.5,6.3,22.6,8.5,14.5,75,0.0,0.0,29,956.6,65.0,766,0,1.97,2.31,3.23,5.38,155.62,68.75
2026-05-17,18.8,10.5,24.8,11.6,17.6,36,0.0,0.0,37,956.3,15.0,1078,0,4.85,7.21,3.14,3.55,158.38,80.17
2026-05-18,17.1,10.6,22.8,13.6,15.7,54,0.0,0.0,28,954.4,180.0,790,0,1.31,1.37,3.54,8.57,145.46,78.38
2026-05-19,15.5,8.8,21.1,12.7,17.0,62,0.0,0.0,25,953.8,100.0,879,0,2.25,2.42,3.49,7.4,146.92,77.42
2026-05-20,15.6,6.8,22.8,8.1,11.3,194,0.0,0.0,25,952.2,70.0,670,0,2.31,2.37,4.65,10.35,162.29,81.29
2026-05-21,11.7,6.3,16.4,17.1,26.8,30,0.2,0.0,52,947.3,60.0,733,0,4.59,5.07,3.09,5.3,148.46,74.12
2026-05-22,7.9,3.2,12.0,14.9,18.8,35,0.0,0.0,50,955.2,60.0,974,0,8.48,9.45,2.69,6.95,149.83,68.75
2026-05-23,11.8,2.2,19.0,11.0,17.9,258,0.0,0.0,46,956.4,35.0,755,0,3.95,4.17,5.06,8.15,175.04,67.33
2026-05-24,17.0,12.2,21.9,10.5,15.6,285,0.9,0.0,47,954.7,30.0,810,0,7.51,8.85,2.46,5.4,144.21,73.67
2026-05-25,19.9,10.9,26.5,8.3,13.0,179,0.0,0.0,45,955.3,30.0,935,0,11.28,13.32,4.28,9.75,150.0,78.92
2026-05-26,21.9,13.9,28.5,7.6,16.8,126,0.4,0.0,41,950.3,30.0,972,0,12.32,15.29,5.62,10.28,170.96,80.33
2026-05-27,22.4,16.3,29.4,14.0,25.2,166,0.0,0.0,37,943.8,135.0,1484,0,8.74,11.2,3.15,5.38,138.33,84.92
2026-05-28,15.0,11.1,19.3,21.6,33.0,231,8.3,0.0,70,945.1,430.0,1087,0,9.65,18.34,2.46,4.95,125.38,81.83
2026-05-29,18.4,11.1,24.8,18.4,29.4,237,0.0,0.0,49,954.6,50.0,1192,0,11.86,29.47,2.73,4.76,133.38,74.67
2026-05-30,22.6,13.4,30.0,9.2,15.1,156,0.0,0.0,39,953.7,45.0,1105,0,6.69,14.08,4.63,6.52,140.67,72.12
2026-05-31,26.1,17.9,33.1,9.2,13.7,152,0.0,0.0,30,948.1,10.0,1291,0,5.5,9.21,4.08,5.6,151.54,75.46
2026-06-01,25.1,19.0,34.1,10.3,21.6,86,4.8,0.0,39,946.2,40.0,746,0,7.3,13.84,3.43,5.66,143.5,80.21
2026-06-02,23.3,17.7,27.7,11.5,14.6,333,0.0,0.0,39,950.2,70.0,948,0,8.1,13.26,2.68,5.73,140.0,85.42
2026-06-03,23.4,17.3,30.6,12.4,22.1,102,0.4,0.0,39,951.3,105.0,1006,0,6.9,10.87,3.87,9.93,155.62,88.42
2026-06-04,23.0,17.2,28.3,6.4,12.6,189,0.7,0.0,47,949.3,15.0,928,0,14.42,22.72,6.16,11.03,146.96,85.38
2026-06-05,21.9,13.7,28.3,7.9,15.5,228,0.0,0.0,39,949.3,20.0,1136,0,17.32,56.46,5.53,8.73,141.88,76.71
2026-06-06,22.4,13.6,28.3,6.4,11.4,241,0.0,0.0,38,951.3,10.0,1057,0,12.75,29.07,5.16,8.65,155.29,76.79
2026-06-07,24.5,17.7,31.6,8.2,19.8,41,0.8,0.0,34,953.1,105.0,1404,0,9.35,17.17,2.78,5.62,138.96,82.67
2026-06-08,25.6,17.5,32.2,9.7,16.1,109,0.0,0.0,35,951.1,35.0,1382,0,11.58,20.31,2.72,5.14,133.46,80.46
2026-06-09,24.2,16.8,32.6,13.1,26.9,180,0.8,0.0,41,947.4,110.0,1082,0,10.36,15.39,4.23,7.17,143.79,80.54
2026-06-10,22.1,15.9,27.8,12.6,21.9,221,0.0,0.0,44,948.3,95.0,1492,0,15.54,37.32,3.63,6.05,129.46,78.58
2026-06-11,22.0,15.6,27.6,8.9,20.3,232,0.5,0.0,47,948.2,10.0,981,0,12.6,14.78,6.25,9.1,147.71,74.0
2026-06-12,20.3,14.8,25.5,8.9,18.6,206,2.5,0.0,55,946.0,10.0,847,0,12.16,13.08,7.26,8.7,139.88,71.58
2026-06-13,21.1,14.7,27.1,9.0,18.2,235,0.6,0.0,51,945.2,35.0,934,0,7.88,9.0,4.74,7.05,134.88,75.5
2026-06-14,20.8,15.4,27.9,9.1,23.0,172,1.9,0.0,59,944.6,55.0,668,0,9.93,17.27,5.94,10.32,136.0,68.71
2026-06-15,21.6,14.3,28.3,6.6,14.6,237,2.1,0.0,61,944.6,20.0,933,0,7.5,12.17,5.25,9.47,168.96,76.04
2026-06-16,25.1,16.0,31.4,7.8,13.6,353,0.0,0.0,43,948.1,15.0,1301,0,5.29,6.07,5.41,8.64,142.67,78.58
2026-06-17,26.1,19.7,31.7,9.3,16.8,55,2.4,0.0,42,951.2,90.0,1176,0,6.94,7.52,3.39,7.5,134.29,85.04
2026-06-18,26.7,20.2,32.0,13.0,16.3,73,0.0,0.0,34,951.9,150.0,1146,0,10.37,10.84,2.73,4.84,158.38,89.25
2026-06-19,26.2,20.1,31.5,14.3,17.7,56,0.0,0.0,27,952.6,185.0,1210,0,8.5,9.05,2.62,6.79,124.71,93.17
2026-06-20,25.4,18.5,31.1,12.3,15.1,46,0.0,0.0,25,953.2,165.0,1115,0,4.61,4.79,4.47,14.12,125.83,90.58
2026-06-21,26.2,18.6,31.9,12.1,16.4,43,0.0,0.0,25,953.3,120.0,1252,0,4.09,4.23,3.35,10.18,119.88,89.46
2026-06-22,26.5,19.0,32.2,9.0,12.6,62,0.0,0.0,26,951.7,100.0,1262,0,9.92,10.53,3.59,9.94,128.88,93.25
2026-06-23,27.9,19.4,35.5,11.1,31.8,120,0.0,0.0,28,946.2,110.0,1446,0,12.58,12.87,3.5,6.67,137.88,96.33
2026-06-24,23.1,19.6,25.8,8.5,15.0,268,0.0,0.0,50,944.8,40.0,911,0,7.45,10.82,4.22,7.77,143.42,79.67
2026-06-25,21.9,17.9,28.3,8.0,18.9,266,2.9,0.0,59,946.4,35.0,690,0,8.45,9.3,7.37,9.17,155.58,68.71
2026-06-26,23.9,15.8,30.3,4.8,14.6,128,0.0,0.0,46,948.3,35.0,1000,0,7.81,8.18,6.58,11.18,158.25,78.54
2026-06-27,25.6,19.4,32.1,12.2,21.0,131,2.4,0.0,39,945.6,80.0,643,0,6.73,8.28,4.05,5.85,134.75,74.29
2026-06-28,27.0,20.8,32.5,6.5,12.7,323,0.0,0.0,41,944.2,20.0,1130,0,7.55,12.75,3.35,6.63,133.25,81.58
2026-06-29,21.8,16.8,25.2,15.3,22.0,215,7.2,0.0,62,942.5,80.0,722,0,7.42,12.32,3.74,6.24,121.46,73.29
2026-06-30,21.2,14.8,26.4,7.1,11.0,178,0.2,0.0,57,945.1,30.0,970,0,6.92,7.3,6.26,9.33,154.96,69.92
2026-07-01,22.3,15.9,27.8,9.9,19.8,201,2.1,0.0,51,943.5,20.0,958,0,8.82,20.08,5.77,6.78,147.29,72.42
2026-07-02,23.5,17.3,31.1,16.1,30.8,169,0.1,0.0,47,942.1,75.0,1132,0,7.26,14.79,3.32,4.75,133.33,75.42
2026-07-03,20.5,16.1,25.0,17.9,30.3,207,1.6,0.0,54,944.1,65.0,1117,0,7.34,9.54,3.12,4.88,111.04,66.0
2026-07-04,22.5,16.3,28.0,11.4,17.5,216,0.1,0.0,50,944.6,100.0,1097,0,8.3,9.63,4.7,6.9,117.83,65.75
2026-07-05,18.9,16.3,22.7,8.3,13.8,230,11.5,0.0,80,945.6,30.0,466,0,10.95,14.34,5.66,9.51,151.33,65.0
2026-07-06,20.2,14.1,25.6,4.0,10.9,354,3.4,0.0,71,948.2,15.0,555,0,10.95,12.17,6.72,10.03,210.33,64.67
2026-07-07,21.3,16.0,26.6,9.1,16.6,36,4.9,0.0,68,949.2,100.0,671,0,6.89,8.03,4.0,6.13,139.71,69.04
2026-07-08,23.1,17.3,29.4,12.0,17.4,39,4.2,0.0,62,950.2,125.0,898,0,8.95,10.04,4.21,12.38,132.33,83.67
2026-07-09,23.8,18.4,28.4,15.0,19.6,46,0.0,0.0,41,954.0,250.0,1000,0,9.07,9.4,3.8,12.25,135.71,81.29
2026-07-10,24.4,17.0,30.9,13.2,17.2,56,0.0,0.0,31,955.7,130.0,864,0,7.86,8.12,3.55,10.55,122.58,87.12
2026-07-11,26.4,17.9,32.9,12.3,22.8,50,0.0,0.0,33,952.0,80.0,1154,0,5.66,6.49,3.13,6.05,135.29,81.62
2026-07-12,24.4,18.1,29.9,12.5,16.1,49,0.0,0.0,40,949.4,255.0,752,0,9.3,9.42,3.52,9.05,252.25,84.75
2026-07-13,25.6,16.3,33.1,5.7,10.7,90,0.0,0.0,30,947.2,25.0,971,0,14.45,14.56,4.83,8.68,187.21,85.75
2026-07-14,28.6,19.2,35.3,8.4,13.8,142,0.0,0.0,27,947.2,10.0,1131,0,9.81,10.55,6.6,8.94,156.38,88.42
2026-07-15,29.4,23.3,36.5,16.5,28.6,230,0.1,0.0,27,945.0,215.0,1359,0,7.71,8.12,3.17,5.9,128.33,92.58
2026-07-16,26.2,20.4,31.7,14.8,32.3,240,1.3,0.0,44,943.9,70.0,1014,0,13.03,29.72,4.16,5.82,137.83,78.71
2026-07-17,26.0,19.0,31.0,12.0,20.7,278,0.0,0.0,43,943.9,45.0,1246,0,4.03,4.44,4.15,5.27,132.33,79.88
2026-07-18,27.9,19.1,34.0,7.5,18.7,275,0.0,0.0,35,946.0,10.0,1300,0,6.17,7.03,6.21,7.06,141.71,79.33
2026-07-19,28.2,22.3,33.6,9.6,18.7,279,0.1,0.0,36,944.4,35.0,999,0,8.1,10.55,3.59,6.99,127.75,86.17
2026-07-20,26.5,22.3,30.2,12.4,16.4,306,0.0,0.0,35,940.1,145.0,1103,0,3.25,3.43,3.45,5.65,130.5,72.21
2026-07-21,21.2,17.3,26.2,8.3,17.1,230,5.4,0.0,59,936.8,45.0,780,0,9.38,10.43,6.47,8.25,156.25,66.71
2026-07-22,19.2,14.8,23.7,12.0,15.4,270,1.7,0.0,70,938.5,250.0,836,0,6.96,7.03,3.7,6.68,137.62,71.92
2026-07-23,18.0,14.7,21.0,10.5,16.7,344,4.9,0.0,82,942.1,170.0,561,0,14.67,14.98,3.31,4.52,186.62,68.46
2026-07-24,18.5,14.5,23.5,8.0,20.7,355,9.5,0.0,83,946.1,45.0,504,0,11.65,12.03,3.63,3.72,180.58,56.54
2026-07-25,20.9,15.6,25.9,9.3,14.0,8,0.4,0.0,63,950.3,125.0,777,0,8.66,9.2,3.18,3.1,165.58,66.83
2026-07-26,20.7,13.8,26.3,8.8,12.3,29,0.0,0.0,52,953.7,75.0,879,0,5.44,5.65,3.19,4.42,158.58,69.25
2026-07-27,23.1,16.3,28.5,12.5,19.7,10,0.0,0.0,48,953.9,95.0,1175,0,9.64,9.93,2.9,2.61,155.25,65.79
2026-07-28,23.6,17.8,28.0,8.9,12.8,4,0.8,0.0,53,952.3,80.0,857,0,9.73,10.62,3.34,3.9,190.54,68.79
2026-07-29,24.1,17.7,28.8,10.1,15.4,22,0.2,0.0,52,952.1,35.0,989,0,10.53,10.76,4.43,8.66,162.38,64.08
2026-07-30,25.6,17.8,31.3,8.5,13.5,29,0.0,0.0,45,953.1,35.0,1104,0,11.87,12.41,5.28,7.63,154.08,70.21
2026-07-31,27.3,19.1,32.9,7.3,11.9,70,0.0,0.0,39,951.7,50.0,1244,0,13.36,16.04,5.01,10.57,149.71,80.58
2026-08-01,28.0,21.2,35.5,9.3,18.8,153,1.0,0.0,38,947.0,60.0,1298,0,12.64,14.01,3.76,9.69,129.62,94.79
2026-08-02,27.0,20.1,33.2,12.3,22.0,185,0.3,0.0,37,941.9,95.0,1434,0,8.6,9.35,2.72,6.35,130.17,95.71
2026-08-03,24.6,17.9,29.9,9.7,14.7,263,0.1,0.0,38,942.1,45.0,1235,0,9.09,9.53,4.86,7.42,149.04,83.17
2026-08-04,24.7,17.7,30.2,7.3,12.6,120,0.1,0.0,40,942.8,55.0,1163,0,9.05,9.72,4.64,8.51,155.58,86.54
2026-08-05,21.1,17.4,26.3,8.5,19.6,318,6.6,0.0,63,945.7,15.0,679,0,7.4,7.73,5.33,6.5,164.54,67.38
2026-08-06,21.7,15.7,27.1,8.4,12.1,326,0.0,0.0,59,950.3,110.0,1052,0,9.69,9.82,5.39,7.84,187.0,72.46
2026-08-07,23.0,15.1,29.6,9.0,20.8,28,0.0,0.0,46,950.7,40.0,1191,0,13.38,13.6,7.02,9.25,147.33,74.5
2026-08-08,22.0,15.8,27.5,14.4,19.4,48,0.0,0.0,39,955.0,200.0,885,0,6.72,7.43,3.46,10.18,112.67,72.17
2026-08-09,24.5,15.2,31.9,8.0,13.6,70,0.0,0.0,28,953.8,70.0,764,0,3.96,4.01,4.35,8.73,123.54,71.92
2026-08-10,27.2,17.6,34.3,12.7,18.0,91,0.0,0.0,25,950.2,80.0,968,0,3.93,4.08,3.55,3.81,127.92,75.17
2026-08-11,29.4,21.7,35.6,10.1,15.7,105,0.0,0.0,25,945.9,85.0,1251,0,6.09,6.25,4.2,8.03,157.04,92.12
2026-08-12,22.8,16.9,27.4,13.3,19.8,7,0.0,0.0,44,949.1,50.0,784,0,4.18,4.35,2.92,4.4,148.88,72.92
2026-08-13,23.9,15.5,31.3,14.4,20.4,66,0.0,0.0,33,950.5,160.0,754,0,5.21,5.47,3.57,8.58,136.62,78.25
2026-08-14,28.1,19.9,36.0,12.5,19.2,76,0.0,0.0,26,943.5,155.0,1173,0,3.73,3.89,2.56,5.8,149.17,86.75
2026-08-15,25.3,18.7,31.1,13.1,20.8,356,0.0,0.0,34,945.6,85.0,1011,0,4.93,5.35,4.05,11.78,137.62,87.21
2026-08-16,23.6,17.7,32.1,13.5,29.6,35,2.0,0.0,45,943.5,110.0,820,0,13.05,15.69,4.33,7.74,148.29,87.08
2026-08-17,19.4,13.9,24.9,13.4,27.1,285,0.0,0.0,43,947.8,80.0,1316,0,5.33,5.94,3.42,5.94,127.29,77.46
2026-08-18,19.3,12.8,25.4,15.3,28.6,256,0.0,0.0,41,948.5,85.0,1136,0,6.74,7.11,4.79,6.3,140.5,72.25
2026-08-19,17.8,11.6,26.4,7.2,23.6,239,5.7,0.0,67,948.9,15.0,549,0,7.04,7.25,7.78,9.18,180.88,63.92
2026-08-20,15.7,12.1,19.9,12.1,19.7,317,1.0,0.0,75,948.5,40.0,624,0,8.48,8.66,4.23,5.89,132.25,65.17
2026-08-21,15.8,9.4,21.2,6.8,13.4,311,0.0,0.0,64,953.0,10.0,825,0,8.16,8.43,5.27,7.15,186.08,63.04
2026-08-22,17.5,9.8,24.1,4.0,10.1,170,0.0,0.0,53,951.4,15.0,774,0,11.59,11.84,10.47,15.72,221.25,69.25
2026-08-23,17.5,13.0,24.3,10.6,22.9,205,3.6,0.0,59,944.3,85.0,650,0,5.15,5.43,4.99,7.19,142.17,67.08
2026-08-24,15.0,9.8,20.6,7.7,17.7,316,2.3,0.0,77,944.8,65.0,573,0,7.38,7.65,4.8,8.58,142.58,69.75
2026-08-25,16.8,11.3,21.7,9.1,14.2,342,0.5,0.0,70,953.4,30.0,734,0,7.65,7.9,3.65,4.61,175.12,60.83
2026-08-26,18.2,11.0,24.4,5.0,8.9,291,0.0,0.0,62,956.5,25.0,761,0,11.45,12.08,8.46,10.25,219.71,58.88
2026-08-27,20.7,14.0,27.2,7.6,13.8,207,0.0,0.0,51,952.3,30.0,819,0,9.22,9.72,6.43,10.65,195.0,72.12
2026-08-28,22.7,15.6,29.0,10.1,18.3,206,0.0,0.0,41,946.3,40.0,1030,0,5.51,5.77,5.3,8.2,159.29,70.46
2026-08-29,16.5,11.4,19.7,14.9,21.2,7,0.2,0.0,68,947.6,100.0,681,0,5.0,5.55,4.57,12.0,153.04,62.62
2026-08-30,14.9,9.1,22.3,14.8,26.6,242,1.3,0.0,61,948.9,140.0,850,0,6.88,7.33,3.55,5.18,142.92,58.25
2026-08-31,9.7,6.0,13.6,11.5,16.1,13,0.0,0.0,55,951.6,50.0,977,0,6.14,7.09,3.22,4.15,143.33,50.88
2026-09-01,10.2,3.5,15.9,15.5,26.8,263,0.0,0.0,49,954.7,45.0,1223,0,5.69,6.5,4.23,5.88,143.75,57.58
2026-09-02,9.5,3.0,15.6,4.0,9.7,334,0.0,0.0,61,960.5,10.0,602,0,4.97,5.17,6.13,11.17,218.92,48.96
2026-09-03,12.3,4.2,19.2,6.4,12.3,65,0.0,0.0,43,958.8,45.0,643,0,5.24,5.31,9.05,14.7,180.08,50.38
2026-09-04,14.8,6.2,22.2,5.3,9.6,85,0.0,0.0,36,958.9,35.0,601,0,3.61,3.73,6.4,11.06,202.54,56.46
2026-09-05,17.7,8.9,25.9,4.4,9.2,104,0.0,0.0,35,960.5,35.0,871,0,5.38,5.46,6.65,11.72,210.25,67.04
2026-09-06,19.2,10.7,26.3,5.2,10.3,79,0.0,0.0,34,959.1,15.0,860,0,8.88,9.17,8.16,12.12,187.54,67.75
2026-09-07,20.2,11.3,27.2,10.6,16.3,83,0.0,0.0,34,957.7,30.0,1033,0,7.05,7.6,3.71,7.79,159.54,74.38
2026-09-08,20.0,12.9,26.5,13.8,18.2,88,0.0,0.0,37,956.7,115.0,666,0,2.69,3.0,2.7,3.65,142.83,75.71
2026-09-09,22.4,13.7,30.5,9.3,15.3,122,0.0,0.0,29,955.7,35.0,885,0,3.82,5.22,4.24,7.52,158.08,75.38
2026-09-10,23.8,16.8,30.3,11.7,18.0,111,0.0,0.0,26,956.5,65.0,1065,0,3.84,5.16,3.95,6.33,144.83,78.29
2026-09-11,24.4,17.3,31.1,14.5,17.3,133,0.0,0.0,27,953.0,165.0,1098,0,6.85,9.41,4.02,5.08,152.67,82.08
2026-09-12,19.6,15.7,23.4,15.3,25.6,224,0.2,0.0,39,953.3,205.0,1120,0,7.11,12.96,3.88,6.29,130.88,76.54
2026-09-13,18.2,12.4,23.8,17.5,29.5,223,0.0,0.0,44,954.4,260.0,1143,0,5.99,7.68,2.99,5.56,128.54,71.12
2026-09-14,15.2,9.5,19.9,15.9,22.0,255,0.0,0.0,52,953.0,255.0,1001,0,3.24,3.5,2.9,5.57,139.17,67.29
